xof 0303txt 0032


Frame virusFrame
{
    FrameTransformMatrix
    {
        1.000000,0.000000,0.000000,0.000000,
        0.000000,1.000000,0.000000,0.000000,
        0.000000,0.000000,1.000000,0.000000,
        0.000000,0.000000,0.000000,1.000000;;
    }

    Mesh virusMesh
    {
        1058;
        0.000000;0.000000;4.000000;,
        -1.082392;-2.613126;2.828427;,
        -2.449489;-1.414214;2.828427;,
        0.732051;-2.732050;2.828427;,
        2.243942;-1.721837;2.828427;,
        2.243942;1.721837;2.828427;,
        1.313105;2.252515;2.861629;,
        1.318210;2.340391;2.828427;,
        0.297004;1.661287;3.283360;,
        0.470692;1.756646;3.246705;,
        1.242015;-3.536872;0.400000;,
        1.320629;-3.673037;-0.000000;,
        1.035277;-3.863703;-0.000000;,
        2.520788;-1.884960;2.026381;,
        2.523200;-1.936118;1.978634;,
        1.526415;-3.239229;-0.628122;,
        0.732051;-2.732050;-2.828427;,
        1.242014;-3.536872;-0.400000;,
        2.523200;-1.936118;-1.978634;,
        2.243942;-1.721837;-2.828427;,
        2.494768;-2.007984;-1.866561;,
        0.000000;0.000000;-4.000000;,
        -2.449489;-1.414214;-2.828427;,
        -1.082392;-2.613126;-2.828427;,
        1.074991;2.031173;-2.999999;,
        0.470692;1.756646;-3.246705;,
        2.243942;1.721837;-2.828427;,
        0.297004;1.661287;-3.283360;,
        -0.649488;1.568001;-3.296999;,
        -1.570891;1.943718;-2.907688;,
        -1.414967;2.321465;-2.828427;,
        -2.449490;1.414213;-2.828427;,
        0.000000;0.000000;-0.800000;,
        -0.151753;2.928535;-2.181187;,
        0.097677;3.031693;-1.960341;,
        -0.101499;3.028011;-1.936496;,
        -0.131830;-3.545181;1.858579;,
        -0.213350;-3.075388;1.797315;,
        -0.215097;-3.453970;2.015892;,
        -0.129993;-3.147110;1.628750;,
        -0.099251;-3.372854;2.157313;,
        -0.097629;-3.021259;1.954317;,
        0.099861;-3.382948;2.141421;,
        0.101449;-3.038852;1.942755;,
        0.183127;-3.474159;1.984108;,
        0.184805;-3.110574;1.774190;,
        0.067282;-3.555275;1.842687;,
        0.069084;-3.164703;1.617188;,
        -0.183127;3.474159;-1.984108;,
        0.131830;3.545181;-1.858579;,
        -0.067282;3.555275;-1.842687;,
        0.099251;3.372855;-2.157313;,
        0.215097;3.453970;-2.015892;,
        -0.099861;3.382949;-2.141422;,
        -0.184896;3.090824;-1.762788;,
        0.213455;3.098188;-1.810479;,
        0.130058;3.161002;-1.636770;,
        -0.069118;3.157320;-1.612925;,
        -1.089897;0.629252;-0.912094;,
        -0.607712;0.350863;-0.597429;,
        1.035276;3.863703;-0.000000;,
        0.795035;2.967110;-2.240923;,
        0.398024;2.967590;-2.173503;,
        -1.340796;3.707966;-0.000000;,
        -0.734111;2.848436;-2.287859;,
        -1.449159;3.498578;-0.514627;,
        -1.253329;3.556470;-0.400000;,
        -1.449158;-3.498580;0.514626;,
        -1.253330;-3.556471;0.400000;,
        0.130058;3.161002;1.636770;,
        0.398025;2.967590;2.173504;,
        0.213455;3.098188;1.810478;,
        0.795034;2.967110;2.240924;,
        -0.067281;3.555274;1.842686;,
        0.131831;3.545180;1.858578;,
        -0.069118;3.157320;1.612925;,
        -0.183127;3.474158;1.984108;,
        -0.184896;3.090825;1.762787;,
        -0.101498;3.028011;1.936495;,
        -0.099861;3.382948;2.141421;,
        0.099251;3.372854;2.157313;,
        0.097677;3.031693;1.960341;,
        0.215097;3.453970;2.015891;,
        0.067281;-3.555274;-1.842686;,
        -0.215097;-3.453970;-2.015891;,
        -0.131831;-3.545180;-1.858578;,
        0.099861;-3.382948;-2.141421;,
        -0.099251;-3.372854;-2.157312;,
        0.183127;-3.474158;-1.984107;,
        -0.097629;-3.021259;-1.954317;,
        -0.213350;-3.075388;-1.797315;,
        0.101448;-3.038852;-1.942755;,
        0.069084;-3.164703;-1.617187;,
        -0.129994;-3.147110;-1.628750;,
        0.184401;-3.110696;-1.773814;,
        -1.340797;-3.707967;-0.000000;,
        -1.253331;-3.556471;-0.400000;,
        -0.151753;2.928535;2.181187;,
        -1.253329;3.556471;0.400000;,
        -2.461980;1.843377;-1.984797;,
        -2.614254;1.707135;-1.989977;,
        2.603035;-1.997378;1.735691;,
        2.705953;-2.157313;2.015891;,
        2.828427;-2.141421;1.858578;,
        2.494769;-2.007983;1.866562;,
        2.705953;-2.015892;2.157312;,
        2.523200;-1.936118;1.978634;,
        2.520788;-1.884960;2.026381;,
        2.828427;-1.858579;2.141421;,
        2.602496;-1.698821;1.981663;,
        2.950902;-1.842687;1.984107;,
        2.950902;-1.984108;1.842686;,
        2.616290;-1.991418;1.708574;,
        -2.950902;1.842687;-1.984107;,
        -2.828427;2.141421;-1.858578;,
        -2.950902;1.984108;-1.842686;,
        -2.705953;2.015892;-2.157312;,
        -2.705953;2.157313;-2.015891;,
        -2.828427;1.858578;-2.141420;,
        -2.427345;1.960307;-1.818885;,
        -2.544983;1.940996;-1.658152;,
        -0.829608;0.342706;-0.484127;,
        -1.011312;0.612611;-0.471189;,
        -0.766080;0.785402;-0.643686;,
        -0.940020;0.824968;-0.568138;,
        -0.979326;0.833909;-0.551066;,
        0.823332;-0.798425;0.618820;,
        0.766086;-0.785403;0.643683;,
        0.605832;-0.547928;0.655257;,
        0.583930;-0.515395;0.656817;,
        2.494769;-2.007983;1.866562;,
        2.828427;0.000000;2.828427;,
        2.602496;-1.698821;1.981663;,
        2.691101;-1.658980;1.800401;,
        4.000000;0.000001;-0.000000;,
        2.697999;-1.805279;1.663857;,
        2.616290;-1.991418;1.708574;,
        3.173414;-2.435045;-0.000000;,
        2.603035;-1.997378;1.735691;,
        -1.879794;1.085299;-1.226720;,
        -3.464102;1.999999;-0.000000;,
        -1.200000;0.692820;-0.400000;,
        -0.979673;0.565614;-0.473442;,
        -2.544983;1.940995;-1.658152;,
        -1.133992;2.713727;-2.548851;,
        -1.770997;3.067456;-0.800000;,
        -2.697256;1.804753;-1.663331;,
        -2.731892;1.687823;-1.829243;,
        0.866376;-0.808217;0.600124;,
        0.841917;-0.802653;0.610747;,
        -0.615917;0.294098;-0.576940;,
        0.621849;-0.571720;0.654117;,
        0.979325;-0.833909;0.551066;,
        2.473159;1.947030;2.026381;,
        2.523199;1.936119;1.978634;,
        0.607660;-0.351223;0.597560;,
        0.615917;-0.294097;0.576940;,
        2.314510;2.074131;1.981663;,
        2.543648;2.373430;1.984108;,
        2.527300;2.251015;2.141421;,
        2.647554;2.091999;2.157313;,
        2.473159;1.947030;2.026381;,
        2.784156;2.055396;2.015891;,
        -2.680250;-2.336827;-1.842686;,
        -2.784156;-2.055396;-2.015891;,
        -2.800505;-2.177810;-1.858578;,
        -2.527300;-2.251015;-2.141421;,
        -2.647554;-2.091998;-2.157312;,
        -2.543648;-2.373430;-1.984108;,
        2.680250;2.336827;1.842686;,
        2.800504;2.177810;1.858578;,
        0.791078;0.398617;0.519532;,
        -0.592591;-0.383776;-0.614491;,
        -0.989930;-0.672740;-0.499238;,
        0.592913;0.612824;0.680451;,
        0.592956;0.643060;0.689158;,
        0.829608;-0.342705;0.484127;,
        -0.878658;0.811010;-0.594789;,
        0.744920;-0.754531;0.645355;,
        0.672338;-0.646718;0.650522;,
        -0.675450;-0.389971;-0.574850;,
        -1.019944;-0.588865;-0.691359;,
        -3.464101;-2.000001;-0.000000;,
        2.314510;2.074131;1.981663;,
        2.298960;2.170028;1.800401;,
        3.140044;2.409916;0.100536;,
        2.600707;2.011725;1.708575;,
        2.442058;2.138826;1.663857;,
        2.603034;1.997378;1.735693;,
        0.602158;-0.403214;0.615319;,
        2.585257;1.890057;1.866562;,
        -2.266989;-2.034628;-1.945985;,
        -2.408799;-1.893530;-1.978061;,
        -2.540918;-1.853200;-1.833274;,
        -2.531227;-1.953968;-1.656410;,
        -2.389416;-2.095066;-1.624334;,
        -1.840580;-3.030195;-0.754452;,
        -2.257297;-2.135396;-1.769122;,
        3.173413;2.435046;-0.000000;,
        3.156803;2.422769;-0.049553;,
        3.150285;2.417299;-0.070381;,
        2.585257;1.890057;-1.866562;,
        2.828427;0.000000;-2.828427;,
        2.523199;1.936119;-1.978634;,
        -0.990295;-0.932024;-0.573905;,
        -2.543648;-2.373430;1.984108;,
        -2.647553;-2.091998;2.157312;,
        -2.527299;-2.251015;2.141421;,
        -2.800504;-2.177810;1.858578;,
        -2.784156;-2.055396;2.015891;,
        -2.680250;-2.336827;1.842686;,
        2.543648;2.373430;-1.984108;,
        2.800505;2.177810;-1.858578;,
        2.680251;2.336827;-1.842686;,
        2.647554;2.091999;-2.157313;,
        2.784157;2.055396;-2.015892;,
        2.527300;2.251015;-2.141421;,
        0.592956;0.643060;-0.689158;,
        -0.989930;-0.672740;0.499238;,
        0.990295;0.932024;-0.573905;,
        -0.592591;-0.383776;0.614491;,
        0.791078;0.398616;-0.519532;,
        0.928310;-0.822304;0.573224;,
        -0.592956;-0.643060;-0.689158;,
        0.592796;0.529717;0.656518;,
        -1.770997;-3.067456;-0.800000;,
        -1.449158;-3.498580;-0.514626;,
        -1.019944;-0.588865;0.691359;,
        0.000000;0.000000;0.800000;,
        -0.675450;-0.389971;0.574850;,
        3.169589;2.433497;-0.008701;,
        2.473160;1.947030;-2.026381;,
        1.318211;2.340391;-2.828427;,
        2.314511;2.074131;-1.981664;,
        -2.531226;-1.953968;1.656410;,
        -2.540918;-1.853200;1.833274;,
        -2.408799;-1.893530;1.978062;,
        -2.266989;-2.034628;1.945985;,
        -2.257297;-2.135396;1.769122;,
        -1.770997;-3.067456;0.800000;,
        -2.389416;-2.095067;1.624334;,
        -0.791808;-0.917184;0.668864;,
        -0.592955;-0.643060;0.689158;,
        0.791808;0.917183;-0.668864;,
        2.616290;-1.991418;-1.708574;,
        2.603035;-1.997378;-1.735690;,
        -2.950902;1.984108;1.842686;,
        -2.950902;1.842687;1.984107;,
        -0.829608;0.342705;0.484127;,
        -2.614254;1.707135;1.989977;,
        -2.828427;1.858579;2.141421;,
        -2.705953;2.015892;2.157312;,
        -2.461980;1.843377;1.984798;,
        -2.705953;2.157313;2.015891;,
        2.950902;-1.984108;-1.842686;,
        2.705953;-2.157313;-2.015891;,
        2.828427;-2.141422;-1.858578;,
        2.828427;-1.858579;-2.141421;,
        2.705953;-2.015892;-2.157312;,
        2.950902;-1.842687;-1.984107;,
        -2.828427;2.141421;1.858578;,
        -1.089898;0.629252;0.912095;,
        -0.765634;0.785301;0.643880;,
        0.583930;-0.515396;-0.656817;,
        -1.011312;0.612611;0.471190;,
        0.765635;-0.785301;-0.643880;,
        0.979326;-0.833909;-0.551066;,
        1.011312;-0.612612;-0.471190;,
        -0.596928;0.425472;0.624359;,
        -0.615917;0.294097;0.576940;,
        -1.879795;1.085300;1.226721;,
        -1.200000;0.692820;0.400000;,
        -1.089898;0.629252;0.912095;,
        -2.449490;1.414213;2.828427;,
        -0.607712;0.350862;0.597429;,
        0.592707;0.466617;0.638347;,
        -3.037085;-2.322314;0.100000;,
        -3.067486;-2.347823;-0.000000;,
        2.697999;-1.805279;-1.663857;,
        2.691102;-1.658980;-1.800401;,
        2.602496;-1.698821;-1.981663;,
        2.520788;-1.884961;-2.026381;,
        -2.614254;1.707135;1.989977;,
        -2.731891;1.687823;1.829244;,
        -1.414966;2.321466;2.828427;,
        -2.461980;1.843377;1.984798;,
        -2.697256;1.804753;1.663331;,
        -0.595467;0.435580;0.628008;,
        0.615917;-0.294098;-0.576940;,
        -2.786777;2.541828;-0.100000;,
        -2.814572;2.569622;-0.000000;,
        2.849352;-2.604403;-0.100000;,
        2.877630;-2.632681;-0.000000;,
        -0.990295;-0.932024;0.573905;,
        0.943398;-0.825737;0.566671;,
        -2.553568;2.798516;-0.000000;,
        -2.443711;2.846991;0.091753;,
        -2.525773;2.770721;0.100000;,
        -2.462058;2.878768;-0.000000;,
        2.950902;-2.705952;0.100000;,
        2.705953;-2.950901;0.100000;,
        2.828427;-2.828427;0.200000;,
        2.828427;-2.828427;-0.200000;,
        2.705953;-2.950901;-0.100000;,
        2.950902;-2.705952;-0.100000;,
        -2.950901;2.705952;-0.100000;,
        -2.828427;2.828426;0.200000;,
        -2.950901;2.705952;0.100000;,
        -2.705952;2.950900;-0.100000;,
        -2.705952;2.950900;0.100000;,
        -2.828427;2.828426;-0.200000;,
        1.558214;-1.313265;-0.100000;,
        1.558214;-1.313265;0.100000;,
        -1.558214;1.313264;-0.100000;,
        -1.558214;1.313265;0.100000;,
        1.892821;-1.892820;0.200000;,
        2.227427;-2.472376;-0.100000;,
        1.892821;-1.892820;-0.200000;,
        -1.892820;1.892820;0.200000;,
        2.674238;-2.674237;0.200000;,
        2.849352;-2.604403;0.100000;,
        -2.427345;1.960307;1.818885;,
        -2.628481;2.628481;-0.200000;,
        -2.382075;2.740233;-0.400000;,
        -2.525774;2.770722;-0.100000;,
        2.674238;-2.674237;-0.200000;,
        2.583958;-2.828907;-0.000000;,
        2.456843;-2.869735;-0.093500;,
        2.475219;-2.901564;-0.000000;,
        2.555680;-2.800628;-0.100000;,
        -2.544982;1.940996;1.658152;,
        -2.786777;2.541828;0.100000;,
        -2.628481;2.628480;0.200000;,
        -2.227427;2.472375;-0.098142;,
        -1.892820;1.892820;-0.200000;,
        -2.227427;2.472375;0.100000;,
        -2.803974;-2.578917;-0.000000;,
        -2.462058;-2.878768;-0.000000;,
        -2.773573;-2.553407;-0.100000;,
        3.172312;2.435782;-0.000000;,
        2.959710;2.483491;0.200000;,
        0.990295;0.932024;0.573905;,
        3.169589;2.433497;0.008700;,
        3.150283;2.417298;0.070384;,
        3.156803;2.422769;0.049552;,
        2.603034;1.997378;-1.735692;,
        3.140044;2.409917;-0.100535;,
        2.600707;2.011725;-1.708575;,
        2.442059;2.138826;-1.663857;,
        -2.952844;-2.703833;0.100000;,
        -3.175512;-2.438468;0.100000;,
        -3.064178;-2.571150;0.200000;,
        -3.064178;-2.571150;-0.200000;,
        -3.175512;-2.438468;-0.100000;,
        -2.952844;-2.703833;-0.100000;,
        2.952844;2.703833;-0.100000;,
        3.064178;2.571150;0.200000;,
        2.952844;2.703833;0.100000;,
        3.175512;2.438467;-0.100000;,
        3.175512;2.438467;0.100000;,
        3.064178;2.571150;-0.200000;,
        -1.298546;-0.863506;0.100000;,
        -1.298546;-0.863506;-0.100000;,
        2.959710;2.483491;-0.200000;,
        1.551754;1.302076;0.200000;,
        -1.804964;-1.740647;-0.100000;,
        -1.804964;-1.740647;0.100000;,
        3.140736;2.409286;-0.100000;,
        1.298545;0.863505;0.100000;,
        1.298545;0.863505;-0.100000;,
        1.804963;1.740647;0.100000;,
        1.804963;1.740647;-0.100000;,
        1.551754;1.302076;-0.200000;,
        1.445508;1.118052;-0.158040;,
        -0.791808;-0.917184;-0.668864;,
        0.989930;0.672740;-0.499238;,
        -2.874929;-2.412352;0.200000;,
        -2.773573;-2.553407;0.100000;,
        -2.382075;-2.740233;0.400000;,
        -2.874929;-2.412352;-0.200000;,
        -2.382075;-2.740234;-0.400000;,
        -3.037085;-2.322314;-0.100000;,
        2.840999;2.609984;0.100000;,
        2.475219;2.901564;-0.000000;,
        2.872296;2.636245;-0.000000;,
        0.791808;0.917184;0.668864;,
        -1.551755;-1.302077;-0.200000;,
        -1.551755;-1.302077;0.200000;,
        -0.829976;0.799937;-0.615934;,
        -0.791078;-0.398616;-0.519532;,
        1.242014;3.536872;-0.400000;,
        1.320629;3.673036;-0.000000;,
        -1.200001;-0.692821;0.400000;,
        -0.863612;-0.498607;0.512130;,
        2.841000;2.609984;-0.100000;,
        -0.791078;-0.398617;0.519532;,
        0.592591;0.383776;0.614491;,
        0.989930;0.672740;0.499238;,
        2.396605;2.765399;0.400000;,
        2.227427;-2.472376;0.100000;,
        0.592591;0.383776;-0.614491;,
        -2.600000;-3.117691;0.400000;,
        0.000000;0.000000;0.800000;,
        -2.000000;-3.464100;0.800000;,
        -0.800000;0.000000;0.400000;,
        -1.400000;-3.810510;-0.400000;,
        0.000000;-0.000000;-0.800000;,
        -2.000000;-3.464101;-0.800000;,
        0.000000;-1.385640;-0.400000;,
        -1.200001;-0.692821;-0.400000;,
        -0.863612;-0.498607;-0.512129;,
        -0.979325;0.833909;0.551066;,
        0.829608;-0.342706;-0.484127;,
        1.105579;2.737469;-2.287859;,
        2.298960;2.170029;-1.800402;,
        1.740695;3.014971;-0.800000;,
        2.396605;2.765399;-0.400000;,
        1.740695;3.014971;0.800000;,
        1.242015;3.536872;0.400000;,
        0.975965;2.845607;2.242216;,
        -0.800000;0.000000;-0.400000;,
        -2.600000;-3.117691;-0.400000;,
        0.800000;0.000000;-0.400000;,
        1.298545;0.863505;0.100000;,
        2.600000;3.117691;-0.400000;,
        -1.400000;-3.810510;0.400000;,
        0.800000;0.000000;0.162998;,
        0.800000;0.000000;0.158609;,
        0.800000;0.000000;0.400000;,
        2.600001;3.117691;0.400000;,
        2.000001;3.464101;0.800000;,
        0.000000;1.385641;0.400000;,
        1.400001;3.810511;0.400000;,
        0.000000;1.385641;-0.400000;,
        1.400001;3.810511;-0.400000;,
        -0.583930;0.515395;-0.656816;,
        2.000001;3.464101;-0.800000;,
        2.555680;-2.800629;0.100000;,
        2.396605;-2.765400;0.400000;,
        0.000112;-1.385446;0.400112;,
        -0.583930;0.515395;0.656817;,
        1.011312;-0.612611;0.471189;,
        2.396605;-2.765399;-0.400000;,
        2.000000;-3.464101;-0.800000;,
        1.400000;-3.810511;-0.400000;,
        -1.400000;3.810511;-0.400000;,
        -2.000000;3.464102;-0.800000;,
        -1.400000;3.810511;0.400000;,
        1.400000;-3.810511;0.400000;,
        2.000000;-3.464101;0.800000;,
        -0.800000;0.000000;-0.400000;,
        -1.200000;0.692820;-0.400000;,
        -0.799632;0.000638;0.400368;,
        -2.000000;3.464102;0.800000;,
        -0.700176;0.000000;-0.449912;,
        -0.500000;-0.519615;-0.400000;,
        -0.437610;-0.519615;-0.431195;,
        2.600000;-3.117691;0.400000;,
        0.800000;0.000000;-0.400000;,
        2.600000;-3.117691;-0.400000;,
        0.800000;0.000000;0.400000;,
        -1.126438;2.719460;2.550560;,
        -0.734111;2.848435;2.287859;,
        -1.449159;3.498578;0.514627;,
        -1.126438;2.719461;-2.550559;,
        -2.382075;2.740233;0.400000;,
        -1.133992;2.713727;2.548852;,
        -1.770997;3.067457;0.800000;,
        -0.979673;0.565614;0.473442;,
        1.740695;-3.014971;0.800000;,
        1.740695;-3.014971;-0.800000;,
        -2.600000;3.117692;-0.400000;,
        -2.600000;3.117692;0.400000;,
        -2.000000;3.464102;-0.500000;,
        -1.625000;3.680608;-0.250000;,
        -2.500000;4.330127;-0.500000;,
        -0.500000;0.000000;-0.250000;,
        -0.000000;0.000000;-0.500000;,
        -2.875000;4.113620;-0.250000;,
        2.875000;-4.113620;-0.250000;,
        0.500000;-0.000000;-0.250000;,
        2.500000;-4.330127;-0.500000;,
        -2.875000;4.113620;0.250000;,
        -0.500000;0.000000;0.250000;,
        0.000000;0.866025;-0.250000;,
        -2.125000;4.546632;0.250000;,
        -2.125000;4.546632;-0.250000;,
        -0.000000;0.866025;0.250000;,
        -2.500000;4.330126;0.500000;,
        -0.000000;-0.000000;0.500000;,
        -2.000000;3.464101;0.500000;,
        -1.625000;3.680607;0.250000;,
        -2.375000;3.247595;0.250000;,
        -2.375000;3.247595;-0.250000;,
        1.625000;-3.680607;-0.250000;,
        2.000000;-3.464101;-0.500000;,
        1.625000;-3.680608;0.250000;,
        2.000000;-3.464101;0.500000;,
        2.375000;-3.247595;0.250000;,
        2.375000;-3.247595;-0.250000;,
        -0.300000;-0.791943;-0.421385;,
        -0.300000;-0.866025;-0.400000;,
        0.000000;-1.385641;-0.400000;,
        2.125000;-4.546633;-0.250000;,
        -0.000000;-0.866025;0.250000;,
        2.125000;-4.546633;0.250000;,
        -0.000000;-0.866025;-0.250000;,
        0.500000;-0.000000;0.250000;,
        2.875000;-4.113620;0.250000;,
        2.500000;-4.330127;0.500000;,
        2.000001;3.464101;-0.500000;,
        2.375001;3.247595;-0.250000;,
        -2.500001;-4.330126;-0.500000;,
        -0.500000;0.000000;-0.250000;,
        -2.875001;-4.113620;-0.250000;,
        -2.500001;-4.330126;0.500000;,
        -2.875001;-4.113620;0.250000;,
        0.500000;0.000000;0.250000;,
        2.875000;4.113620;-0.250000;,
        0.500000;-0.000000;-0.250000;,
        2.875000;4.113620;0.250000;,
        -2.125001;-4.546632;-0.250000;,
        -2.125001;-4.546632;0.250000;,
        2.500000;4.330126;-0.500000;,
        2.125000;4.546633;-0.250000;,
        2.125001;4.546633;0.250000;,
        2.500001;4.330126;0.500000;,
        2.000001;3.464101;0.500000;,
        2.375000;3.247595;0.250000;,
        1.625000;3.680608;0.250000;,
        1.625001;3.680607;-0.250000;,
        -2.375000;-3.247595;-0.250000;,
        -2.000000;-3.464101;-0.500000;,
        -2.375001;-3.247594;0.250000;,
        -2.000000;-3.464100;0.500000;,
        -1.625000;-3.680607;0.250000;,
        -1.625001;-3.680607;-0.250000;,
        -2.500000;4.330127;-0.250000;,
        -2.312500;4.438379;-0.125000;,
        2.562500;-4.871393;-0.125000;,
        2.500000;-4.330126;-0.250000;,
        2.312500;-4.438380;-0.125000;,
        2.750000;-4.763139;-0.250000;,
        2.312500;-4.438380;-0.125000;,
        2.562500;-4.871393;0.125000;,
        2.562500;-4.871393;-0.125000;,
        2.312500;-4.438380;0.125000;,
        2.312500;-4.438380;0.125000;,
        2.750000;-4.763139;0.250000;,
        2.562500;-4.871393;0.125000;,
        2.500000;-4.330127;0.250000;,
        2.937500;-4.654886;0.125000;,
        2.687500;-4.221873;0.125000;,
        2.687500;-4.221873;0.125000;,
        2.937500;-4.654886;-0.125000;,
        2.937500;-4.654886;0.125000;,
        2.687500;-4.221873;-0.125000;,
        2.937500;-4.654886;-0.125000;,
        2.687500;-4.221873;-0.125000;,
        2.937500;-4.654886;0.125000;,
        2.562500;-4.871393;0.125000;,
        2.750000;-4.763139;0.250000;,
        2.750000;-4.763139;-0.250000;,
        2.562500;-4.871393;-0.125000;,
        2.937500;-4.654886;-0.125000;,
        -2.937500;4.654886;-0.125000;,
        -2.750000;4.763139;0.250000;,
        -2.937500;4.654886;0.125000;,
        -2.562500;4.871392;-0.125000;,
        -2.562500;4.871392;0.125000;,
        -2.750000;4.763139;-0.250000;,
        -2.750000;4.763139;-0.250000;,
        -2.312500;4.438380;-0.125000;,
        -2.562500;4.871392;-0.125000;,
        -2.500000;4.330127;-0.250000;,
        -2.937500;4.654886;-0.125000;,
        -2.687500;4.221873;-0.125000;,
        -2.937500;4.654886;0.125000;,
        -2.687500;4.221873;-0.125000;,
        -2.937500;4.654886;-0.125000;,
        -2.687500;4.221873;0.125000;,
        -2.687500;4.221873;0.125000;,
        -2.750000;4.763139;0.250000;,
        -2.500000;4.330126;0.250000;,
        -2.937500;4.654886;0.125000;,
        -2.562500;4.871392;0.125000;,
        -2.312500;4.438380;0.125000;,
        -2.312500;4.438380;-0.125000;,
        -2.562500;4.871392;0.125000;,
        -2.562500;4.871392;-0.125000;,
        -2.312500;4.438380;0.125000;,
        -2.500000;4.330127;-0.250000;,
        -0.250000;-0.000000;-0.125000;,
        0.000000;0.000000;-0.250000;,
        -2.687500;4.221873;-0.125000;,
        2.687500;-4.221873;-0.125000;,
        0.250000;0.000000;-0.125000;,
        2.500000;-4.330126;-0.250000;,
        -2.687500;4.221873;0.125000;,
        -0.250000;-0.000000;0.125000;,
        0.000000;0.433013;-0.125000;,
        -2.312500;4.438380;0.125000;,
        -2.312500;4.438380;-0.125000;,
        0.000000;0.433013;0.125000;,
        -2.500000;4.330126;0.250000;,
        0.000000;-0.000000;0.250000;,
        -2.500000;4.330126;0.250000;,
        -2.312500;4.438380;0.125000;,
        -2.687500;4.221873;0.125000;,
        -2.687500;4.221873;-0.125000;,
        2.312500;-4.438380;-0.125000;,
        2.500000;-4.330127;-0.250000;,
        2.312500;-4.438380;0.125000;,
        2.500000;-4.330127;0.250000;,
        2.687500;-4.221873;0.125000;,
        2.687500;-4.221874;-0.125000;,
        2.312500;-4.438380;-0.125000;,
        0.000000;-0.433013;0.125000;,
        0.000000;-0.433013;-0.125000;,
        0.250000;-0.000000;0.125000;,
        2.687500;-4.221873;0.125000;,
        2.500000;-4.330127;0.250000;,
        2.500001;4.330126;-0.250000;,
        2.687501;4.221873;-0.125000;,
        -2.937501;-4.654886;-0.125000;,
        -2.500000;-4.330126;-0.250000;,
        -2.687500;-4.221873;-0.125000;,
        -2.750001;-4.763139;-0.250000;,
        -2.687500;-4.221873;-0.125000;,
        -2.937501;-4.654886;0.125000;,
        -2.937501;-4.654886;-0.125000;,
        -2.687500;-4.221873;0.125000;,
        -2.687500;-4.221873;0.125000;,
        -2.750001;-4.763139;0.250000;,
        -2.937501;-4.654886;0.125000;,
        -2.500000;-4.330126;0.250000;,
        -2.562501;-4.871392;0.125000;,
        -2.312500;-4.438379;0.125000;,
        -2.312500;-4.438379;0.125000;,
        -2.562501;-4.871392;-0.125000;,
        -2.562501;-4.871392;0.125000;,
        -2.312500;-4.438379;-0.125000;,
        -2.562501;-4.871392;-0.125000;,
        -2.312500;-4.438379;-0.125000;,
        -2.562501;-4.871392;0.125000;,
        -2.937501;-4.654886;0.125000;,
        -2.750001;-4.763139;0.250000;,
        -2.750001;-4.763139;-0.250000;,
        -2.937501;-4.654886;-0.125000;,
        -2.562501;-4.871392;-0.125000;,
        2.562501;4.871392;-0.125000;,
        2.750001;4.763139;0.250000;,
        2.562501;4.871392;0.125000;,
        2.937501;4.654886;-0.125000;,
        2.937501;4.654886;0.125000;,
        2.750001;4.763139;-0.250000;,
        2.750001;4.763139;-0.250000;,
        2.687501;4.221873;-0.125000;,
        2.937501;4.654886;-0.125000;,
        2.500001;4.330126;-0.250000;,
        2.562501;4.871392;-0.125000;,
        2.312501;4.438380;-0.125000;,
        2.562501;4.871392;0.125000;,
        2.312501;4.438380;-0.125000;,
        2.562501;4.871392;-0.125000;,
        2.312501;4.438380;0.125000;,
        2.312501;4.438380;0.125000;,
        2.750001;4.763139;0.250000;,
        2.500001;4.330126;0.250000;,
        2.562501;4.871392;0.125000;,
        2.937501;4.654886;0.125000;,
        2.500001;4.330126;0.250000;,
        2.750001;4.763139;0.250000;,
        2.687501;4.221873;0.125000;,
        2.687501;4.221873;-0.125000;,
        2.937501;4.654886;0.125000;,
        2.937501;4.654886;-0.125000;,
        2.687501;4.221873;0.125000;,
        -2.500000;-4.330126;-0.250000;,
        -0.250000;-0.000000;-0.125000;,
        -2.687500;-4.221873;-0.125000;,
        -2.312500;-4.438379;-0.125000;,
        -0.250000;0.000000;0.125000;,
        -2.500000;-4.330126;0.250000;,
        -2.687500;-4.221873;0.125000;,
        0.250000;0.000000;0.125000;,
        2.687501;4.221873;-0.125000;,
        0.250000;0.000000;-0.125000;,
        2.687501;4.221873;0.125000;,
        2.500001;4.330126;0.250000;,
        2.500001;4.330126;-0.250000;,
        2.312501;4.438380;-0.125000;,
        -2.312500;-4.438379;0.125000;,
        2.312501;4.438380;0.125000;,
        2.500001;4.330126;0.250000;,
        2.687501;4.221873;0.125000;,
        2.312501;4.438379;0.125000;,
        2.312501;4.438380;-0.125000;,
        -2.687500;-4.221874;-0.125000;,
        -2.500000;-4.330127;-0.250000;,
        -2.687501;-4.221873;0.125000;,
        -2.500001;-4.330126;0.250000;,
        -2.312500;-4.438379;0.125000;,
        -2.312501;-4.438379;-0.125000;,
        -0.819261;1.534864;3.258932;,
        -0.649488;1.568001;3.297000;,
        0.000000;2.500000;4.007119;,
        -0.984535;2.685558;3.712141;,
        -0.237718;3.171293;3.712141;,
        -1.154625;2.091125;3.712141;,
        -0.648351;1.736206;3.712141;,
        0.237718;1.828706;3.712141;,
        0.984535;2.314441;3.712141;,
        1.154625;2.908874;3.712141;,
        0.648351;3.263794;3.712141;,
        -1.392342;2.762419;3.000000;,
        -0.336183;3.449352;3.000000;,
        -1.632886;1.921764;3.000000;,
        -0.916907;1.419832;3.000000;,
        1.632886;3.078235;3.000000;,
        1.392343;2.237581;3.000000;,
        0.916907;3.580168;3.000000;,
        -1.154625;2.091126;2.287859;,
        -0.916907;1.419832;3.000000;,
        -0.648351;1.736206;2.287859;,
        0.237718;1.828706;2.287859;,
        0.336184;1.550647;3.000000;,
        0.648351;3.263794;2.287859;,
        1.632886;3.078235;3.000000;,
        0.916907;3.580168;3.000000;,
        1.154625;2.908874;2.287859;,
        -0.237718;3.171293;2.287859;,
        -0.336183;3.449352;3.000000;,
        0.000000;2.500000;1.992881;,
        -0.984535;2.685558;2.287859;,
        0.984535;2.314441;2.287859;,
        1.392343;2.237581;3.000000;,
        0.336184;1.550647;3.000000;,
        -1.632886;1.921764;3.000000;,
        -1.392342;2.762419;3.000000;,
        1.074990;2.031173;3.000000;,
        1.105579;2.737470;2.287859;,
        -1.434470;1.782666;3.000000;,
        -1.570891;1.943718;2.907688;,
        -0.000000;2.500000;-1.992880;,
        -1.154625;2.091125;-2.287859;,
        -0.984535;2.685558;-2.287859;,
        -0.648351;1.736206;-2.287859;,
        0.237718;1.828706;-2.287859;,
        0.984535;2.314441;-2.287859;,
        -0.916907;1.419832;-3.000000;,
        0.336184;1.550647;-3.000000;,
        0.916907;3.580168;-3.000000;,
        1.154625;2.908874;-2.287859;,
        0.648351;3.263794;-2.287859;,
        1.632886;3.078235;-3.000000;,
        -0.336184;3.449352;-3.000000;,
        -0.237718;3.171293;-2.287859;,
        -0.984535;2.685558;-3.712140;,
        -0.336184;3.449352;-3.000000;,
        -1.392343;2.762419;-3.000000;,
        -0.237718;3.171293;-3.712140;,
        -1.154625;2.091125;-3.712140;,
        -1.632886;1.921764;-3.000000;,
        -0.916907;1.419832;-3.000000;,
        -0.648351;1.736206;-3.712140;,
        0.984535;2.314441;-3.712140;,
        0.336184;1.550647;-3.000000;,
        1.392342;2.237581;-3.000000;,
        1.154625;2.908874;-3.712140;,
        1.632886;3.078235;-3.000000;,
        0.648351;3.263794;-3.712140;,
        0.916907;3.580168;-3.000000;,
        -0.000000;2.500000;-4.007119;,
        0.237718;1.828706;-3.712140;,
        1.392342;2.237581;-3.000000;,
        -1.632886;1.921764;-3.000000;,
        -1.392343;2.762419;-3.000000;,
        1.313105;2.252515;-2.861629;,
        -1.434471;1.782666;-3.000000;,
        -0.819261;1.534865;-3.258932;,
        0.975965;2.845607;-2.242215;,
        1.913459;-0.193353;-3.180232;,
        1.913459;0.000000;-3.207419;,
        1.513460;-0.193353;-3.345917;,
        1.513459;0.000000;-3.373105;,
        1.913459;0.206647;3.178363;,
        1.913460;0.000000;3.207418;,
        1.513460;0.206647;3.344049;,
        1.513459;0.000000;3.373104;,
        1.913459;0.206647;-3.178363;,
        1.513459;0.206647;-3.344048;,
        1.513459;-0.193353;3.345917;,
        1.913460;-0.193353;3.180232;,
        3.046633;0.017571;-6.307045;,
        4.785672;1.121406;-5.669746;,
        3.046633;1.121406;-5.669746;,
        4.785672;0.017572;-6.307045;,
        3.046633;1.121406;-5.669746;,
        4.785672;1.121406;-4.395147;,
        3.046633;1.121406;-4.395148;,
        4.785672;1.121406;-5.669746;,
        3.046633;1.121406;-4.395148;,
        4.785672;0.017571;-3.757849;,
        3.046633;0.017571;-3.757849;,
        4.785672;1.121406;-4.395147;,
        3.046633;0.017571;-3.757849;,
        4.785672;-1.086263;-4.395148;,
        3.046633;-1.086263;-4.395148;,
        4.785672;0.017571;-3.757849;,
        3.046633;-1.086263;-4.395148;,
        4.785672;-1.086263;-5.669746;,
        3.046633;-1.086263;-5.669746;,
        4.785672;-1.086263;-4.395148;,
        3.046633;-1.086263;-5.669746;,
        4.785672;0.017572;-6.307045;,
        3.046633;0.017571;-6.307045;,
        4.785672;-1.086263;-5.669746;,
        4.785672;1.121406;-5.669746;,
        4.785672;0.017571;-3.757849;,
        4.785672;1.121406;-4.395147;,
        4.785672;-1.086263;-5.669746;,
        4.785672;-1.086263;-4.395148;,
        4.785672;0.017572;-6.307045;,
        -2.128663;0.737504;-5.398464;,
        3.046633;0.049906;-5.795449;,
        3.046633;0.737504;-5.398464;,
        -2.128663;0.049906;-5.795449;,
        -2.128663;-0.637693;-5.398464;,
        3.046633;-0.637693;-4.604493;,
        3.046633;-0.637693;-5.398464;,
        -2.128663;-0.637693;-4.604494;,
        -2.128663;0.737504;-5.398464;,
        3.046633;0.737504;-4.604493;,
        -2.128663;0.737504;-4.604494;,
        3.046633;0.737504;-5.398464;,
        -2.128663;-0.637693;-5.398464;,
        3.046633;0.049906;-5.795449;,
        -2.128663;0.049906;-5.795449;,
        3.046633;-0.637693;-5.398464;,
        3.046633;0.049906;-5.795449;,
        3.046633;1.121406;-5.669746;,
        3.046633;0.737504;-5.398464;,
        3.046633;0.017571;-6.307045;,
        3.046633;0.737504;-5.398464;,
        3.046633;1.121406;-4.395148;,
        3.046633;0.737504;-4.604493;,
        3.046633;1.121406;-5.669746;,
        3.046633;0.737504;-4.604493;,
        3.046633;0.017571;-3.757849;,
        3.046633;0.049906;-4.207508;,
        3.046633;1.121406;-4.395148;,
        3.046633;-1.086263;-4.395148;,
        3.046633;-0.637693;-4.604493;,
        3.046633;-1.086263;-5.669746;,
        3.046633;-0.637693;-5.398464;,
        -0.636491;-0.433599;-5.279363;,
        -0.636491;0.049190;-4.443147;,
        -0.636491;-0.433599;-4.721885;,
        -0.636491;0.531980;-5.279363;,
        -0.636491;0.531980;-4.721886;,
        -0.636491;0.049190;-5.558102;,
        -0.636491;0.049190;-5.558102;,
        -2.128664;-0.433599;-5.279363;,
        -2.128664;0.049190;-5.558102;,
        -0.636491;-0.433599;-5.279363;,
        -0.636491;0.531980;-5.279363;,
        -2.128664;0.531980;-5.279363;,
        -0.636491;0.531980;-4.721886;,
        -2.128664;0.531980;-4.721886;,
        -0.636491;0.049190;-4.443147;,
        -2.128664;0.049190;-4.443147;,
        -0.636491;-0.433599;-4.721885;,
        -2.128664;-0.433600;-4.721885;,
        -2.128664;0.049190;-4.443147;,
        -0.636491;-0.433599;-4.721885;,
        -0.636491;0.049190;-4.443147;,
        -0.636491;-0.433599;-5.279363;,
        -2.128664;-0.433600;-4.721885;,
        -2.128664;-0.433599;-5.279363;,
        -2.128664;0.531980;-5.279363;,
        -2.128663;0.049906;-5.795449;,
        -2.128663;0.737504;-5.398464;,
        -2.128664;0.049190;-5.558102;,
        -2.128663;0.737504;-4.604494;,
        -2.128664;0.531980;-4.721886;,
        -2.128664;0.531980;-4.721886;,
        -2.128663;0.049905;-4.207509;,
        -2.128664;0.049190;-4.443147;,
        -2.128663;0.737504;-4.604494;,
        -2.128664;0.049190;-4.443147;,
        -2.128663;-0.637693;-4.604494;,
        -2.128664;-0.433600;-4.721885;,
        -2.128663;0.049905;-4.207509;,
        -2.128663;-0.637693;-5.398464;,
        -2.128664;-0.433599;-5.279363;,
        1.913459;-0.193353;-4.347953;,
        3.046633;0.049906;-4.207508;,
        3.046633;-0.637693;-4.604493;,
        1.913459;0.049906;-4.207508;,
        1.513459;0.206647;-4.298002;,
        -2.128663;0.049905;-4.207509;,
        -2.128663;0.737504;-4.604494;,
        1.513459;0.049906;-4.207508;,
        1.913460;-0.193353;4.361948;,
        1.513460;-0.193353;3.345917;,
        1.513460;-0.193353;4.361948;,
        1.913460;-0.193353;3.180232;,
        1.913460;0.049906;4.221502;,
        1.913460;0.175673;3.182718;,
        1.913460;0.049906;3.200402;,
        1.513460;0.206647;3.344048;,
        1.913459;0.206647;4.311996;,
        1.513460;0.194774;4.305141;,
        1.913459;0.206647;3.178363;,
        1.513460;0.178485;3.348008;,
        1.513460;-0.193353;-4.347953;,
        -2.128663;-0.637693;-4.604494;,
        -2.128663;0.049905;-4.207509;,
        1.513459;0.049906;-4.207508;,
        1.913459;0.206647;-4.298002;,
        3.046633;0.737504;-4.604493;,
        3.046633;0.049906;-4.207508;,
        1.913459;0.049906;-4.207508;,
        1.513460;0.049906;4.221502;,
        1.513460;0.000000;3.373105;,
        1.513460;0.049906;3.366087;,
        3.046633;0.017571;3.747964;,
        4.785671;1.121406;4.385262;,
        3.046633;1.121406;4.385263;,
        4.785671;0.017572;3.747964;,
        3.046633;1.121406;4.385263;,
        4.785671;1.121406;5.659861;,
        3.046633;1.121406;5.659861;,
        4.785671;1.121406;4.385262;,
        3.046633;1.121406;5.659861;,
        4.785671;0.017571;6.297160;,
        3.046633;0.017571;6.297159;,
        4.785671;1.121406;5.659861;,
        3.046633;0.017571;6.297159;,
        4.785671;-1.086263;5.659861;,
        3.046633;-1.086263;5.659861;,
        4.785671;0.017571;6.297160;,
        3.046633;-1.086263;5.659861;,
        4.785671;-1.086263;4.385263;,
        3.046633;-1.086263;4.385262;,
        4.785671;-1.086263;5.659861;,
        3.046633;-1.086263;4.385262;,
        4.785671;0.017572;3.747964;,
        3.046633;0.017571;3.747964;,
        4.785671;-1.086263;4.385263;,
        4.785671;1.121406;4.385262;,
        4.785671;0.017571;6.297160;,
        4.785671;1.121406;5.659861;,
        4.785671;-1.086263;4.385263;,
        4.785671;-1.086263;5.659861;,
        4.785671;0.017572;3.747964;,
        -2.128663;0.049905;5.809442;,
        3.046633;0.737504;5.412458;,
        3.046633;0.049906;5.809443;,
        -2.128663;0.737504;5.412457;,
        -2.128663;-0.637693;4.618486;,
        3.046633;-0.637693;5.412458;,
        3.046633;-0.637693;4.618487;,
        -2.128663;-0.637693;5.412457;,
        -2.128663;0.737504;4.618487;,
        3.046633;0.737504;5.412458;,
        -2.128663;0.737504;5.412457;,
        3.046633;0.737504;4.618486;,
        -2.128663;0.049905;5.809442;,
        3.046633;-0.637693;5.412458;,
        -2.128663;-0.637693;5.412457;,
        3.046633;0.049906;5.809443;,
        3.046633;0.049906;4.221502;,
        3.046633;1.121406;4.385263;,
        3.046633;0.737504;4.618486;,
        3.046633;0.017571;3.747964;,
        3.046633;0.737504;4.618486;,
        3.046633;1.121406;5.659861;,
        3.046633;0.737504;5.412458;,
        3.046633;1.121406;4.385263;,
        3.046633;0.737504;5.412458;,
        3.046633;0.017571;6.297159;,
        3.046633;0.049906;5.809443;,
        3.046633;1.121406;5.659861;,
        3.046633;-1.086263;5.659861;,
        3.046633;-0.637693;5.412458;,
        3.046633;-1.086263;4.385262;,
        3.046633;-0.637693;4.618487;,
        -0.724707;-0.406942;4.753084;,
        -0.724707;0.049190;5.543128;,
        -0.724707;-0.406942;5.279780;,
        -0.724707;0.505323;4.753084;,
        -0.724707;0.505323;5.279780;,
        -0.724707;0.049190;4.489735;,
        -0.724707;0.049190;4.489735;,
        -2.128663;-0.406942;4.753084;,
        -2.128663;0.049190;4.489736;,
        -0.724707;-0.406942;4.753084;,
        -0.724707;0.505323;4.753084;,
        -2.128663;0.505323;4.753084;,
        -0.724707;0.505323;5.279780;,
        -2.128663;0.505323;5.279780;,
        -0.724707;0.049190;5.543128;,
        -2.128663;0.049190;5.543128;,
        -0.724707;-0.406942;5.279780;,
        -2.128663;0.049190;5.543128;,
        -2.128663;-0.406942;5.279780;,
        -0.724707;-0.406942;5.279780;,
        -2.128663;-0.406942;5.279780;,
        -2.128663;0.505323;4.753084;,
        -2.128663;0.049905;4.221502;,
        -2.128663;0.737504;4.618487;,
        -2.128663;0.049190;4.489736;,
        -2.128663;0.737504;5.412457;,
        -2.128663;0.505323;5.279780;,
        -2.128663;0.505323;5.279780;,
        -2.128663;0.049905;5.809442;,
        -2.128663;0.049190;5.543128;,
        -2.128663;0.737504;5.412457;,
        -2.128663;0.049190;5.543128;,
        -2.128663;-0.637693;5.412457;,
        -2.128663;-0.406942;5.279780;,
        -2.128663;0.049905;5.809442;,
        -2.128663;-0.637693;4.618486;,
        -2.128663;-0.406942;4.753084;,
        1.513460;-0.193353;4.361948;,
        -2.128663;0.049905;4.221502;,
        -2.128663;-0.637693;4.618486;,
        1.513460;0.049906;4.221502;,
        3.046633;0.737504;4.618486;,
        1.913460;0.049906;4.221502;,
        3.046633;0.049906;4.221502;,
        1.913459;0.206647;4.311996;,
        1.913460;0.000000;3.207419;,
        3.046633;-0.637693;4.618487;,
        1.913460;-0.193353;4.361948;,
        3.046633;0.049906;4.221502;,
        1.913460;0.049906;4.221502;,
        1.513460;0.194774;4.305141;,
        -2.128663;0.049905;4.221502;,
        1.513460;0.049906;4.221502;,
        -2.128663;0.737504;4.618487;,
        1.513460;-0.193353;-3.345917;,
        1.913459;-0.193353;-4.347953;,
        1.513460;-0.193353;-4.347953;,
        1.513459;0.049906;-4.207508;,
        1.513459;0.044372;-3.366866;,
        1.513459;0.049906;-3.366087;,
        1.913459;0.049906;-4.207508;,
        1.913459;0.043134;-3.201354;,
        1.913459;0.049906;-3.200402;,
        1.913459;0.206647;-3.178364;,
        1.913459;0.206647;-4.298002;,
        1.913459;0.067086;-3.197986;,
        1.513459;0.206647;-3.344048;,
        1.513459;0.206647;-4.298002;,
        1.513459;0.064259;-3.364069;;
        1246;
        3;0,2,1;,
        3;0,1,3;,
        3;0,3,4;,
        3;5,7,6;,
        3;0,9,8;,
        3;10,12,11;,
        3;13,4,14;,
        3;15,17,16;,
        3;16,19,18;,
        3;15,16,18;,
        3;20,15,18;,
        3;21,23,22;,
        3;21,16,23;,
        3;21,19,16;,
        3;21,25,24;,
        3;24,26,21;,
        3;27,21,28;,
        3;29,31,30;,
        3;21,32,31;,
        3;21,22,32;,
        3;33,35,34;,
        3;36,38,37;,
        3;37,39,36;,
        3;37,38,40;,
        3;40,41,37;,
        3;41,40,42;,
        3;42,43,41;,
        3;43,42,44;,
        3;44,45,43;,
        3;45,44,46;,
        3;46,47,45;,
        3;39,47,46;,
        3;46,36,39;,
        3;44,42,40;,
        3;40,38,36;,
        3;44,40,36;,
        3;46,44,36;,
        3;48,50,49;,
        3;49,52,51;,
        3;48,49,51;,
        3;53,48,51;,
        3;53,51,34;,
        3;34,35,53;,
        3;48,53,35;,
        3;35,54,48;,
        3;55,52,49;,
        3;49,56,55;,
        3;34,51,52;,
        3;52,55,34;,
        3;50,48,54;,
        3;54,57,50;,
        3;56,49,50;,
        3;50,57,56;,
        3;58,31,32;,
        3;32,59,58;,
        3;56,57,60;,
        3;56,60,61;,
        3;56,61,62;,
        3;55,56,62;,
        3;54,63,60;,
        3;57,54,60;,
        3;54,35,64;,
        3;54,64,65;,
        3;54,65,66;,
        3;39,37,1;,
        3;39,1,67;,
        3;68,39,67;,
        3;37,41,1;,
        3;41,43,3;,
        3;3,1,41;,
        3;43,45,3;,
        3;45,47,12;,
        3;45,12,3;,
        3;69,71,70;,
        3;60,69,70;,
        3;72,60,70;,
        3;73,74,69;,
        3;69,75,73;,
        3;75,77,76;,
        3;76,73,75;,
        3;78,79,76;,
        3;76,77,78;,
        3;78,81,80;,
        3;80,79,78;,
        3;82,80,81;,
        3;81,71,82;,
        3;69,74,82;,
        3;82,71,69;,
        3;83,85,84;,
        3;84,87,86;,
        3;83,84,86;,
        3;88,83,86;,
        3;73,76,79;,
        3;79,80,82;,
        3;73,79,82;,
        3;74,73,82;,
        3;89,87,84;,
        3;84,90,89;,
        3;91,86,87;,
        3;87,89,91;,
        3;85,83,92;,
        3;92,93,85;,
        3;91,94,88;,
        3;88,86,91;,
        3;83,88,94;,
        3;94,92,83;,
        3;90,84,85;,
        3;85,93,90;,
        3;62,33,34;,
        3;34,55,62;,
        3;39,95,12;,
        3;47,39,12;,
        3;94,91,16;,
        3;16,91,89;,
        3;89,23,16;,
        3;89,90,23;,
        3;93,92,12;,
        3;93,12,95;,
        3;93,95,96;,
        3;92,94,12;,
        3;97,78,77;,
        3;81,78,97;,
        3;75,69,60;,
        3;75,60,63;,
        3;75,63,98;,
        3;94,16,12;,
        3;31,100,99;,
        3;30,31,99;,
        3;101,103,102;,
        3;102,104,101;,
        3;105,107,106;,
        3;108,109,107;,
        3;107,105,108;,
        3;109,108,110;,
        3;103,112,111;,
        3;110,108,105;,
        3;105,102,103;,
        3;110,105,103;,
        3;111,110,103;,
        3;113,115,114;,
        3;114,117,116;,
        3;113,114,116;,
        3;118,113,116;,
        3;119,117,114;,
        3;114,120,119;,
        3;116,117,119;,
        3;120,114,115;,
        3;121,122,115;,
        3;113,121,115;,
        3;116,119,123;,
        3;120,125,124;,
        3;126,101,104;,
        3;104,127,126;,
        3;118,121,113;,
        3;122,120,115;,
        3;128,106,107;,
        3;107,129,128;,
        3;130,14,4;,
        3;4,3,130;,
        3;13,132,131;,
        3;131,4,13;,
        3;133,134,131;,
        3;131,132,133;,
        3;133,135,134;,
        3;136,137,134;,
        3;134,135,136;,
        3;136,138,137;,
        3;58,139,31;,
        3;139,140,31;,
        3;139,142,141;,
        3;143,145,144;,
        3;119,143,144;,
        3;146,147,140;,
        3;147,31,140;,
        3;147,100,31;,
        3;101,112,103;,
        3;105,106,104;,
        3;104,102,105;,
        3;148,101,149;,
        3;150,121,118;,
        3;151,106,128;,
        3;111,112,152;,
        3;5,154,153;,
        3;109,156,155;,
        3;157,159,158;,
        3;157,161,160;,
        3;160,159,157;,
        3;160,161,162;,
        3;163,165,164;,
        3;164,167,166;,
        3;163,164,166;,
        3;168,163,166;,
        3;169,158,159;,
        3;159,160,162;,
        3;169,159,162;,
        3;170,169,162;,
        3;170,162,171;,
        3;167,164,172;,
        3;164,165,173;,
        3;174,157,175;,
        3;30,99,119;,
        3;119,144,30;,
        3;110,111,176;,
        3;177,120,124;,
        3;178,104,106;,
        3;106,179,178;,
        3;180,32,22;,
        3;181,180,22;,
        3;181,22,182;,
        3;153,183,5;,
        3;184,7,5;,
        3;183,184,5;,
        3;185,187,186;,
        3;186,188,185;,
        3;189,109,155;,
        3;190,154,5;,
        3;5,131,134;,
        3;190,5,134;,
        3;191,192,22;,
        3;22,23,191;,
        3;192,193,22;,
        3;193,182,22;,
        3;193,194,182;,
        3;195,197,196;,
        3;198,200,199;,
        3;201,202,26;,
        3;26,203,201;,
        3;165,163,204;,
        3;205,207,206;,
        3;206,209,208;,
        3;205,206,208;,
        3;210,205,208;,
        3;211,213,212;,
        3;212,215,214;,
        3;211,212,214;,
        3;216,211,214;,
        3;217,211,216;,
        3;218,210,208;,
        3;212,213,219;,
        3;218,208,209;,
        3;209,206,220;,
        3;214,215,221;,
        3;222,101,148;,
        3;223,166,167;,
        3;167,172,223;,
        3;161,157,174;,
        3;174,224,161;,
        3;23,226,225;,
        3;227,182,2;,
        3;227,2,0;,
        3;227,0,228;,
        3;227,228,229;,
        3;230,198,199;,
        3;231,26,232;,
        3;233,231,232;,
        3;231,203,26;,
        3;234,235,182;,
        3;235,236,2;,
        3;235,2,182;,
        3;236,237,1;,
        3;1,2,236;,
        3;238,239,1;,
        3;237,238,1;,
        3;239,238,240;,
        3;207,205,241;,
        3;241,242,207;,
        3;243,211,217;,
        3;244,137,245;,
        3;246,248,247;,
        3;249,250,247;,
        3;247,248,249;,
        3;249,252,251;,
        3;251,250,249;,
        3;253,251,252;,
        3;254,256,255;,
        3;255,258,257;,
        3;254,255,257;,
        3;259,254,257;,
        3;246,247,250;,
        3;250,251,253;,
        3;246,250,253;,
        3;260,246,253;,
        3;248,261,249;,
        3;262,260,253;,
        3;257,258,263;,
        3;248,246,264;,
        3;258,255,265;,
        3;266,256,254;,
        3;254,267,266;,
        3;261,269,268;,
        3;249,261,268;,
        3;252,249,268;,
        3;270,140,271;,
        3;272,0,273;,
        3;273,270,272;,
        3;270,273,140;,
        3;274,0,272;,
        3;215,212,221;,
        3;275,161,224;,
        3;276,182,277;,
        3;244,278,137;,
        3;278,279,134;,
        3;134,137,278;,
        3;280,202,134;,
        3;134,279,280;,
        3;280,281,19;,
        3;19,202,280;,
        3;281,18,19;,
        3;282,283,273;,
        3;282,273,284;,
        3;285,282,284;,
        3;283,286,140;,
        3;283,140,273;,
        3;255,256,266;,
        3;287,252,268;,
        3;288,259,257;,
        3;140,290,289;,
        3;291,137,292;,
        3;205,210,293;,
        3;294,101,222;,
        3;295,297,296;,
        3;296,298,295;,
        3;299,301,300;,
        3;300,303,302;,
        3;299,300,302;,
        3;304,299,302;,
        3;305,307,306;,
        3;306,309,308;,
        3;305,306,308;,
        3;310,305,308;,
        3;299,304,311;,
        3;312,299,311;,
        3;313,314,307;,
        3;313,307,305;,
        3;315,301,299;,
        3;299,312,315;,
        3;316,317,302;,
        3;302,303,316;,
        3;307,314,318;,
        3;318,306,307;,
        3;3,12,10;,
        3;319,320,137;,
        3;319,137,138;,
        3;319,138,130;,
        3;320,292,137;,
        3;321,285,284;,
        3;289,322,143;,
        3;289,143,146;,
        3;289,146,140;,
        3;323,143,322;,
        3;324,323,322;,
        3;298,323,324;,
        3;324,295,298;,
        3;325,245,137;,
        3;137,291,325;,
        3;326,328,327;,
        3;327,329,326;,
        3;140,286,330;,
        3;331,140,330;,
        3;332,331,330;,
        3;331,290,140;,
        3;310,308,333;,
        3;333,334,310;,
        3;335,333,308;,
        3;308,309,335;,
        3;336,338,337;,
        3;339,198,230;,
        3;187,185,340;,
        3;158,169,341;,
        3;342,198,339;,
        3;198,344,343;,
        3;343,134,198;,
        3;345,347,346;,
        3;134,202,201;,
        3;200,134,201;,
        3;200,201,345;,
        3;200,345,346;,
        3;344,198,342;,
        3;347,348,346;,
        3;349,351,350;,
        3;350,353,352;,
        3;349,350,352;,
        3;354,349,352;,
        3;355,357,356;,
        3;356,359,358;,
        3;355,356,358;,
        3;360,355,358;,
        3;353,350,361;,
        3;362,353,361;,
        3;355,360,363;,
        3;364,359,356;,
        3;365,366,354;,
        3;349,366,351;,
        3;367,359,368;,
        3;369,367,368;,
        3;355,371,370;,
        3;370,357,355;,
        3;372,355,363;,
        3;360,358,367;,
        3;367,369,373;,
        3;360,367,373;,
        3;363,360,373;,
        3;374,163,168;,
        3;375,212,219;,
        3;363,346,348;,
        3;276,376,234;,
        3;234,182,276;,
        3;377,378,234;,
        3;376,377,234;,
        3;337,378,377;,
        3;377,336,337;,
        3;335,309,306;,
        3;306,318,335;,
        3;379,195,196;,
        3;196,380,379;,
        3;379,381,182;,
        3;182,194,195;,
        3;379,182,195;,
        3;381,277,182;,
        3;382,384,383;,
        3;385,158,341;,
        3;343,185,188;,
        3;188,190,134;,
        3;343,188,134;,
        3;200,198,134;,
        3;354,366,349;,
        3;359,367,358;,
        3;365,354,352;,
        3;352,386,365;,
        3;387,351,366;,
        3;120,177,388;,
        3;204,163,374;,
        3;172,164,389;,
        3;173,165,204;,
        3;389,164,173;,
        3;374,168,166;,
        3;166,223,374;,
        3;390,61,60;,
        3;390,60,391;,
        3;392,182,227;,
        3;227,393,392;,
        3;383,384,394;,
        3;350,351,387;,
        3;387,361,350;,
        3;386,352,353;,
        3;353,362,386;,
        3;241,205,293;,
        3;218,209,395;,
        3;206,207,242;,
        3;242,220,206;,
        3;395,209,220;,
        3;293,210,218;,
        3;396,161,275;,
        3;162,161,396;,
        3;171,162,396;,
        3;341,169,170;,
        3;170,397,341;,
        3;175,157,158;,
        3;158,385,175;,
        3;397,170,171;,
        3;398,340,382;,
        3;382,383,398;,
        3;315,399,300;,
        3;300,301,315;,
        3;316,303,300;,
        3;300,399,316;,
        3;370,364,356;,
        3;356,357,370;,
        3;368,359,364;,
        3;371,355,372;,
        3;372,363,373;,
        3;217,216,214;,
        3;214,400,217;,
        3;400,214,221;,
        3;219,213,211;,
        3;211,243,219;,
        3;221,212,375;,
        3;401,403,402;,
        3;402,404,401;,
        3;405,407,406;,
        3;408,405,406;,
        3;68,95,39;,
        3;96,226,23;,
        3;96,23,90;,
        3;96,90,93;,
        3;409,410,181;,
        3;181,182,409;,
        3;196,197,191;,
        3;196,191,23;,
        3;225,196,23;,
        3;239,67,1;,
        3;411,260,262;,
        3;412,259,288;,
        3;378,239,240;,
        3;240,234,378;,
        3;380,337,338;,
        3;338,379,380;,
        3;233,232,413;,
        3;413,414,233;,
        3;415,416,363;,
        3;415,363,348;,
        3;415,348,414;,
        3;394,363,416;,
        3;416,383,394;,
        3;392,409,182;,
        3;417,184,187;,
        3;417,187,340;,
        3;398,417,340;,
        3;418,391,60;,
        3;418,60,72;,
        3;418,72,419;,
        3;407,420,406;,
        3;407,421,420;,
        3;422,424,423;,
        3;425,405,408;,
        3;426,423,427;,
        3;423,426,422;,
        3;423,429,428;,
        3;424,429,423;,
        3;404,420,421;,
        3;421,401,404;,
        3;430,432,431;,
        3;431,402,430;,
        3;432,434,433;,
        3;119,120,388;,
        3;388,123,119;,
        3;125,120,122;,
        3;118,116,435;,
        3;150,118,435;,
        3;435,116,123;,
        3;436,424,422;,
        3;422,406,436;,
        3;328,326,437;,
        3;437,438,328;,
        3;334,313,305;,
        3;305,310,334;,
        3;439,402,403;,
        3;439,403,425;,
        3;425,408,439;,
        3;423,428,427;,
        3;228,0,274;,
        3;262,253,252;,
        3;252,440,262;,
        3;246,260,411;,
        3;411,264,246;,
        3;440,252,287;,
        3;248,269,261;,
        3;429,430,402;,
        3;402,428,429;,
        3;127,104,178;,
        3;129,107,109;,
        3;109,189,129;,
        3;152,112,101;,
        3;101,294,152;,
        3;149,101,126;,
        3;109,110,176;,
        3;176,156,109;,
        3;176,111,441;,
        3;179,106,151;,
        3;441,111,152;,
        3;432,433,431;,
        3;317,311,304;,
        3;304,302,317;,
        3;433,434,436;,
        3;436,406,433;,
        3;325,329,327;,
        3;245,325,327;,
        3;442,245,327;,
        3;263,258,265;,
        3;265,255,266;,
        3;267,254,259;,
        3;259,412,267;,
        3;263,288,257;,
        3;443,444,408;,
        3;408,406,443;,
        3;445,433,406;,
        3;406,446,445;,
        3;447,431,433;,
        3;447,433,445;,
        3;271,248,402;,
        3;448,439,408;,
        3;402,439,448;,
        3;448,449,402;,
        3;271,451,450;,
        3;450,452,248;,
        3;271,450,248;,
        3;453,402,431;,
        3;447,453,431;,
        3;450,451,454;,
        3;454,456,455;,
        3;455,450,454;,
        3;457,459,458;,
        3;460,457,458;,
        3;406,458,459;,
        3;17,11,12;,
        3;12,16,17;,
        3;66,63,54;,
        3;461,462,77;,
        3;461,77,75;,
        3;463,461,75;,
        3;98,463,75;,
        3;141,271,140;,
        3;140,139,141;,
        3;145,65,464;,
        3;464,144,145;,
        3;465,330,321;,
        3;321,284,466;,
        3;465,321,466;,
        3;467,465,466;,
        3;271,468,270;,
        3;10,469,130;,
        3;130,3,10;,
        3;469,438,130;,
        3;438,437,319;,
        3;438,319,130;,
        3;323,145,143;,
        3;296,297,332;,
        3;465,296,332;,
        3;465,332,330;,
        3;470,20,245;,
        3;245,442,470;,
        3;470,15,20;,
        3;446,406,454;,
        3;451,471,446;,
        3;454,451,446;,
        3;271,402,472;,
        3;453,472,402;,
        3;408,444,448;,
        3;459,443,406;,
        3;472,451,271;,
        3;452,402,248;,
        3;402,449,457;,
        3;460,402,457;,
        3;445,446,473;,
        3;473,474,445;,
        3;475,477,476;,
        3;476,478,475;,
        3;477,480,479;,
        3;479,481,477;,
        3;476,483,482;,
        3;482,478,476;,
        3;484,486,485;,
        3;485,487,484;,
        3;487,485,488;,
        3;488,489,487;,
        3;472,471,451;,
        3;490,453,447;,
        3;447,491,490;,
        3;492,472,453;,
        3;453,490,492;,
        3;493,471,472;,
        3;472,492,493;,
        3;493,473,446;,
        3;446,471,493;,
        3;494,444,443;,
        3;443,495,494;,
        3;494,496,448;,
        3;448,444,494;,
        3;496,497,449;,
        3;449,448,496;,
        3;497,498,457;,
        3;457,449,497;,
        3;498,499,459;,
        3;459,457,498;,
        3;500,502,501;,
        3;503,505,504;,
        3;504,506,503;,
        3;477,481,503;,
        3;503,506,477;,
        3;484,477,475;,
        3;475,486,484;,
        3;483,489,488;,
        3;488,482,483;,
        3;507,508,479;,
        3;479,480,507;,
        3;505,509,489;,
        3;489,504,505;,
        3;489,509,508;,
        3;508,507,489;,
        3;424,436,510;,
        3;510,511,424;,
        3;512,514,513;,
        3;513,477,512;,
        3;483,516,515;,
        3;515,489,483;,
        3;513,514,516;,
        3;516,483,513;,
        3;517,519,518;,
        3;518,520,517;,
        3;506,521,512;,
        3;512,477,506;,
        3;506,504,522;,
        3;522,521,506;,
        3;484,524,523;,
        3;523,477,484;,
        3;523,518,519;,
        3;519,477,523;,
        3;525,524,484;,
        3;484,487,525;,
        3;489,526,525;,
        3;525,487,489;,
        3;489,515,522;,
        3;522,504,489;,
        3;489,517,520;,
        3;520,526,489;,
        3;491,447,445;,
        3;445,474,491;,
        3;495,443,459;,
        3;459,499,495;,
        3;527,430,429;,
        3;429,528,527;,
        3;529,432,430;,
        3;430,527,529;,
        3;530,434,432;,
        3;432,529,530;,
        3;530,510,436;,
        3;436,434,530;,
        3;531,421,407;,
        3;407,532,531;,
        3;531,533,401;,
        3;401,421,531;,
        3;533,534,403;,
        3;403,401,533;,
        3;534,535,425;,
        3;425,403,534;,
        3;535,536,405;,
        3;405,425,535;,
        3;486,475,537;,
        3;537,538,486;,
        3;539,541,540;,
        3;540,542,539;,
        3;543,545,544;,
        3;544,546,543;,
        3;547,549,548;,
        3;548,550,547;,
        3;550,548,551;,
        3;551,552,550;,
        3;553,555,554;,
        3;554,556,553;,
        3;540,558,557;,
        3;557,542,540;,
        3;559,561,560;,
        3;560,563,562;,
        3;559,560,562;,
        3;564,559,562;,
        3;565,567,566;,
        3;566,569,568;,
        3;565,566,568;,
        3;570,565,568;,
        3;571,573,572;,
        3;572,574,571;,
        3;574,576,575;,
        3;575,571,574;,
        3;577,579,578;,
        3;578,580,577;,
        3;581,583,582;,
        3;582,584,581;,
        3;585,582,583;,
        3;583,586,585;,
        3;587,589,588;,
        3;588,590,587;,
        3;591,593,592;,
        3;592,594,591;,
        3;593,596,595;,
        3;595,597,593;,
        3;592,599,598;,
        3;598,594,592;,
        3;600,602,601;,
        3;601,603,600;,
        3;603,601,604;,
        3;604,605,603;,
        3;528,429,424;,
        3;424,511,528;,
        3;532,407,405;,
        3;405,536,532;,
        3;606,488,485;,
        3;485,607,606;,
        3;608,482,488;,
        3;488,606,608;,
        3;609,478,482;,
        3;482,608,609;,
        3;609,537,475;,
        3;475,478,609;,
        3;610,503,481;,
        3;481,611,610;,
        3;610,612,505;,
        3;505,503,610;,
        3;612,613,509;,
        3;509,505,612;,
        3;613,614,508;,
        3;508,509,613;,
        3;614,615,479;,
        3;479,508,614;,
        3;616,612,617;,
        3;617,618,616;,
        3;593,597,616;,
        3;616,618,593;,
        3;600,593,591;,
        3;591,602,600;,
        3;599,605,604;,
        3;604,598,599;,
        3;619,620,595;,
        3;595,596,619;,
        3;612,621,605;,
        3;605,617,612;,
        3;605,621,620;,
        3;620,619,605;,
        3;518,523,622;,
        3;622,623,518;,
        3;624,626,625;,
        3;625,627,624;,
        3;628,630,629;,
        3;629,631,628;,
        3;632,634,633;,
        3;633,635,632;,
        3;635,633,636;,
        3;636,637,635;,
        3;638,640,639;,
        3;639,641,638;,
        3;625,643,642;,
        3;642,627,625;,
        3;644,646,645;,
        3;645,648,647;,
        3;644,645,647;,
        3;649,644,647;,
        3;650,652,651;,
        3;651,654,653;,
        3;650,651,653;,
        3;655,650,653;,
        3;656,658,657;,
        3;657,659,656;,
        3;659,661,660;,
        3;660,656,659;,
        3;662,664,663;,
        3;663,665,662;,
        3;666,668,667;,
        3;667,669,666;,
        3;670,672,671;,
        3;671,673,670;,
        3;674,676,675;,
        3;675,677,674;,
        3;678,680,679;,
        3;679,593,678;,
        3;593,618,681;,
        3;681,678,593;,
        3;682,684,683;,
        3;683,605,682;,
        3;679,680,684;,
        3;684,682,679;,
        3;685,687,686;,
        3;686,688,685;,
        3;605,685,688;,
        3;688,689,605;,
        3;687,593,690;,
        3;690,686,687;,
        3;691,690,593;,
        3;593,600,691;,
        3;618,617,692;,
        3;692,681,618;,
        3;693,691,600;,
        3;600,603,693;,
        3;605,689,693;,
        3;693,603,605;,
        3;617,605,683;,
        3;683,692,617;,
        3;607,485,486;,
        3;486,538,607;,
        3;611,481,479;,
        3;479,615,611;,
        3;694,526,520;,
        3;520,695,694;,
        3;696,525,526;,
        3;526,694,696;,
        3;697,524,525;,
        3;525,696,697;,
        3;697,622,523;,
        3;523,524,697;,
        3;698,514,512;,
        3;512,699,698;,
        3;698,700,516;,
        3;516,514,698;,
        3;700,701,515;,
        3;515,516,700;,
        3;701,702,522;,
        3;522,515,701;,
        3;702,703,521;,
        3;521,522,702;,
        3;0,705,704;,
        3;70,71,81;,
        3;706,708,707;,
        3;706,707,709;,
        3;706,709,710;,
        3;706,710,711;,
        3;706,711,712;,
        3;706,712,713;,
        3;706,713,714;,
        3;706,714,708;,
        3;715,707,708;,
        3;708,716,715;,
        3;717,709,707;,
        3;707,715,717;,
        3;717,718,710;,
        3;709,717,710;,
        3;719,713,712;,
        3;712,720,719;,
        3;721,714,713;,
        3;713,719,721;,
        3;716,708,714;,
        3;714,721,716;,
        3;722,724,723;,
        3;725,726,723;,
        3;723,724,725;,
        3;727,729,728;,
        3;728,730,727;,
        3;731,732,729;,
        3;729,727,731;,
        3;733,722,734;,
        3;733,724,722;,
        3;733,725,724;,
        3;733,735,725;,
        3;727,733,731;,
        3;726,725,735;,
        3;726,735,736;,
        3;710,718,737;,
        3;710,737,711;,
        3;723,738,722;,
        3;739,734,722;,
        3;734,731,733;,
        3;736,735,730;,
        3;739,732,731;,
        3;735,733,730;,
        3;730,733,727;,
        3;731,734,739;,
        3;6,740,5;,
        3;5,740,9;,
        3;9,0,5;,
        3;8,705,0;,
        3;97,70,81;,
        3;461,463,467;,
        3;467,466,461;,
        3;419,741,418;,
        3;184,417,418;,
        3;7,184,418;,
        3;741,7,418;,
        3;462,97,77;,
        3;695,520,518;,
        3;518,623,695;,
        3;699,512,521;,
        3;521,703,699;,
        3;273,0,704;,
        3;704,742,273;,
        3;742,743,273;,
        3;743,284,273;,
        3;737,720,712;,
        3;711,737,712;,
        3;730,728,736;,
        3;739,722,738;,
        3;744,746,745;,
        3;744,745,747;,
        3;744,747,748;,
        3;744,748,749;,
        3;745,750,747;,
        3;751,748,747;,
        3;747,750,751;,
        3;752,754,753;,
        3;753,755,752;,
        3;756,757,754;,
        3;754,752,756;,
        3;758,760,759;,
        3;759,761,758;,
        3;762,763,760;,
        3;760,758,762;,
        3;762,765,764;,
        3;763,762,764;,
        3;766,768,767;,
        3;769,770,768;,
        3;768,766,769;,
        3;771,772,770;,
        3;770,769,771;,
        3;761,759,772;,
        3;772,771,761;,
        3;773,758,761;,
        3;773,762,758;,
        3;773,765,762;,
        3;773,774,765;,
        3;773,766,774;,
        3;773,769,766;,
        3;773,771,769;,
        3;773,761,771;,
        3;749,748,751;,
        3;775,749,751;,
        3;767,774,766;,
        3;764,765,774;,
        3;767,764,774;,
        3;745,776,750;,
        3;757,746,744;,
        3;757,744,754;,
        3;746,757,777;,
        3;776,745,746;,
        3;776,746,777;,
        3;753,749,775;,
        3;775,755,753;,
        3;749,753,744;,
        3;24,778,26;,
        3;778,232,26;,
        3;27,25,21;,
        3;29,779,21;,
        3;21,31,29;,
        3;779,780,21;,
        3;780,28,21;,
        3;33,64,35;,
        3;64,464,65;,
        3;781,61,390;,
        3;413,781,390;,
        3;390,415,414;,
        3;413,390,414;,
        3;754,744,753;,
        3;757,756,777;,
        3;782,783,202;,
        3;782,202,19;,
        3;784,782,19;,
        3;784,19,21;,
        3;784,21,785;,
        3;786,787,131;,
        3;786,131,5;,
        3;788,786,5;,
        3;788,5,0;,
        3;788,0,789;,
        3;202,783,790;,
        3;26,202,790;,
        3;26,790,791;,
        3;21,26,791;,
        3;785,21,791;,
        3;792,789,0;,
        3;792,0,4;,
        3;793,792,4;,
        3;793,4,131;,
        3;793,131,787;,
        3;794,796,795;,
        3;795,797,794;,
        3;798,800,799;,
        3;799,801,798;,
        3;802,804,803;,
        3;803,805,802;,
        3;806,808,807;,
        3;807,809,806;,
        3;810,812,811;,
        3;811,813,810;,
        3;814,816,815;,
        3;815,817,814;,
        3;818,820,819;,
        3;819,822,821;,
        3;818,819,821;,
        3;823,818,821;,
        3;824,826,825;,
        3;825,827,824;,
        3;828,830,829;,
        3;829,831,828;,
        3;832,834,833;,
        3;833,835,832;,
        3;836,838,837;,
        3;837,839,836;,
        3;840,842,841;,
        3;841,843,840;,
        3;844,846,845;,
        3;845,847,844;,
        3;848,850,849;,
        3;849,851,848;,
        3;850,853,852;,
        3;852,849,850;,
        3;853,855,854;,
        3;854,852,853;,
        3;856,858,857;,
        3;857,860,859;,
        3;856,857,859;,
        3;861,856,859;,
        3;862,864,863;,
        3;863,865,862;,
        3;866,867,864;,
        3;864,862,866;,
        3;868,869,867;,
        3;867,866,868;,
        3;870,871,869;,
        3;869,868,870;,
        3;872,873,871;,
        3;874,876,875;,
        3;877,879,878;,
        3;873,872,865;,
        3;840,843,854;,
        3;854,855,840;,
        3;880,882,881;,
        3;881,883,880;,
        3;880,885,884;,
        3;884,882,880;,
        3;886,888,887;,
        3;887,889,886;,
        3;890,892,891;,
        3;891,893,890;,
        3;892,895,894;,
        3;894,891,892;,
        3;896,898,897;,
        3;897,899,896;,
        3;900,902,901;,
        3;901,903,900;,
        3;904,906,905;,
        3;905,907,904;,
        3;908,910,909;,
        3;911,913,912;,
        3;912,914,911;,
        3;911,915,913;,
        3;883,881,894;,
        3;894,895,883;,
        3;916,917,898;,
        3;898,896,916;,
        3;916,919,918;,
        3;918,917,916;,
        3;920,921,902;,
        3;902,900,920;,
        3;920,923,922;,
        3;922,921,920;,
        3;909,914,912;,
        3;912,908,909;,
        3;905,906,924;,
        3;925,905,924;,
        3;925,924,926;,
        3;927,929,928;,
        3;928,930,927;,
        3;931,933,932;,
        3;932,934,931;,
        3;935,937,936;,
        3;936,938,935;,
        3;939,941,940;,
        3;940,942,939;,
        3;943,945,944;,
        3;944,946,943;,
        3;947,949,948;,
        3;948,950,947;,
        3;951,953,952;,
        3;952,955,954;,
        3;951,952,954;,
        3;956,951,954;,
        3;957,959,958;,
        3;958,960,957;,
        3;961,963,962;,
        3;962,964,961;,
        3;965,967,966;,
        3;966,968,965;,
        3;969,971,970;,
        3;970,972,969;,
        3;973,975,974;,
        3;974,976,973;,
        3;977,979,978;,
        3;978,980,977;,
        3;981,983,982;,
        3;982,984,981;,
        3;983,986,985;,
        3;985,982,983;,
        3;986,988,987;,
        3;987,985,986;,
        3;989,991,990;,
        3;990,993,992;,
        3;989,990,992;,
        3;994,989,992;,
        3;995,997,996;,
        3;996,998,995;,
        3;999,1000,997;,
        3;997,995,999;,
        3;1001,1002,1000;,
        3;1000,999,1001;,
        3;1003,1004,1002;,
        3;1002,1001,1003;,
        3;1005,1007,1006;,
        3;1004,1003,1008;,
        3;998,996,1009;,
        3;1009,1008,998;,
        3;973,976,987;,
        3;987,988,973;,
        3;1010,1012,1011;,
        3;1011,1013,1010;,
        3;1010,1015,1014;,
        3;1014,1012,1010;,
        3;1016,1018,1017;,
        3;1017,1019,1016;,
        3;1020,1022,1021;,
        3;1021,1023,1020;,
        3;1022,1025,1024;,
        3;1024,1021,1022;,
        3;1026,1028,1027;,
        3;1027,1029,1026;,
        3;1030,1032,1031;,
        3;1030,1031,1033;,
        3;908,904,907;,
        3;908,907,1034;,
        3;908,1034,910;,
        3;924,913,915;,
        3;915,926,924;,
        3;1013,1011,1024;,
        3;1024,1025,1013;,
        3;1026,1036,1035;,
        3;1035,1028,1026;,
        3;1036,1038,1037;,
        3;1037,1035,1036;,
        3;1039,1041,1040;,
        3;1039,1040,1042;,
        3;1039,1042,1030;,
        3;1030,1033,1039;,
        3;1043,1045,1044;,
        3;1044,782,1043;,
        3;1046,1045,1043;,
        3;1046,1043,785;,
        3;1046,785,1047;,
        3;1046,1047,1048;,
        3;782,1044,1049;,
        3;1049,1051,1050;,
        3;1049,1050,783;,
        3;782,1049,783;,
        3;1049,1053,1052;,
        3;1052,1054,1049;,
        3;1051,1054,909;,
        3;909,910,1051;,
        3;1055,1056,1046;,
        3;1046,1057,1055;,
        3;1052,1053,1056;,
        3;1056,1055,1052;,
        3;1057,1048,926;,
        3;926,915,1057;,
        3;907,905,1043;,
        3;1043,782,907;,
        3;1050,1051,910;,
        3;1050,910,1034;,
        3;783,1050,1034;,
        3;1034,907,782;,
        3;783,1034,782;,
        3;925,926,1048;,
        3;925,1048,1047;,
        3;925,1047,785;,
        3;905,925,785;,
        3;1043,905,785;,
        3;1051,1049,1054;,
        3;914,909,1054;,
        3;1054,1052,914;,
        3;1057,1046,1048;,
        3;911,914,1052;,
        3;1052,1055,911;,
        3;915,911,1055;,
        3;1055,1057,915;;

        MeshNormals
        {
            1495;
            -0.264242;-0.301310;0.916182;,
            -0.026211;-0.399905;0.916182;,
            0.222652;-0.333223;0.916182;,
            0.222651;0.333221;0.916182;,
            -0.026212;0.399905;0.916182;,
            0.517208;-0.774056;0.365147;,
            0.086595;-0.921721;0.378064;,
            0.881545;-0.299242;0.365147;,
            0.732965;-0.562420;0.382683;,
            0.732964;-0.562421;0.382683;,
            0.517209;-0.774056;-0.365147;,
            0.239118;-0.892399;-0.382684;,
            0.517208;-0.774056;-0.365148;,
            0.629810;-0.678534;-0.378063;,
            0.732964;-0.562421;-0.382684;,
            0.517210;-0.774056;-0.365146;,
            -0.264242;-0.301310;-0.916182;,
            -0.026211;-0.399905;-0.916182;,
            0.222652;-0.333222;-0.916182;,
            0.222653;0.333222;-0.916182;,
            0.222652;0.333223;-0.916182;,
            0.222652;0.333223;-0.916182;,
            -0.170130;0.313730;-0.934146;,
            -0.026211;0.399905;-0.916182;,
            -0.264241;0.301309;-0.916182;,
            -0.500000;-0.866026;0.000000;,
            -0.500000;-0.866026;-0.000000;,
            -0.500000;-0.866026;-0.000000;,
            -0.500000;0.866025;0.000000;,
            -0.500000;0.866025;0.000000;,
            -0.500000;0.866025;-0.000000;,
            -0.060887;0.928956;-0.365147;,
            -0.060888;0.928956;-0.365148;,
            -0.060887;0.928957;-0.365147;,
            -0.909204;-0.205023;-0.362372;,
            -0.909204;-0.205023;-0.362372;,
            -0.815156;0.292440;0.500000;,
            -0.815156;0.292440;0.500000;,
            -0.815155;0.292441;0.500001;,
            0.094047;0.497462;0.862373;,
            0.094048;0.497463;0.862372;,
            0.094046;0.497462;0.862373;,
            0.909204;0.205022;0.362372;,
            0.909204;0.205022;0.362372;,
            0.909204;0.205022;0.362372;,
            0.815156;-0.292440;-0.500000;,
            0.815156;-0.292440;-0.500000;,
            0.815156;-0.292440;-0.500000;,
            -0.094047;-0.497462;-0.862372;,
            -0.094047;-0.497462;-0.862373;,
            -0.094048;-0.497463;-0.862372;,
            -0.003996;-0.866016;0.500001;,
            -0.003996;-0.866016;0.500001;,
            -0.003996;-0.866016;0.500001;,
            0.003996;0.866016;-0.500000;,
            0.003996;0.866016;-0.500000;,
            0.003996;0.866016;-0.500001;,
            0.003997;0.866017;-0.499999;,
            0.003997;0.866016;-0.500000;,
            0.003996;0.866017;-0.499999;,
            -0.094048;-0.497462;-0.862372;,
            -0.094048;-0.497463;-0.862372;,
            -0.094047;-0.497462;-0.862373;,
            -0.909204;-0.205022;-0.362372;,
            -0.909204;-0.205022;-0.362372;,
            -0.909204;-0.205022;-0.362372;,
            0.909204;0.205022;0.362372;,
            0.909204;0.205022;0.362372;,
            0.909204;0.205022;0.362371;,
            0.815155;-0.292440;-0.500001;,
            0.815156;-0.292440;-0.500000;,
            0.815155;-0.292440;-0.500001;,
            -0.815156;0.292440;0.500000;,
            -0.815156;0.292440;0.500000;,
            -0.815156;0.292440;0.500000;,
            0.094048;0.497463;0.862372;,
            0.094048;0.497463;0.862372;,
            0.094048;0.497462;0.862372;,
            -0.500000;-0.866026;-0.000000;,
            -0.500000;-0.866026;-0.000000;,
            -0.060890;0.928956;-0.365149;,
            0.137390;0.914473;-0.380608;,
            -0.060895;0.928958;-0.365143;,
            0.239118;0.892399;-0.382684;,
            -0.060890;0.928956;-0.365149;,
            -0.060893;0.928955;-0.365150;,
            -0.060890;0.928957;-0.365146;,
            -0.060887;0.928956;-0.365147;,
            -0.060887;0.928956;-0.365147;,
            -0.060886;0.928957;-0.365147;,
            -0.060887;0.928957;-0.365147;,
            -0.060887;-0.928957;0.365147;,
            -0.424686;-0.821030;0.381512;,
            -0.060889;-0.928957;0.365146;,
            -0.255579;-0.888716;0.380609;,
            -0.060886;-0.928957;0.365147;,
            -0.060887;-0.928956;0.365148;,
            -0.060886;-0.928957;0.365147;,
            0.137393;-0.914472;0.380609;,
            -0.060886;-0.928957;0.365147;,
            -0.060887;-0.928956;0.365148;,
            -0.060887;-0.928956;0.365148;,
            -0.060886;-0.928956;0.365148;,
            -0.060887;-0.928956;0.365148;,
            0.239117;-0.892399;0.382683;,
            -0.060881;0.928958;0.365145;,
            -0.060883;0.928957;0.365146;,
            -0.060878;0.928959;0.365144;,
            0.137392;0.914472;0.380609;,
            0.338250;0.860653;0.380609;,
            0.094049;0.497462;-0.862372;,
            0.094048;0.497462;-0.862373;,
            0.094049;0.497463;-0.862372;,
            -0.815156;0.292440;-0.500000;,
            -0.815156;0.292440;-0.500000;,
            -0.815156;0.292440;-0.500000;,
            -0.909204;-0.205023;0.362373;,
            -0.909204;-0.205023;0.362373;,
            -0.909204;-0.205023;0.362373;,
            -0.094049;-0.497462;0.862372;,
            -0.094050;-0.497462;0.862373;,
            -0.094048;-0.497463;0.862372;,
            0.815156;-0.292439;0.499999;,
            0.815156;-0.292439;0.500000;,
            0.815157;-0.292439;0.499999;,
            0.909204;0.205023;-0.362373;,
            0.909204;0.205023;-0.362373;,
            0.909204;0.205023;-0.362373;,
            -0.003996;-0.866016;-0.500001;,
            -0.003996;-0.866016;-0.500001;,
            0.003997;0.866016;0.500000;,
            0.003997;0.866016;0.500000;,
            0.003998;0.866016;0.500000;,
            0.003996;0.866016;0.500000;,
            0.003996;0.866016;0.500001;,
            0.003996;0.866017;0.499999;,
            -0.815156;0.292440;-0.500000;,
            -0.815156;0.292440;-0.500000;,
            -0.815156;0.292440;-0.500000;,
            0.094048;0.497463;-0.862372;,
            0.094048;0.497463;-0.862372;,
            0.094048;0.497462;-0.862372;,
            -0.094049;-0.497462;0.862373;,
            -0.094048;-0.497462;0.862372;,
            -0.094049;-0.497462;0.862373;,
            0.909725;0.204997;-0.361076;,
            0.910245;0.204972;-0.359780;,
            0.909204;0.205023;-0.362372;,
            0.815309;-0.292224;0.499876;,
            0.815157;-0.292222;0.500125;,
            0.815462;-0.292225;0.499626;,
            -0.909204;-0.205022;0.362372;,
            -0.909204;-0.205022;0.362372;,
            -0.909204;-0.205022;0.362372;,
            -0.060886;-0.928957;0.365147;,
            -0.060887;-0.928956;-0.365148;,
            -0.060887;-0.928956;-0.365148;,
            -0.060887;-0.928956;-0.365148;,
            -0.353553;-0.853554;-0.382683;,
            -0.060887;-0.928956;-0.365148;,
            -0.060887;-0.928956;-0.365148;,
            0.137393;-0.914472;-0.380609;,
            -0.060887;-0.928956;-0.365148;,
            -0.060887;-0.928957;-0.365147;,
            -0.060887;-0.928956;-0.365148;,
            -0.060888;0.928956;0.365148;,
            -0.060888;0.928956;0.365147;,
            -0.060888;0.928956;0.365148;,
            -0.060887;0.928956;0.365148;,
            -0.060887;0.928957;0.365147;,
            -0.060886;0.928957;0.365147;,
            -0.060886;0.928957;0.365147;,
            -0.613818;0.699925;-0.365148;,
            -0.613818;0.699925;-0.365148;,
            -0.613818;0.699925;-0.365148;,
            -0.613818;0.699925;-0.365148;,
            -0.353554;-0.862372;-0.362372;,
            -0.353554;-0.862372;-0.362372;,
            -0.353553;-0.862372;-0.362373;,
            -0.353554;-0.862373;-0.362371;,
            -0.707107;-0.500000;0.500000;,
            -0.707107;-0.500000;0.500001;,
            -0.707107;-0.499999;0.500001;,
            -0.353554;0.362372;0.862373;,
            -0.353554;0.362372;0.862373;,
            -0.355997;0.359358;0.862629;,
            -0.353554;0.362372;0.862372;,
            0.353554;0.862372;0.362372;,
            0.353554;0.862372;0.362372;,
            0.353554;0.862372;0.362373;,
            0.353553;-0.362372;-0.862372;,
            0.353553;-0.362373;-0.862372;,
            0.353553;-0.362372;-0.862373;,
            0.707107;-0.500000;0.500000;,
            0.707107;-0.500000;0.500000;,
            -0.707107;0.500000;-0.500000;,
            -0.707107;0.500000;-0.500000;,
            -0.707106;0.500000;-0.500001;,
            -0.707107;0.500000;-0.500000;,
            -0.707107;0.499999;-0.500000;,
            -0.707107;0.500000;-0.500000;,
            0.353553;0.862373;0.362372;,
            0.353553;0.862373;0.362372;,
            0.353553;0.862373;0.362372;,
            0.353554;0.862373;0.362372;,
            0.707143;0.500328;-0.499621;,
            0.707161;0.499854;-0.500069;,
            0.707107;0.500000;-0.500000;,
            -0.353554;0.362372;0.862372;,
            -0.353554;0.362372;0.862372;,
            -0.353554;0.362373;0.862372;,
            -0.707107;-0.500000;0.500000;,
            -0.707107;-0.500000;0.500000;,
            -0.707107;-0.500000;0.500000;,
            0.707161;0.500492;-0.499431;,
            0.353554;0.862372;0.362372;,
            0.353554;0.862372;0.362372;,
            -0.353554;-0.862373;-0.362371;,
            -0.353555;-0.862373;-0.362371;,
            -0.353554;-0.862373;-0.362372;,
            -0.353554;-0.862373;-0.362372;,
            -0.353554;0.362372;0.862373;,
            -0.707107;-0.499999;0.500001;,
            -0.707107;-0.499999;0.500001;,
            0.517208;-0.774056;0.365148;,
            0.517208;-0.774056;0.365148;,
            0.907945;-0.184923;0.376083;,
            0.881545;-0.299244;0.365147;,
            0.881544;-0.299244;0.365148;,
            0.923319;0.034825;0.382451;,
            0.881544;-0.299243;0.365148;,
            0.881544;-0.299244;0.365148;,
            0.881544;-0.299244;0.365148;,
            0.881548;-0.299235;0.365147;,
            0.665699;-0.641858;0.380609;,
            0.732966;-0.562418;0.382683;,
            -0.500000;-0.866026;-0.000000;,
            -0.500000;-0.866025;0.000000;,
            -0.500000;-0.866026;-0.000000;,
            -0.500000;-0.866026;-0.000000;,
            -0.613818;0.699925;-0.365148;,
            -0.613822;0.699921;-0.365148;,
            -0.613820;0.699923;-0.365148;,
            -0.613818;0.699925;-0.365148;,
            -0.613818;0.699925;-0.365148;,
            -0.613817;0.699925;-0.365148;,
            -0.613818;0.699925;-0.365148;,
            -0.613818;0.699925;-0.365148;,
            -0.613818;0.699924;-0.365148;,
            -0.353552;-0.862372;-0.362374;,
            -0.707127;-0.502823;0.497132;,
            -0.707107;-0.500000;0.500000;,
            -0.353553;-0.862372;-0.362373;,
            -0.353554;-0.862372;-0.362372;,
            -0.353554;-0.862373;-0.362372;,
            -0.707107;-0.500000;0.500001;,
            0.353553;-0.362373;-0.862373;,
            0.704981;0.597368;0.382300;,
            0.517208;0.774056;0.365148;,
            0.732962;0.562423;0.382683;,
            -0.363729;0.348736;0.863762;,
            -0.353553;0.362372;0.862373;,
            -0.741481;0.564704;0.362373;,
            -0.741481;0.564705;0.362373;,
            -0.741481;0.564704;0.362373;,
            -0.441531;-0.247718;0.862372;,
            -0.441531;-0.247718;0.862372;,
            -0.441531;-0.247718;0.862372;,
            -0.441531;-0.247718;0.862372;,
            0.299950;-0.812422;0.500000;,
            0.299950;-0.812422;0.500000;,
            0.299950;-0.812422;0.500000;,
            -0.665976;-0.553603;-0.500000;,
            -0.665976;-0.553603;-0.500000;,
            -0.665975;-0.553603;-0.500001;,
            -0.665976;-0.553603;-0.500000;,
            -0.665976;-0.553603;-0.500000;,
            -0.665976;-0.553602;-0.500000;,
            0.665976;0.553603;0.500000;,
            0.665976;0.553603;0.500000;,
            0.665975;0.553603;0.500000;,
            0.665976;0.553603;0.500000;,
            0.665976;0.553603;0.500000;,
            0.741482;-0.564704;-0.362373;,
            0.741482;-0.564704;-0.362373;,
            -0.299950;0.812422;-0.500000;,
            -0.299950;0.812422;-0.500000;,
            -0.741481;0.564705;0.362372;,
            -0.741481;0.564705;0.362372;,
            -0.441531;-0.247718;0.862373;,
            -0.441530;-0.247719;0.862373;,
            0.707107;0.500000;-0.500000;,
            0.707107;0.500000;-0.500000;,
            0.353554;0.862373;0.362371;,
            -0.707131;-0.503762;0.496174;,
            -0.707107;-0.500000;0.500001;,
            -0.500000;0.866025;-0.000000;,
            -0.500000;0.866025;0.000000;,
            -0.500000;0.866025;0.000000;,
            0.517207;0.774057;0.365148;,
            0.517207;0.774057;0.365148;,
            0.517208;0.774056;0.365147;,
            0.517265;0.774014;0.365156;,
            0.517207;0.774057;0.365148;,
            0.517208;0.774057;0.365147;,
            0.517322;0.773972;0.365164;,
            -0.359652;0.354825;0.862989;,
            0.881544;0.299245;0.365148;,
            -0.613817;-0.699925;-0.365148;,
            -0.613817;-0.699925;-0.365148;,
            -0.613817;-0.699925;-0.365148;,
            -0.613817;-0.699925;-0.365148;,
            -0.613818;-0.699925;-0.365147;,
            -0.613817;-0.699925;-0.365147;,
            -0.613817;-0.699925;-0.365148;,
            -0.613817;-0.699925;-0.365148;,
            -0.613817;-0.699925;-0.365148;,
            0.517206;0.774057;-0.365147;,
            0.517209;0.774056;-0.365147;,
            0.517250;0.774025;-0.365154;,
            0.881544;0.299245;-0.365148;,
            0.732963;0.562422;-0.382683;,
            0.923880;0.000000;-0.382684;,
            0.732963;0.562422;-0.382683;,
            -0.441531;-0.247718;0.862373;,
            -0.441531;-0.247717;0.862372;,
            -0.665976;-0.553603;0.500000;,
            -0.665976;-0.553603;0.500000;,
            -0.665976;-0.553603;0.500000;,
            -0.665976;-0.553603;0.500000;,
            -0.665975;-0.553603;0.500001;,
            -0.665976;-0.553603;0.500000;,
            0.665975;0.553604;-0.500000;,
            0.665975;0.553604;-0.500000;,
            0.665976;0.553603;-0.500000;,
            0.665975;0.553604;-0.500000;,
            0.665975;0.553604;-0.500000;,
            0.665974;0.553604;-0.500001;,
            -0.741482;0.564704;-0.362373;,
            -0.741482;0.564704;-0.362373;,
            -0.441531;-0.247718;-0.862373;,
            -0.441531;-0.247717;-0.862372;,
            0.441531;0.247718;0.862373;,
            0.441531;0.247718;0.862373;,
            -0.741481;0.564705;-0.362372;,
            -0.741481;0.564705;-0.362372;,
            -0.299950;0.812422;0.500000;,
            -0.299950;0.812422;0.500000;,
            0.299950;-0.812422;-0.500000;,
            -0.353556;-0.862373;-0.362370;,
            0.441531;0.247718;-0.862373;,
            0.441530;0.247718;-0.862373;,
            0.441531;0.247718;-0.862373;,
            -0.441531;-0.247717;0.862373;,
            -0.613816;-0.699926;-0.365147;,
            -0.353554;-0.853553;-0.382684;,
            -0.500000;0.866025;-0.000000;,
            -0.500000;0.866025;-0.000000;,
            -0.500000;0.866025;-0.000000;,
            -0.500000;0.866025;-0.000000;,
            -0.500000;0.866025;-0.000000;,
            -0.500000;0.866025;-0.000000;,
            -0.500000;0.866025;-0.000000;,
            0.517200;0.774062;-0.365146;,
            0.517209;0.774055;-0.365148;,
            0.517208;0.774056;-0.365148;,
            0.517208;0.774056;-0.365148;,
            0.517208;0.774057;-0.365147;,
            0.517208;0.774056;-0.365148;,
            -0.613818;-0.699925;0.365147;,
            -0.613818;-0.699925;0.365148;,
            -0.613818;-0.699925;0.365148;,
            -0.613818;-0.699925;0.365148;,
            -0.613818;-0.699925;0.365148;,
            -0.613818;-0.699925;0.365148;,
            -0.613818;-0.699925;0.365148;,
            -0.613817;-0.699925;0.365148;,
            -0.613817;-0.699925;0.365148;,
            -0.613817;-0.699925;0.365148;,
            -0.613817;-0.699925;0.365148;,
            0.741481;-0.564705;0.362372;,
            0.741481;-0.564705;0.362372;,
            0.741481;-0.564705;0.362372;,
            -0.741481;0.564705;-0.362373;,
            0.881545;-0.299242;-0.365147;,
            0.607748;-0.699431;-0.376083;,
            0.693417;-0.610983;-0.381933;,
            -0.707107;-0.500000;-0.500000;,
            -0.707107;-0.500000;-0.500000;,
            -0.353553;-0.862372;0.362372;,
            -0.353553;-0.862372;0.362373;,
            -0.353554;-0.862372;0.362372;,
            -0.353554;-0.862372;0.362372;,
            0.353553;-0.362372;0.862373;,
            0.353553;-0.362372;0.862373;,
            0.353553;-0.362372;0.862373;,
            0.353554;-0.362372;0.862373;,
            0.707107;0.500000;0.500000;,
            0.707107;0.500000;0.500000;,
            0.707107;0.500000;0.500000;,
            0.707107;-0.500000;-0.500000;,
            0.707107;-0.500000;-0.500000;,
            -0.707107;0.500000;0.500000;,
            -0.353554;-0.862372;0.362372;,
            0.353553;0.862372;-0.362372;,
            0.353553;0.862372;-0.362372;,
            -0.353553;0.362372;-0.862373;,
            -0.353553;0.362372;-0.862373;,
            -0.707107;-0.500001;-0.499999;,
            -0.707107;-0.500000;-0.500000;,
            -0.707107;-0.500000;-0.500000;,
            0.353553;-0.362372;0.862373;,
            0.353553;-0.362372;0.862373;,
            0.353554;-0.362372;0.862373;,
            0.353554;-0.362372;0.862373;,
            0.353554;-0.362372;0.862373;,
            -0.500000;-0.866025;-0.000000;,
            -0.500000;-0.866025;0.000000;,
            -0.500000;-0.866026;-0.000000;,
            -0.500000;-0.866026;-0.000000;,
            -0.500000;-0.866025;-0.000000;,
            -0.500000;-0.866026;-0.000000;,
            -0.500000;-0.866025;-0.000000;,
            -0.500000;-0.866026;-0.000000;,
            0.741481;-0.564705;0.362373;,
            0.741481;-0.564705;0.362372;,
            -0.441531;-0.247718;0.862373;,
            -0.613818;-0.699925;0.365148;,
            -0.613818;-0.699925;0.365148;,
            0.881544;-0.299244;-0.365148;,
            0.881544;-0.299244;-0.365148;,
            0.922954;-0.044757;-0.382300;,
            0.881544;-0.299244;-0.365148;,
            0.881544;-0.299244;-0.365148;,
            0.881544;-0.299244;-0.365148;,
            0.881544;-0.299244;-0.365148;,
            0.881544;-0.299244;-0.365148;,
            0.881546;-0.299240;-0.365147;,
            -0.613818;0.699925;0.365148;,
            -0.613818;0.699925;0.365148;,
            -0.613818;0.699925;0.365148;,
            -0.613818;0.699925;0.365148;,
            -0.613818;0.699925;0.365148;,
            -0.613818;0.699925;0.365148;,
            -0.613818;0.699925;0.365148;,
            -0.353554;-0.862372;0.362372;,
            -0.353553;-0.862372;0.362372;,
            0.353553;-0.362372;0.862373;,
            0.353553;0.862372;-0.362373;,
            0.353553;0.862372;-0.362372;,
            -0.613818;0.699925;-0.365147;,
            -0.613818;0.699925;-0.365147;,
            0.517208;-0.774057;-0.365147;,
            0.517208;-0.774056;-0.365148;,
            0.299950;-0.812422;-0.500001;,
            0.299950;-0.812422;-0.500000;,
            -0.353555;-0.862373;-0.362371;,
            -0.613818;0.699925;0.365148;,
            -0.613818;0.699925;0.365147;,
            -0.613818;0.699925;0.365147;,
            -0.613818;0.699925;0.365148;,
            0.707107;-0.707107;0.000000;,
            -0.707106;0.707107;0.000000;,
            -0.707106;0.707107;0.000000;,
            -0.707106;0.707107;0.000000;,
            -0.707106;0.707107;0.000001;,
            0.707107;0.707107;0.000000;,
            0.707107;0.707107;0.000000;,
            0.707107;0.707107;0.000000;,
            -0.707107;-0.707107;0.000000;,
            -0.707107;-0.707107;0.000001;,
            -0.707107;-0.707107;0.000000;,
            0.353553;0.353553;0.866025;,
            0.353553;0.353553;0.866025;,
            0.353553;0.353553;0.866025;,
            -0.353553;-0.353553;-0.866025;,
            -0.353553;-0.353553;-0.866025;,
            -0.353553;-0.353553;-0.866025;,
            -0.353554;-0.353554;0.866025;,
            -0.353554;-0.353554;0.866025;,
            0.517208;-0.774056;0.365148;,
            0.517209;-0.774056;0.365147;,
            0.517208;-0.774057;0.365145;,
            0.517209;-0.774056;0.365147;,
            0.517208;-0.774056;0.365148;,
            0.517208;-0.774056;0.365148;,
            0.517208;-0.774056;0.365147;,
            -0.613818;0.699925;0.365148;,
            -0.613817;0.699925;-0.365148;,
            -0.613816;0.699926;-0.365148;,
            -0.613817;0.699926;-0.365147;,
            -0.613817;0.699926;-0.365147;,
            -0.613818;0.699926;-0.365146;,
            0.517208;-0.774057;-0.365147;,
            0.517208;-0.774056;-0.365149;,
            0.517208;-0.774056;-0.365149;,
            0.517208;-0.774056;-0.365148;,
            -0.613818;0.699925;0.365147;,
            -0.613818;0.699925;0.365148;,
            -0.613818;0.699925;0.365147;,
            -0.613817;0.699925;0.365149;,
            0.356843;0.355162;-0.864016;,
            0.355234;0.351872;-0.866023;,
            0.358446;0.358446;-0.861994;,
            0.707107;0.707107;0.000000;,
            -0.613818;-0.699925;-0.365147;,
            -0.613818;-0.699925;-0.365147;,
            -0.613818;-0.699925;-0.365147;,
            0.517202;0.774060;-0.365147;,
            0.517207;0.774056;0.365148;,
            -0.299950;0.812422;-0.500000;,
            -0.299950;0.812422;-0.500000;,
            0.517194;0.774067;0.365145;,
            0.517202;0.774060;0.365147;,
            0.517332;0.773965;0.365165;,
            0.517524;0.773824;0.365193;,
            0.517398;0.773917;0.365174;,
            0.881544;0.299244;0.365148;,
            0.881544;0.299244;0.365149;,
            0.517249;0.774026;-0.365154;,
            0.517229;0.774041;-0.365151;,
            0.517213;0.774053;-0.365148;,
            0.881544;0.299245;-0.365148;,
            0.881543;0.299246;-0.365148;,
            0.517208;0.774056;-0.365148;,
            -0.766045;-0.642787;0.000000;,
            -0.766045;-0.642787;0.000000;,
            0.766044;0.642788;0.000000;,
            0.766044;0.642788;-0.000000;,
            0.766044;0.642788;0.000000;,
            0.766044;0.642788;0.000000;,
            0.766045;0.642787;0.000000;,
            0.766044;0.642788;0.000001;,
            -0.642788;0.766044;-0.000000;,
            -0.642788;0.766044;0.000000;,
            -0.642788;0.766044;-0.000000;,
            -0.321394;0.383022;-0.866025;,
            -0.321394;0.383022;-0.866025;,
            -0.321393;0.383022;-0.866026;,
            0.321394;-0.383022;0.866025;,
            0.321394;-0.383022;0.866025;,
            0.642788;-0.766044;-0.000001;,
            0.642788;-0.766044;-0.000000;,
            0.321394;-0.383022;0.866025;,
            0.321394;-0.383022;0.866025;,
            0.642787;-0.766045;-0.000000;,
            0.642788;-0.766044;-0.000000;,
            0.642787;-0.766045;-0.000000;,
            0.642788;-0.766044;-0.000000;,
            -0.642788;0.766044;-0.000000;,
            -0.642788;0.766044;-0.000001;,
            -0.642788;0.766045;0.000000;,
            -0.321394;0.383022;-0.866025;,
            0.321392;-0.383021;-0.866027;,
            0.321394;-0.383023;-0.866025;,
            0.321393;-0.383023;-0.866025;,
            0.321393;-0.383021;-0.866026;,
            0.321394;-0.383023;-0.866025;,
            0.321392;-0.383020;-0.866027;,
            0.299950;-0.812422;0.500000;,
            0.299950;-0.812422;0.500000;,
            0.441531;0.247718;0.862373;,
            0.517208;0.774056;-0.365148;,
            -0.613818;-0.699925;0.365147;,
            -0.613818;-0.699925;0.365147;,
            -0.613818;-0.699925;0.365148;,
            -0.613818;-0.699925;0.365147;,
            -0.613817;-0.699925;0.365148;,
            -0.613818;-0.699925;0.365148;,
            -0.613817;-0.699925;0.365149;,
            0.353554;0.353554;0.866025;,
            0.353554;0.353554;0.866025;,
            0.353554;0.353554;0.866025;,
            -0.613818;-0.699925;-0.365148;,
            -0.613818;-0.699925;-0.365148;,
            -0.613818;-0.699925;-0.365147;,
            -0.613818;-0.699926;-0.365146;,
            0.517208;0.774056;0.365148;,
            0.517208;0.774057;0.365147;,
            0.517208;0.774057;0.365147;,
            -0.299950;0.812422;-0.500000;,
            0.881544;0.299244;0.365147;,
            0.881544;0.299244;-0.365148;,
            0.642788;-0.766044;0.000000;,
            0.642786;-0.766046;0.000000;,
            0.321394;-0.383022;-0.866025;,
            0.321394;-0.383022;-0.866026;,
            0.321394;-0.383023;-0.866025;,
            0.321394;-0.383022;0.866025;,
            0.353554;0.862372;0.362372;,
            0.299950;-0.812422;0.500000;,
            -0.441531;-0.247718;0.862373;,
            -0.741481;0.564705;0.362373;,
            0.741481;-0.564705;-0.362372;,
            0.741481;-0.564705;-0.362372;,
            0.741481;-0.564705;-0.362372;,
            0.517208;0.774056;-0.365148;,
            0.517208;0.774056;-0.365147;,
            -0.500000;0.866025;-0.000000;,
            -0.500000;0.866025;0.000000;,
            0.517208;0.774057;-0.365146;,
            0.517208;0.774057;-0.365147;,
            0.517208;0.774057;-0.365145;,
            -0.321394;0.383022;0.866025;,
            -0.321394;0.383022;0.866025;,
            -0.321394;0.383022;0.866025;,
            -0.321394;0.383022;-0.866025;,
            -0.321394;0.383022;-0.866026;,
            -0.321394;0.383022;-0.866025;,
            0.299949;-0.812422;-0.500001;,
            -0.741481;0.564705;-0.362373;,
            0.441531;0.247717;0.862373;,
            0.441531;0.247718;0.862373;,
            0.441531;0.247717;0.862373;,
            -0.299950;0.812422;0.500000;,
            -0.441531;-0.247718;-0.862373;,
            -0.441531;-0.247718;0.862373;,
            0.299950;-0.812422;0.500000;,
            0.299951;-0.812422;0.500000;,
            0.441531;0.247717;-0.862373;,
            0.441531;0.247718;-0.862373;,
            0.441531;0.247717;-0.862372;,
            -0.741481;0.564705;0.362373;,
            -0.741481;0.564705;0.362372;,
            0.741482;-0.564704;-0.362373;,
            0.517208;0.774056;0.365149;,
            -0.353553;-0.353553;0.866025;,
            -0.353554;-0.353554;0.866025;,
            -0.353553;-0.353553;0.866026;,
            -0.707107;-0.707107;0.000000;,
            -0.707107;-0.707107;0.000000;,
            -0.707107;-0.707107;0.000001;,
            -0.321393;0.383022;0.866026;,
            -0.321394;0.383022;0.866026;,
            -0.321393;0.383022;0.866026;,
            0.321394;-0.383023;0.866025;,
            -0.321394;0.383022;-0.866025;,
            0.321394;-0.383022;-0.866026;,
            -0.441531;-0.247717;-0.862372;,
            -0.441531;-0.247717;-0.862372;,
            -0.441531;-0.247718;-0.862373;,
            0.299950;-0.812422;-0.500000;,
            -0.299950;0.812422;0.500000;,
            -0.299950;0.812422;0.500000;,
            -0.299950;0.812422;0.500000;,
            0.741481;-0.564705;0.362372;,
            -0.433013;0.250000;0.866026;,
            -0.445566;-0.085749;0.891133;,
            -0.433013;0.250000;0.866025;,
            -0.433012;0.250000;0.866026;,
            0.433013;-0.250000;-0.866025;,
            0.446910;0.036860;-0.893819;,
            0.433013;-0.250000;-0.866025;,
            -0.500000;0.866025;0.000000;,
            -0.500000;0.866025;0.000000;,
            0.353554;0.862372;-0.362372;,
            0.353553;0.862372;-0.362373;,
            -0.613818;-0.699925;0.365147;,
            -0.613818;-0.699925;0.365147;,
            0.517208;0.774056;-0.365148;,
            0.517207;0.774056;-0.365148;,
            0.517208;0.774056;-0.365149;,
            0.517208;0.774056;-0.365148;,
            0.517207;0.774056;-0.365148;,
            0.517208;0.774056;-0.365148;,
            0.517208;0.774056;-0.365148;,
            0.517208;0.774057;0.365148;,
            0.517208;0.774056;0.365148;,
            0.517208;0.774056;0.365147;,
            0.517207;0.774058;0.365146;,
            0.517208;0.774057;0.365146;,
            0.517208;0.774056;0.365148;,
            0.517208;0.774056;0.365147;,
            0.517208;0.774056;0.365148;,
            -0.433013;0.250000;-0.866025;,
            -0.447214;-0.000000;-0.894427;,
            -0.433013;0.250000;-0.866025;,
            0.866025;-0.500000;0.000000;,
            0.866025;-0.500000;-0.000000;,
            0.866025;-0.500000;-0.000000;,
            0.866025;-0.500000;0.000000;,
            0.866025;-0.500000;-0.000000;,
            -0.866025;0.500000;0.000000;,
            0.866025;-0.500000;0.000000;,
            0.866025;-0.500000;-0.000001;,
            0.866025;-0.500000;-0.000000;,
            -0.866025;0.500000;-0.000000;,
            -0.866025;0.500000;-0.000000;,
            -0.866025;0.500000;0.000000;,
            -0.433012;0.250000;0.866026;,
            -0.866025;0.500000;-0.000000;,
            -0.866025;0.500000;0.000000;,
            0.353553;0.862372;0.362373;,
            -0.353554;0.362372;0.862373;,
            0.353553;-0.362372;-0.862373;,
            0.353553;-0.362372;-0.862373;,
            0.353553;-0.362373;-0.862372;,
            0.707106;0.501275;-0.498724;,
            0.433013;-0.250000;-0.866025;,
            0.433013;-0.250000;-0.866025;,
            0.517209;-0.774057;0.365144;,
            0.517208;-0.774057;0.365147;,
            0.517206;-0.774058;0.365146;,
            -0.353554;-0.353553;-0.866025;,
            -0.353553;-0.353553;-0.866026;,
            -0.353554;-0.353554;-0.866025;,
            0.432959;-0.249989;0.866056;,
            0.447197;0.000009;0.894436;,
            0.432995;-0.250030;0.866025;,
            0.866025;-0.500000;0.000000;,
            0.866025;-0.500000;-0.000001;,
            -0.500000;-0.866025;0.000000;,
            0.707107;0.500000;0.500000;,
            0.707107;0.500000;0.500000;,
            -0.353553;0.362372;-0.862373;,
            -0.353553;0.362372;-0.862373;,
            -0.353553;0.362373;-0.862372;,
            0.353553;-0.362373;0.862372;,
            -0.353554;-0.862372;0.362372;,
            0.433013;-0.250000;0.866025;,
            0.433013;-0.250000;0.866025;,
            0.433013;-0.250000;0.866025;,
            -0.707120;-0.511242;0.488480;,
            -0.349432;0.368415;0.861491;,
            -0.353552;-0.862372;-0.362375;,
            0.353554;0.862372;0.362372;,
            0.353553;0.862372;0.362372;,
            0.707107;0.500000;-0.500000;,
            0.353553;-0.362373;-0.862372;,
            -0.866025;0.500000;-0.000000;,
            0.353553;0.353553;-0.866026;,
            0.353553;0.353554;-0.866025;,
            0.353553;0.353553;-0.866026;,
            -0.433013;0.250000;-0.866025;,
            0.517208;-0.774056;-0.365148;,
            -0.707107;-0.500001;-0.499999;,
            -0.353554;-0.862372;0.362372;,
            0.707107;0.500000;0.500000;,
            0.707107;0.500000;0.500000;,
            0.707107;0.500000;0.500000;,
            -0.353553;0.362373;-0.862373;,
            -0.433013;-0.250000;-0.866025;,
            -0.433013;-0.250000;-0.866025;,
            0.433013;0.250000;-0.866025;,
            0.433013;0.250000;-0.866025;,
            0.433013;0.250000;-0.866025;,
            0.866025;0.500000;0.000000;,
            0.866025;0.500000;0.000000;,
            0.866025;0.500000;-0.000000;,
            -0.433012;-0.250000;0.866026;,
            -0.433012;-0.250000;0.866026;,
            -0.866043;-0.499970;0.000121;,
            -0.866060;-0.499940;0.000243;,
            -0.433013;-0.250000;0.866025;,
            -0.433013;-0.250000;0.866026;,
            -0.433013;-0.250000;0.866025;,
            -0.792365;-0.597817;0.121542;,
            -0.866025;-0.500000;0.000000;,
            -0.996171;-0.087425;0.000528;,
            -0.695119;-0.677839;0.239466;,
            0.433013;0.250000;0.866025;,
            -0.433012;-0.250000;-0.866026;,
            -0.433012;-0.250000;-0.866026;,
            -0.433013;-0.250000;-0.866026;,
            -0.433012;-0.250000;-0.866026;,
            -0.433013;-0.250000;-0.866025;,
            0.866025;0.500000;-0.000000;,
            0.866025;0.500000;0.000000;,
            0.866025;0.500000;-0.000000;,
            0.433012;0.250000;-0.866026;,
            0.433012;0.250000;-0.866026;,
            0.517208;-0.774056;-0.365148;,
            -0.295026;0.875835;0.381933;,
            -0.060887;0.928956;0.365148;,
            -0.255580;0.888716;0.380609;,
            -0.447698;0.809137;-0.380610;,
            -0.353554;0.853553;-0.382684;,
            -0.613818;0.699925;0.365147;,
            -0.613818;0.699925;0.365148;,
            -0.613818;0.699925;0.365148;,
            -0.613818;0.699925;0.365148;,
            -0.613818;0.699925;0.365148;,
            -0.613818;0.699924;0.365148;,
            -0.500000;-0.866025;-0.000000;,
            0.517208;-0.774056;0.365148;,
            0.517208;-0.774056;0.365148;,
            -0.613818;0.699925;-0.365147;,
            0.517208;-0.774056;-0.365148;,
            0.517208;-0.774056;-0.365147;,
            0.517208;-0.774056;-0.365147;,
            0.517209;-0.774056;-0.365147;,
            -0.433013;-0.250000;-0.866025;,
            -0.433013;-0.250000;-0.866025;,
            -0.433013;-0.250000;0.866025;,
            -0.433013;-0.250000;0.866025;,
            -0.866025;-0.500000;0.000000;,
            0.433013;0.250000;-0.866026;,
            -0.866025;-0.500000;0.000000;,
            -0.866025;-0.500000;0.000000;,
            -0.433013;-0.250000;0.866025;,
            0.433013;0.250000;0.866025;,
            0.433013;0.250000;0.866025;,
            -0.500000;0.866025;0.000000;,
            -0.500000;0.866026;0.000001;,
            -0.500000;0.866026;0.000001;,
            -0.500000;0.866026;-0.000000;,
            -0.433013;-0.250000;-0.866025;,
            -0.446619;-0.051571;-0.893237;,
            0.446618;0.051571;-0.893237;,
            0.433013;0.250000;-0.866026;,
            0.433013;0.250000;-0.866025;,
            -0.866025;-0.500000;0.000000;,
            -0.866025;-0.500000;-0.000000;,
            -0.866025;-0.500000;0.000000;,
            0.866025;0.500000;0.000000;,
            0.866025;0.500000;0.000000;,
            0.433013;0.250000;0.866025;,
            0.446910;-0.036861;0.893819;,
            -0.866025;-0.500000;0.000000;,
            -0.500000;0.866026;-0.000001;,
            -0.500001;0.866025;-0.000000;,
            -0.500000;0.866026;-0.000001;,
            -0.500000;0.866025;-0.000001;,
            -0.500000;0.866026;-0.000000;,
            -0.499999;0.866026;-0.000001;,
            -0.499999;0.866026;-0.000000;,
            -0.499999;0.866026;0.000001;,
            -0.499999;0.866026;0.000001;,
            0.499999;-0.866026;-0.000000;,
            0.500000;-0.866025;-0.000001;,
            0.500000;-0.866025;0.000000;,
            0.500000;-0.866025;-0.000001;,
            0.499999;-0.866026;0.000000;,
            0.499999;-0.866026;0.000001;,
            0.500000;-0.866026;0.000001;,
            0.500000;-0.866025;0.000001;,
            0.500001;-0.866025;0.000001;,
            0.500001;-0.866025;0.000000;,
            0.500001;-0.866025;-0.000001;,
            0.500001;-0.866025;-0.000001;,
            -0.433012;-0.250000;-0.866026;,
            -0.866025;-0.500000;0.000000;,
            -0.433013;-0.250000;-0.866025;,
            -0.433013;-0.250000;-0.866025;,
            0.433013;0.250000;-0.866025;,
            0.433013;0.250000;-0.866025;,
            -0.447214;0.000000;0.894427;,
            -0.433013;-0.250000;0.866025;,
            -0.447214;-0.000000;0.894427;,
            0.866025;0.500000;0.000000;,
            -0.433013;-0.250000;0.866025;,
            -0.433013;-0.250000;0.866025;,
            -0.433013;-0.250000;0.866025;,
            0.433013;0.250000;0.866025;,
            0.433013;0.250000;0.866025;,
            0.433013;0.250000;0.866025;,
            0.500000;0.866025;-0.000000;,
            0.500000;0.866025;-0.000000;,
            0.500000;0.866025;0.000000;,
            0.500000;0.866025;-0.000000;,
            -0.433013;0.250000;-0.866025;,
            -0.433013;0.250000;-0.866025;,
            -0.433013;0.250000;0.866025;,
            -0.433013;0.250000;0.866025;,
            -0.866025;0.500000;0.000000;,
            0.866025;-0.500000;0.000000;,
            0.866025;-0.500000;0.000000;,
            0.433013;-0.250000;-0.866025;,
            -0.433013;0.250000;-0.866025;,
            -0.433013;0.250000;-0.866025;,
            0.433013;-0.250000;-0.866025;,
            0.433013;-0.250000;-0.866025;,
            -0.866025;0.500000;-0.000000;,
            -0.866025;0.500000;0.000000;,
            -0.866025;0.500000;-0.000001;,
            -0.433013;0.250000;0.866025;,
            -0.433013;0.250000;0.866025;,
            -0.433013;0.250000;0.866025;,
            0.433013;-0.250000;0.866025;,
            0.433013;-0.250000;0.866025;,
            0.433013;-0.250000;0.866025;,
            0.433013;-0.250000;0.866025;,
            0.433013;-0.250000;0.866025;,
            0.433013;-0.250000;0.866025;,
            -0.500001;0.866025;0.000000;,
            -0.499999;0.866026;0.000001;,
            0.500000;0.866025;-0.000000;,
            0.500000;0.866026;-0.000000;,
            0.500000;0.866025;-0.000000;,
            0.500000;0.866025;-0.000000;,
            0.500000;0.866025;-0.000000;,
            0.500000;0.866025;-0.000000;,
            0.500000;0.866025;0.000000;,
            0.500001;0.866025;0.000000;,
            -0.500000;-0.866025;0.000000;,
            -0.500000;-0.866026;-0.000000;,
            -0.500000;-0.866025;-0.000000;,
            -0.500000;-0.866026;-0.000001;,
            -0.500000;-0.866026;0.000000;,
            -0.500000;-0.866026;0.000000;,
            -0.500000;-0.866026;0.000000;,
            -0.500000;-0.866026;0.000000;,
            -0.500000;-0.866025;0.000000;,
            -0.499999;-0.866026;0.000000;,
            -0.499999;-0.866026;-0.000000;,
            -0.499999;-0.866026;-0.000000;,
            -0.499999;0.866026;0.000000;,
            -0.500000;0.866026;0.000001;,
            -0.500000;0.866025;0.000000;,
            -0.500000;0.866025;0.000000;,
            -0.433013;-0.250000;-0.866025;,
            -0.433012;-0.250000;-0.866026;,
            -0.433013;-0.250000;-0.866025;,
            -0.866025;-0.500000;0.000000;,
            -0.866025;-0.500000;0.000000;,
            -0.433013;-0.250000;0.866026;,
            0.433013;0.250000;0.866026;,
            0.433013;0.250000;0.866025;,
            0.433013;0.250000;0.866025;,
            0.433013;0.250000;0.866026;,
            0.866026;0.500000;0.000000;,
            0.866026;0.500000;0.000000;,
            0.866025;0.500000;0.000000;,
            0.433013;0.250000;-0.866026;,
            0.433013;0.250000;-0.866026;,
            0.433013;0.250000;-0.866025;,
            0.500000;-0.866026;0.000000;,
            0.500000;-0.866026;0.000000;,
            0.500000;-0.866026;0.000000;,
            -0.500001;0.866025;0.000000;,
            -0.500000;0.866025;-0.000000;,
            -0.500001;0.866025;0.000000;,
            -0.500000;0.866025;0.000000;,
            -0.500000;0.866026;0.000000;,
            -0.500000;0.866025;0.000001;,
            0.433012;0.250000;-0.866026;,
            0.433012;0.250000;-0.866026;,
            0.433012;0.250000;-0.866026;,
            -0.433012;-0.250000;-0.866026;,
            -0.433012;-0.250000;-0.866026;,
            -0.433012;-0.250000;-0.866026;,
            -0.866025;-0.500000;-0.000000;,
            -0.866025;-0.500000;-0.000001;,
            -0.866025;-0.500000;0.000000;,
            -0.866025;-0.500000;-0.000001;,
            -0.433012;-0.250000;0.866026;,
            -0.433012;-0.250000;0.866026;,
            -0.433012;-0.250000;0.866026;,
            0.433013;0.250000;0.866025;,
            0.433013;0.250000;0.866026;,
            0.433012;0.250000;0.866026;,
            0.866025;0.500000;0.000000;,
            0.866025;0.500000;0.000000;,
            0.866025;0.500000;0.000000;,
            -0.433012;-0.250000;-0.866026;,
            -0.447213;0.000000;-0.894427;,
            -0.433012;-0.250000;-0.866026;,
            0.447213;0.000000;-0.894427;,
            0.433013;0.250000;-0.866025;,
            -0.866025;-0.500000;-0.000000;,
            -0.866025;-0.500000;0.000000;,
            0.866025;0.500000;0.000000;,
            0.866025;0.500000;0.000001;,
            0.447214;-0.000000;0.894427;,
            -0.500000;0.866026;0.000001;,
            -0.499999;0.866026;0.000001;,
            -0.499999;0.866026;-0.000000;,
            -0.500000;0.866026;0.000000;,
            -0.499999;0.866026;-0.000000;,
            -0.499999;0.866026;-0.000000;,
            -0.500000;0.866026;0.000000;,
            -0.500000;0.866025;-0.000000;,
            0.499999;-0.866026;-0.000001;,
            0.499999;-0.866026;-0.000002;,
            0.499998;-0.866026;-0.000001;,
            0.500000;-0.866025;-0.000001;,
            0.499999;-0.866026;0.000001;,
            0.500000;-0.866026;0.000001;,
            0.500000;-0.866026;0.000000;,
            0.500000;-0.866026;-0.000001;,
            0.499999;-0.866026;-0.000001;,
            0.500000;-0.866026;-0.000000;,
            0.500000;-0.866025;0.000000;,
            0.500001;-0.866025;0.000001;,
            -0.433012;-0.250000;-0.866026;,
            -0.433012;-0.250000;-0.866026;,
            -0.433012;-0.250000;-0.866026;,
            0.433012;0.250000;-0.866026;,
            -0.433012;-0.250000;0.866026;,
            -0.447213;0.000000;0.894427;,
            -0.433012;-0.250000;0.866026;,
            0.866025;0.500000;0.000000;,
            0.866025;0.500000;0.000000;,
            -0.433012;-0.250000;0.866026;,
            -0.433013;-0.250000;0.866026;,
            -0.433012;-0.250000;0.866026;,
            0.433013;0.250000;0.866026;,
            0.500000;0.866026;-0.000001;,
            0.500000;0.866025;-0.000001;,
            0.500000;0.866025;-0.000001;,
            0.500000;0.866025;-0.000001;,
            -0.433013;0.250000;-0.866025;,
            -0.433013;0.250000;-0.866025;,
            -0.433013;0.250000;-0.866025;,
            -0.433013;0.250000;-0.866025;,
            -0.866025;0.500000;-0.000001;,
            -0.866025;0.500000;-0.000000;,
            -0.866025;0.500001;0.000000;,
            -0.866025;0.500000;-0.000001;,
            -0.433013;0.250000;0.866025;,
            -0.433012;0.250000;0.866025;,
            -0.433012;0.250000;0.866026;,
            -0.433013;0.250000;0.866025;,
            0.433013;-0.250000;0.866025;,
            0.433013;-0.250000;0.866025;,
            0.866025;-0.500000;0.000000;,
            0.433012;-0.250000;-0.866026;,
            0.433012;-0.250000;-0.866026;,
            -0.500000;-0.866026;0.000000;,
            -0.500000;-0.866026;0.000000;,
            0.500000;0.866026;0.000000;,
            0.500000;0.866026;0.000000;,
            0.500000;0.866026;0.000000;,
            0.433012;-0.250000;-0.866026;,
            0.433012;-0.250000;-0.866026;,
            0.433012;-0.250000;-0.866026;,
            -0.433012;0.250000;-0.866026;,
            -0.433013;0.250000;-0.866025;,
            -0.433013;0.250000;-0.866025;,
            -0.866025;0.500000;0.000000;,
            -0.866025;0.500000;0.000000;,
            -0.433012;0.250000;0.866025;,
            -0.433012;0.250000;0.866025;,
            -0.433012;0.250000;0.866026;,
            -0.433013;0.250000;0.866025;,
            0.433013;-0.250000;0.866025;,
            0.433013;-0.250000;0.866025;,
            0.433013;-0.250000;0.866025;,
            0.433013;-0.250000;0.866025;,
            0.866025;-0.500000;0.000000;,
            0.866025;-0.500000;0.000000;,
            0.866025;-0.500000;0.000000;,
            -0.433013;0.250000;-0.866025;,
            -0.433013;0.250000;-0.866025;,
            0.433012;-0.250000;-0.866026;,
            -0.433012;0.250000;0.866026;,
            -0.866025;0.500000;-0.000001;,
            -0.866025;0.500000;-0.000001;,
            0.866025;-0.500000;0.000000;,
            0.866025;-0.500000;0.000000;,
            0.433013;-0.250000;0.866025;,
            0.433012;-0.250000;-0.866026;,
            -0.433013;0.250000;-0.866025;,
            0.866025;-0.500000;0.000000;,
            -0.866025;0.500000;0.000000;,
            -0.866025;0.500000;0.000000;,
            0.433013;-0.250000;0.866025;,
            0.500000;0.866026;-0.000000;,
            0.500000;0.866025;-0.000000;,
            0.500000;0.866025;0.000000;,
            0.500000;0.866026;-0.000001;,
            0.500000;0.866025;0.000001;,
            0.500000;0.866025;0.000000;,
            0.500000;0.866025;-0.000000;,
            0.499999;0.866026;-0.000001;,
            -0.499999;-0.866026;0.000000;,
            -0.500000;-0.866026;-0.000001;,
            -0.500000;-0.866025;-0.000000;,
            -0.499999;-0.866026;0.000000;,
            -0.499999;-0.866026;0.000000;,
            -0.499998;-0.866026;0.000000;,
            -0.499999;-0.866026;-0.000001;,
            -0.500000;-0.866026;-0.000002;,
            -0.500001;-0.866025;-0.000001;,
            -0.500001;-0.866025;-0.000002;,
            -0.499999;-0.866026;0.000002;,
            -0.500000;-0.866026;0.000000;,
            -0.264244;0.301309;0.916181;,
            -0.213709;0.328578;0.919981;,
            -0.272613;0.078005;0.958956;,
            -0.162770;-0.232182;0.958956;,
            0.040697;-0.389844;0.919981;,
            0.213709;-0.328578;0.919981;,
            0.272613;-0.078005;0.958956;,
            0.061560;0.313682;0.947530;,
            0.162770;0.232182;0.958956;,
            -0.040697;0.389844;0.919981;,
            -0.505759;0.777604;0.373549;,
            -0.377271;0.843814;0.381635;,
            -0.505759;0.777604;0.373549;,
            -0.237835;0.893191;0.381635;,
            -0.831566;0.237943;0.501878;,
            -0.831566;0.237943;0.501878;,
            -0.831566;0.237943;0.501878;,
            -0.496506;-0.708238;0.501877;,
            -0.496506;-0.708238;0.501877;,
            -0.496506;-0.708238;0.501877;,
            0.831566;-0.237943;0.501877;,
            0.831566;-0.237943;0.501877;,
            0.831566;-0.237943;0.501877;,
            0.496505;0.708238;0.501877;,
            0.496505;0.708238;0.501877;,
            -0.096314;0.922597;0.373549;,
            -0.096314;0.922597;0.373549;,
            -0.496505;-0.708238;-0.501878;,
            -0.496505;-0.708238;-0.501878;,
            0.237835;-0.893190;-0.381635;,
            0.096314;-0.922597;-0.373550;,
            0.377271;-0.843813;-0.381635;,
            0.096313;-0.922597;-0.373550;,
            0.496505;0.708238;-0.501878;,
            0.496505;0.708238;-0.501878;,
            0.496505;0.708238;-0.501878;,
            -0.308397;0.870887;-0.382683;,
            -0.096314;0.922597;-0.373549;,
            -0.308397;0.870887;-0.382683;,
            -0.096314;0.922597;-0.373549;,
            -0.272613;0.078005;-0.958956;,
            -0.162770;-0.232182;-0.958956;,
            0.040697;-0.389844;-0.919981;,
            0.213709;-0.328578;-0.919981;,
            -0.040698;0.389845;-0.919981;,
            0.505759;-0.777604;-0.373549;,
            0.505759;-0.777604;-0.373549;,
            0.096314;-0.922597;0.373549;,
            0.308397;-0.870887;0.382683;,
            0.096314;-0.922597;0.373549;,
            0.308397;-0.870887;0.382683;,
            -0.496506;-0.708238;-0.501878;,
            -0.831566;0.237943;-0.501878;,
            -0.831566;0.237943;-0.501878;,
            -0.213709;0.328578;-0.919981;,
            0.831566;-0.237943;-0.501878;,
            0.831566;-0.237943;-0.501878;,
            -0.505759;0.777604;-0.373549;,
            0.272613;-0.078005;-0.958956;,
            0.220699;0.078154;-0.972206;,
            0.162770;0.232183;-0.958956;,
            -0.505759;0.777604;-0.373549;,
            0.222652;0.333223;0.916181;,
            0.222652;0.333223;0.916182;,
            0.222652;0.333223;0.916182;,
            0.222652;0.333223;0.916182;,
            -0.026211;0.399905;0.916182;,
            0.517207;0.774057;0.365148;,
            0.517209;0.774056;0.365147;,
            0.517208;0.774056;0.365148;,
            0.500001;0.866025;0.000001;,
            -0.499999;-0.866026;0.000002;,
            -0.264242;0.301310;0.916182;,
            -0.264242;0.301310;0.916182;,
            -0.264242;0.301310;0.916182;,
            -0.264242;0.301310;0.916182;,
            -0.264242;0.301310;0.916182;,
            -0.264242;0.301310;0.916182;,
            0.505759;-0.777604;0.373549;,
            0.505759;-0.777604;0.373549;,
            0.831566;-0.237943;-0.501878;,
            -0.831566;0.237943;-0.501878;,
            -0.272613;0.078005;0.958956;,
            0.213709;-0.328578;0.919981;,
            -0.496506;-0.708238;0.501877;,
            -0.496506;-0.708238;0.501877;,
            0.308397;-0.870887;0.382683;,
            0.096314;-0.922597;0.373549;,
            0.308397;-0.870887;0.382683;,
            0.096314;-0.922597;0.373549;,
            0.496505;0.708238;0.501878;,
            0.496505;0.708238;0.501878;,
            0.496505;0.708238;0.501877;,
            -0.237835;0.893190;0.381635;,
            -0.096314;0.922597;0.373549;,
            -0.377271;0.843814;0.381635;,
            -0.096314;0.922597;0.373549;,
            -0.377271;0.843814;-0.381635;,
            -0.505759;0.777604;-0.373549;,
            -0.237835;0.893190;-0.381635;,
            -0.831566;0.237943;-0.501878;,
            -0.831566;0.237943;-0.501878;,
            -0.831566;0.237943;-0.501878;,
            -0.496506;-0.708238;-0.501878;,
            -0.496505;-0.708238;-0.501878;,
            0.505759;-0.777604;-0.373549;,
            0.377271;-0.843813;-0.381635;,
            0.505759;-0.777604;-0.373549;,
            0.831566;-0.237943;-0.501878;,
            0.831566;-0.237943;-0.501878;,
            0.831566;-0.237943;-0.501878;,
            0.496505;0.708238;-0.501878;,
            0.496505;0.708238;-0.501878;,
            0.496505;0.708238;-0.501878;,
            -0.096314;0.922597;-0.373549;,
            -0.096314;0.922597;-0.373549;,
            -0.213709;0.328578;-0.919981;,
            -0.272613;0.078005;-0.958956;,
            -0.162770;-0.232182;-0.958956;,
            0.040698;-0.389844;-0.919981;,
            0.213709;-0.328578;-0.919981;,
            0.061560;0.313682;-0.947530;,
            0.162770;0.232182;-0.958956;,
            -0.040698;0.389844;-0.919981;,
            0.505759;-0.777604;0.373549;,
            0.505759;-0.777604;0.373549;,
            0.237835;-0.893190;-0.381635;,
            0.096314;-0.922597;-0.373549;,
            0.096314;-0.922597;-0.373549;,
            -0.213709;0.328578;0.919981;,
            -0.040697;0.389845;0.919981;,
            -0.505759;0.777605;0.373549;,
            -0.505759;0.777604;0.373549;,
            -0.831566;0.237943;0.501877;,
            -0.831566;0.237943;0.501877;,
            -0.831566;0.237943;0.501877;,
            0.831566;-0.237943;0.501877;,
            0.831566;-0.237943;0.501877;,
            0.272613;-0.078005;0.958956;,
            0.220699;0.078154;0.972206;,
            0.222652;0.333223;-0.916182;,
            0.222649;0.333218;-0.916184;,
            0.303602;0.232961;-0.923881;,
            -0.026212;0.399905;-0.916182;,
            -0.264230;0.301320;-0.916182;,
            -0.264230;0.301320;-0.916182;,
            -0.264242;0.301310;-0.916182;,
            -0.264242;0.301310;-0.916182;,
            -0.264242;0.301310;-0.916182;,
            -0.060888;0.928956;-0.365148;,
            0.517208;0.774056;-0.365148;,
            0.162770;0.232183;0.958956;,
            0.379495;-0.128822;-0.916181;,
            0.382684;0.000001;-0.923879;,
            0.379495;-0.128821;-0.916182;,
            0.379495;-0.128821;-0.916182;,
            0.382683;0.000000;-0.923880;,
            0.379495;-0.128821;-0.916182;,
            0.379495;-0.128821;-0.916182;,
            0.379495;-0.128822;-0.916182;,
            0.382683;0.000000;-0.923880;,
            0.382325;0.043261;-0.923015;,
            0.379495;0.128819;0.916182;,
            0.382683;0.000000;0.923880;,
            0.379495;0.128821;0.916182;,
            0.382684;0.000000;0.923879;,
            0.379495;0.128822;0.916182;,
            0.379495;0.128819;0.916182;,
            0.382684;-0.000001;0.923880;,
            0.382325;-0.043261;0.923015;,
            0.379495;0.128823;-0.916181;,
            0.379495;0.128821;-0.916182;,
            0.379495;0.128821;-0.916182;,
            0.379495;0.128822;-0.916182;,
            0.379495;0.128821;-0.916182;,
            0.379495;-0.128821;0.916182;,
            0.379495;-0.128821;0.916182;,
            0.379494;-0.128821;0.916182;,
            0.379495;-0.128821;0.916182;,
            0.379495;-0.128818;0.916182;,
            0.000000;0.500000;-0.866025;,
            -0.000000;0.500000;-0.866025;,
            0.000000;0.500000;-0.866025;,
            -0.000000;1.000000;0.000000;,
            0.000000;1.000000;0.000000;,
            -0.000000;1.000000;0.000000;,
            -0.000000;0.500000;0.866025;,
            -0.000000;0.500000;0.866025;,
            -0.000000;0.500000;0.866025;,
            0.000000;-0.500000;0.866025;,
            0.000000;-0.500000;0.866025;,
            0.000000;-0.500000;0.866025;,
            0.000000;-1.000000;-0.000000;,
            0.000000;-1.000000;-0.000000;,
            0.000000;-1.000000;-0.000000;,
            0.000000;-0.500000;-0.866025;,
            0.000000;-0.500000;-0.866025;,
            0.000000;-0.500000;-0.866025;,
            1.000000;0.000000;0.000000;,
            -0.000000;0.500000;-0.866025;,
            0.000000;0.500000;-0.866025;,
            -0.000000;0.500000;-0.866025;,
            0.000000;-1.000000;-0.000000;,
            0.000000;-1.000000;-0.000000;,
            0.000000;-1.000000;-0.000000;,
            -0.000000;1.000000;0.000000;,
            -0.000000;1.000000;0.000000;,
            -0.000000;1.000000;-0.000000;,
            0.000000;-0.500000;-0.866025;,
            0.000000;-0.500000;-0.866025;,
            0.000000;-0.500000;-0.866025;,
            -1.000000;-0.000000;0.000000;,
            -1.000000;0.000000;0.000000;,
            -1.000000;-0.000000;0.000000;,
            -1.000000;0.000000;-0.000000;,
            -1.000000;0.000000;-0.000000;,
            -1.000000;-0.000000;-0.000000;,
            -1.000000;-0.000000;0.000000;,
            -1.000000;-0.000000;0.000000;,
            -1.000000;-0.000000;-0.000000;,
            -1.000000;-0.000000;0.000000;,
            -1.000000;-0.000000;-0.000000;,
            -1.000000;0.000000;-0.000000;,
            -1.000000;-0.000000;-0.000000;,
            -1.000000;0.000000;-0.000000;,
            -1.000000;-0.000000;-0.000000;,
            -1.000000;-0.000000;-0.000000;,
            -0.000000;0.500000;0.866025;,
            -0.000000;0.500000;0.866025;,
            -0.000000;0.500000;0.866025;,
            0.000000;-0.500000;0.866025;,
            0.000000;-0.500000;0.866025;,
            0.000000;-0.500000;0.866025;,
            0.000000;-1.000000;-0.000000;,
            0.000000;-1.000000;-0.000000;,
            0.000000;-1.000000;0.000000;,
            0.000000;-0.500000;-0.866025;,
            0.000000;-0.500000;-0.866025;,
            0.000000;-0.500001;-0.866025;,
            -0.000000;0.499999;-0.866026;,
            0.000000;0.500000;-0.866025;,
            -0.000000;1.000000;0.000000;,
            -0.000000;1.000000;0.000000;,
            -1.000000;0.000001;-0.000001;,
            -1.000000;0.000000;-0.000002;,
            -1.000000;0.000001;-0.000001;,
            -1.000000;-0.000000;-0.000002;,
            -1.000000;0.000002;0.000000;,
            -1.000000;0.000002;0.000000;,
            -1.000000;0.000001;0.000002;,
            -1.000000;0.000001;0.000002;,
            -1.000000;0.000001;0.000002;,
            -1.000000;-0.000001;0.000001;,
            -1.000000;-0.000001;0.000001;,
            -1.000000;-0.000002;0.000000;,
            -1.000000;-0.000001;0.000002;,
            -1.000000;-0.000001;-0.000001;,
            -1.000000;-0.000001;-0.000001;,
            -0.000000;-0.500000;0.866025;,
            0.000000;-0.500000;0.866026;,
            -0.000000;-0.500001;0.866025;,
            0.000000;-0.499999;0.866026;,
            -0.000000;0.500000;0.866025;,
            -0.000000;0.500000;0.866025;,
            -0.000000;0.500000;0.866025;,
            -0.000000;0.500000;0.866025;,
            -0.000000;-1.000000;-0.000000;,
            -0.000000;-1.000000;-0.000000;,
            -0.000000;-1.000000;0.000000;,
            -0.000000;-1.000000;-0.000000;,
            1.000000;0.000000;0.000000;,
            1.000000;0.000001;-0.000000;,
            1.000000;-0.000000;-0.000000;,
            -0.007470;0.999967;0.003087;,
            -0.014941;0.999869;0.006174;,
            -0.029878;0.999477;0.012347;,
            0.000000;1.000000;0.000000;,
            -0.000000;-0.500001;0.866025;,
            -0.000000;-0.500000;0.866026;,
            -0.000000;-0.500000;0.866025;,
            -0.000000;-0.500000;0.866025;,
            -0.000000;0.500000;0.866025;,
            -0.000000;0.500000;0.866025;,
            -0.000000;0.500000;0.866025;,
            -0.000000;0.500000;0.866025;,
            1.000000;0.000006;0.000000;,
            1.000000;0.000001;0.000000;,
            -1.000000;-0.000000;0.000000;,
            -1.000000;0.000001;0.000000;,
            -1.000000;0.000000;0.000000;,
            -1.000000;0.000001;0.000000;,
            -1.000000;0.000001;0.000000;,
            -0.000000;0.500000;-0.866025;,
            -0.000000;0.500000;-0.866025;,
            -0.000000;0.500000;-0.866026;,
            -0.000000;1.000000;-0.000000;,
            -0.000000;1.000000;-0.000000;,
            -0.000000;1.000000;0.000000;,
            -0.000000;0.500000;0.866026;,
            -0.000000;0.500000;0.866026;,
            -0.000000;0.500000;0.866026;,
            -0.000000;-0.500000;0.866026;,
            -0.000000;-0.500000;0.866026;,
            -0.000000;-0.500000;0.866026;,
            0.000000;-1.000000;-0.000000;,
            0.000000;-1.000000;-0.000000;,
            0.000000;-0.500000;-0.866025;,
            0.000000;-0.500000;-0.866026;,
            0.000000;-0.500000;-0.866025;,
            1.000000;0.000000;0.000000;,
            1.000000;0.000000;0.000000;,
            1.000000;0.000000;0.000000;,
            1.000000;0.000000;0.000000;,
            1.000000;0.000000;0.000000;,
            -0.000000;0.500000;0.866026;,
            -0.000000;0.500000;0.866026;,
            0.000000;-1.000000;-0.000000;,
            0.000000;-1.000000;-0.000000;,
            0.000000;-1.000000;-0.000000;,
            -0.000000;1.000000;0.000000;,
            -0.000000;1.000000;0.000000;,
            -0.000000;1.000000;0.000000;,
            -0.000000;-0.500000;0.866026;,
            -0.000000;-0.500000;0.866026;,
            -0.000000;-0.500000;0.866026;,
            -1.000000;-0.000000;0.000000;,
            -1.000000;-0.000000;0.000000;,
            -1.000000;0.000000;-0.000000;,
            -1.000000;0.000000;-0.000000;,
            -1.000000;-0.000000;-0.000000;,
            -1.000000;-0.000000;0.000000;,
            -1.000000;-0.000000;0.000000;,
            -1.000000;-0.000000;-0.000000;,
            -1.000000;-0.000000;0.000000;,
            -1.000000;0.000000;-0.000000;,
            -1.000000;0.000000;0.000000;,
            -1.000000;-0.000000;0.000000;,
            -1.000000;-0.000000;0.000000;,
            -1.000000;-0.000000;-0.000000;,
            -1.000000;-0.000000;-0.000000;,
            -1.000000;-0.000000;0.000000;,
            -1.000000;-0.000000;0.000000;,
            0.000000;0.500000;0.866025;,
            0.000000;0.500000;0.866026;,
            -0.000000;0.500000;0.866025;,
            0.000000;-0.500000;0.866025;,
            0.000000;-0.500000;0.866025;,
            0.000000;-0.500001;0.866025;,
            0.000000;-1.000000;-0.000000;,
            0.000000;-1.000000;0.000000;,
            0.000000;-1.000000;-0.000000;,
            0.000000;-0.500000;-0.866025;,
            0.000000;-0.500000;-0.866025;,
            0.000000;-0.500000;-0.866025;,
            0.000000;0.500000;-0.866025;,
            0.000000;0.500000;-0.866025;,
            -0.000000;1.000000;0.000000;,
            -0.000000;1.000000;0.000000;,
            -0.000000;1.000000;0.000000;,
            -1.000000;0.000001;-0.000001;,
            -1.000000;0.000000;-0.000002;,
            -1.000000;0.000001;-0.000001;,
            -1.000000;-0.000000;-0.000001;,
            -1.000000;0.000002;0.000000;,
            -1.000000;0.000002;0.000000;,
            -1.000000;0.000001;0.000001;,
            -1.000000;0.000001;0.000001;,
            -1.000000;0.000001;0.000001;,
            -1.000000;-0.000001;0.000001;,
            -1.000000;-0.000001;0.000001;,
            -1.000000;-0.000001;0.000000;,
            -1.000000;-0.000001;0.000001;,
            -1.000000;-0.000001;-0.000001;,
            -1.000000;-0.000001;-0.000001;,
            -0.000000;-0.500000;-0.866026;,
            0.000000;-0.499999;-0.866026;,
            -0.000000;-0.500000;-0.866025;,
            -0.000000;0.500000;-0.866026;,
            -0.000000;0.500000;-0.866025;,
            0.000000;0.499999;-0.866026;,
            -0.000000;0.500000;-0.866026;,
            1.000000;0.000000;-0.000000;,
            1.000000;0.000000;-0.000000;,
            -1.000000;0.000000;0.000000;,
            -0.000000;-0.500000;-0.866025;,
            0.000000;-0.500000;-0.866025;,
            0.000000;-0.500000;-0.866025;,
            0.000000;-0.500000;-0.866025;,
            0.000000;-0.500000;-0.866026;,
            0.000000;-0.500000;-0.866026;,
            0.000000;0.499999;-0.866026;,
            -0.000000;0.500000;-0.866026;,
            -0.000000;0.499999;-0.866026;,
            -0.000000;0.500000;-0.866026;,
            0.000000;-1.000000;-0.000000;,
            0.000000;-1.000000;-0.000000;,
            0.000000;-1.000000;-0.000000;,
            0.000000;-1.000000;-0.000000;,
            -1.000000;-0.000000;-0.000000;,
            -1.000000;-0.000001;-0.000000;,
            -1.000000;-0.000001;-0.000000;,
            -1.000000;-0.000000;-0.000000;,
            -1.000000;-0.000000;0.000000;,
            -1.000000;0.000000;0.000000;,
            1.000000;0.000001;-0.000000;,
            1.000000;0.000000;0.000000;,
            1.000000;0.000001;0.000000;,
            1.000000;0.000000;-0.000000;,
            1.000000;0.000000;-0.000000;,
            1.000000;0.000000;-0.000000;,
            1.000000;0.000000;-0.000000;,
            1.000000;0.000001;-0.000000;,
            -1.000000;0.000000;0.000000;,
            -1.000000;-0.000000;0.000000;,
            0.000000;1.000000;0.000000;,
            -0.000000;1.000000;0.000000;,
            1.000000;0.000003;-0.000000;,
            -1.000000;0.000000;0.000000;;
            1246;
            3;0,0,0;,
            3;1,1,1;,
            3;2,2,2;,
            3;3,3,3;,
            3;4,4,4;,
            3;5,6,5;,
            3;7,9,8;,
            3;10,12,11;,
            3;11,14,13;,
            3;10,11,13;,
            3;15,10,13;,
            3;16,16,16;,
            3;17,17,17;,
            3;18,18,18;,
            3;19,19,20;,
            3;21,21,22;,
            3;23,23,23;,
            3;24,24,24;,
            3;25,27,26;,
            3;28,30,29;,
            3;31,33,32;,
            3;34,35,34;,
            3;34,34,34;,
            3;36,37,36;,
            3;36,38,36;,
            3;39,40,39;,
            3;39,41,39;,
            3;42,43,42;,
            3;42,44,42;,
            3;45,46,45;,
            3;45,47,45;,
            3;48,49,48;,
            3;48,50,48;,
            3;51,53,52;,
            3;52,52,51;,
            3;51,52,51;,
            3;51,51,51;,
            3;54,56,55;,
            3;55,58,57;,
            3;54,55,57;,
            3;59,54,57;,
            3;60,61,60;,
            3;60,62,60;,
            3;63,64,63;,
            3;63,65,63;,
            3;66,67,66;,
            3;66,68,66;,
            3;69,70,69;,
            3;69,71,69;,
            3;72,73,72;,
            3;72,74,72;,
            3;75,76,75;,
            3;75,77,75;,
            3;78,26,27;,
            3;27,79,78;,
            3;80,82,81;,
            3;80,81,83;,
            3;80,83,84;,
            3;85,80,84;,
            3;86,87,81;,
            3;82,86,81;,
            3;86,33,88;,
            3;86,88,89;,
            3;86,89,90;,
            3;91,93,92;,
            3;91,92,94;,
            3;95,91,94;,
            3;93,96,92;,
            3;97,99,98;,
            3;98,100,97;,
            3;99,101,98;,
            3;102,103,6;,
            3;101,104,98;,
            3;105,107,106;,
            3;108,105,106;,
            3;109,108,106;,
            3;110,111,110;,
            3;110,112,110;,
            3;113,114,113;,
            3;113,115,113;,
            3;116,117,116;,
            3;116,118,116;,
            3;119,120,119;,
            3;119,121,119;,
            3;122,123,122;,
            3;122,124,122;,
            3;125,126,125;,
            3;125,127,125;,
            3;128,129,128;,
            3;128,128,128;,
            3;128,128,128;,
            3;128,128,128;,
            3;130,132,131;,
            3;131,134,133;,
            3;130,131,133;,
            3;135,130,133;,
            3;136,137,136;,
            3;136,138,136;,
            3;139,140,139;,
            3;139,141,139;,
            3;142,143,142;,
            3;142,144,142;,
            3;145,146,145;,
            3;145,147,145;,
            3;148,149,148;,
            3;148,150,148;,
            3;151,152,151;,
            3;151,153,151;,
            3;84,31,32;,
            3;32,85,84;,
            3;91,154,6;,
            3;103,91,6;,
            3;155,156,11;,
            3;11,156,157;,
            3;157,158,11;,
            3;157,159,158;,
            3;160,162,161;,
            3;160,161,163;,
            3;160,163,164;,
            3;162,155,161;,
            3;165,167,166;,
            3;168,167,165;,
            3;169,105,108;,
            3;169,108,170;,
            3;169,170,171;,
            3;155,11,161;,
            3;172,174,173;,
            3;175,172,173;,
            3;176,178,177;,
            3;177,179,176;,
            3;180,182,181;,
            3;183,185,184;,
            3;184,186,183;,
            3;187,189,188;,
            3;190,192,191;,
            3;193,194,193;,
            3;193,194,193;,
            3;193,193,193;,
            3;194,193,193;,
            3;195,197,196;,
            3;196,199,198;,
            3;195,196,198;,
            3;200,195,198;,
            3;201,203,202;,
            3;202,204,201;,
            3;205,207,206;,
            3;208,210,209;,
            3;211,212,211;,
            3;213,211,211;,
            3;205,206,214;,
            3;204,216,215;,
            3;217,176,179;,
            3;179,218,217;,
            3;219,219,220;,
            3;221,208,209;,
            3;222,181,182;,
            3;182,223,222;,
            3;224,8,9;,
            3;9,225,224;,
            3;7,227,226;,
            3;226,9,7;,
            3;228,229,226;,
            3;226,227,228;,
            3;228,230,229;,
            3;231,232,229;,
            3;229,230,231;,
            3;233,235,234;,
            3;78,236,26;,
            3;236,237,26;,
            3;236,239,238;,
            3;240,242,241;,
            3;243,245,244;,
            3;246,248,247;,
            3;248,172,247;,
            3;248,174,172;,
            3;176,249,178;,
            3;180,181,250;,
            3;250,251,180;,
            3;252,176,253;,
            3;254,219,219;,
            3;255,181,222;,
            3;191,192,256;,
            3;257,259,258;,
            3;185,261,260;,
            3;262,264,263;,
            3;265,267,266;,
            3;266,268,265;,
            3;269,271,270;,
            3;272,274,273;,
            3;273,276,275;,
            3;272,273,275;,
            3;277,272,275;,
            3;278,280,279;,
            3;279,281,279;,
            3;278,279,279;,
            3;282,278,279;,
            3;283,284,283;,
            3;285,286,286;,
            3;287,288,287;,
            3;289,265,290;,
            3;175,173,243;,
            3;243,244,175;,
            3;291,292,292;,
            3;293,204,215;,
            3;294,250,181;,
            3;181,295,294;,
            3;296,29,30;,
            3;297,296,30;,
            3;297,30,298;,
            3;258,299,257;,
            3;300,301,257;,
            3;299,300,257;,
            3;302,304,303;,
            3;303,305,302;,
            3;306,185,260;,
            3;307,259,257;,
            3;257,226,229;,
            3;307,257,229;,
            3;308,310,309;,
            3;309,158,308;,
            3;310,311,309;,
            3;311,312,309;,
            3;311,313,312;,
            3;314,316,315;,
            3;317,319,318;,
            3;320,322,321;,
            3;321,323,320;,
            3;324,325,324;,
            3;326,328,327;,
            3;327,330,329;,
            3;326,327,329;,
            3;331,326,329;,
            3;332,334,333;,
            3;333,336,335;,
            3;332,333,335;,
            3;337,332,335;,
            3;338,338,339;,
            3;340,340,341;,
            3;342,343,342;,
            3;344,345,344;,
            3;346,347,346;,
            3;348,348,348;,
            3;349,176,252;,
            3;350,351,350;,
            3;350,352,350;,
            3;267,265,289;,
            3;289,353,267;,
            3;158,355,354;,
            3;356,298,357;,
            3;358,360,359;,
            3;358,359,361;,
            3;358,361,362;,
            3;363,317,318;,
            3;364,321,365;,
            3;366,368,367;,
            3;364,323,321;,
            3;369,371,370;,
            3;372,374,373;,
            3;372,373,375;,
            3;374,376,92;,
            3;92,373,374;,
            3;377,378,92;,
            3;376,377,92;,
            3;378,377,379;,
            3;380,381,380;,
            3;380,382,380;,
            3;383,338,338;,
            3;384,386,385;,
            3;387,387,388;,
            3;389,389,389;,
            3;390,392,391;,
            3;393,395,394;,
            3;394,396,393;,
            3;397,399,398;,
            3;400,401,400;,
            3;400,401,400;,
            3;400,400,400;,
            3;401,400,400;,
            3;402,402,402;,
            3;402,402,402;,
            3;402,402,402;,
            3;402,402,402;,
            3;392,403,391;,
            3;404,404,405;,
            3;406,407,406;,
            3;387,387,408;,
            3;409,410,409;,
            3;411,412,411;,
            3;411,411,411;,
            3;413,415,414;,
            3;393,413,414;,
            3;395,393,414;,
            3;416,237,417;,
            3;418,419,418;,
            3;418,420,418;,
            3;416,421,237;,
            3;422,422,423;,
            3;424,425,425;,
            3;426,267,353;,
            3;427,370,428;,
            3;384,429,386;,
            3;430,432,431;,
            3;431,433,430;,
            3;434,322,431;,
            3;431,432,434;,
            3;434,436,435;,
            3;435,322,434;,
            3;437,13,14;,
            3;438,440,439;,
            3;438,439,441;,
            3;442,438,441;,
            3;440,444,443;,
            3;440,443,439;,
            3;445,446,445;,
            3;447,395,414;,
            3;448,448,449;,
            3;247,451,450;,
            3;452,386,453;,
            3;454,455,454;,
            3;456,176,349;,
            3;457,459,458;,
            3;458,460,457;,
            3;461,461,461;,
            3;461,461,461;,
            3;461,461,461;,
            3;461,461,461;,
            3;462,464,463;,
            3;463,464,462;,
            3;462,463,462;,
            3;465,462,462;,
            3;466,467,466;,
            3;468,466,466;,
            3;469,470,469;,
            3;469,469,471;,
            3;472,473,472;,
            3;472,474,472;,
            3;475,476,475;,
            3;475,477,475;,
            3;478,479,478;,
            3;478,478,478;,
            3;98,104,480;,
            3;481,482,234;,
            3;481,234,235;,
            3;483,485,484;,
            3;486,486,486;,
            3;487,442,441;,
            3;450,488,245;,
            3;450,245,246;,
            3;450,246,247;,
            3;489,245,488;,
            3;490,489,488;,
            3;491,489,490;,
            3;490,492,491;,
            3;493,385,386;,
            3;386,452,493;,
            3;494,495,12;,
            3;12,496,494;,
            3;443,444,497;,
            3;498,443,497;,
            3;499,498,497;,
            3;498,500,443;,
            3;501,502,501;,
            3;501,503,501;,
            3;504,504,504;,
            3;504,504,504;,
            3;505,507,506;,
            3;508,317,363;,
            3;304,302,509;,
            3;510,511,510;,
            3;512,514,513;,
            3;514,516,515;,
            3;517,229,518;,
            3;519,521,520;,
            3;431,322,320;,
            3;522,431,320;,
            3;522,320,523;,
            3;319,519,520;,
            3;516,514,512;,
            3;521,524,520;,
            3;525,525,525;,
            3;525,526,526;,
            3;525,525,526;,
            3;526,525,526;,
            3;527,529,528;,
            3;528,531,530;,
            3;527,528,530;,
            3;532,527,530;,
            3;533,534,533;,
            3;535,533,533;,
            3;536,538,537;,
            3;539,539,540;,
            3;541,542,542;,
            3;543,544,544;,
            3;545,547,546;,
            3;548,545,546;,
            3;549,550,549;,
            3;549,551,549;,
            3;552,536,537;,
            3;553,555,554;,
            3;554,557,556;,
            3;553,554,556;,
            3;558,553,556;,
            3;559,559,560;,
            3;561,342,342;,
            3;562,520,524;,
            3;563,564,564;,
            3;369,370,427;,
            3;565,566,369;,
            3;564,567,564;,
            3;568,566,565;,
            3;567,569,569;,
            3;570,571,570;,
            3;570,572,570;,
            3;573,314,315;,
            3;315,574,573;,
            3;573,575,312;,
            3;312,313,314;,
            3;573,312,314;,
            3;575,576,312;,
            3;577,579,578;,
            3;580,510,510;,
            3;515,302,305;,
            3;581,307,229;,
            3;517,581,229;,
            3;522,582,431;,
            3;542,542,583;,
            3;547,545,584;,
            3;585,586,585;,
            3;585,587,585;,
            3;588,544,544;,
            3;204,293,589;,
            3;590,559,559;,
            3;286,286,580;,
            3;591,324,324;,
            3;592,287,287;,
            3;593,594,593;,
            3;593,595,593;,
            3;596,83,81;,
            3;596,81,597;,
            3;598,298,356;,
            3;358,599,599;,
            3;600,602,601;,
            3;603,604,603;,
            3;603,605,603;,
            3;606,607,606;,
            3;606,608,606;,
            3;609,454,454;,
            3;344,344,610;,
            3;611,612,611;,
            3;611,613,611;,
            3;614,346,346;,
            3;615,340,340;,
            3;616,267,426;,
            3;270,271,617;,
            3;618,270,617;,
            3;619,620,619;,
            3;619,621,619;,
            3;622,262,263;,
            3;263,623,622;,
            3;624,283,283;,
            3;625,509,577;,
            3;577,578,625;,
            3;626,627,626;,
            3;626,628,626;,
            3;629,630,629;,
            3;629,631,629;,
            3;632,633,632;,
            3;632,634,632;,
            3;635,539,539;,
            3;636,536,552;,
            3;637,558,556;,
            3;638,639,638;,
            3;638,640,638;,
            3;641,348,348;,
            3;642,643,642;,
            3;642,644,642;,
            3;425,425,645;,
            3;646,648,647;,
            3;647,649,646;,
            3;650,650,651;,
            3;652,650,651;,
            3;95,154,91;,
            3;164,355,158;,
            3;164,158,159;,
            3;164,159,160;,
            3;653,654,297;,
            3;297,298,653;,
            3;315,316,308;,
            3;315,308,158;,
            3;354,315,158;,
            3;378,94,92;,
            3;655,404,404;,
            3;656,448,448;,
            3;657,378,379;,
            3;658,369,566;,
            3;574,506,507;,
            3;507,573,574;,
            3;366,367,659;,
            3;659,660,366;,
            3;661,662,562;,
            3;663,665,664;,
            3;663,664,660;,
            3;601,562,662;,
            3;662,600,601;,
            3;598,653,298;,
            3;666,667,666;,
            3;666,666,668;,
            3;669,670,669;,
            3;671,672,108;,
            3;671,108,109;,
            3;671,109,673;,
            3;674,674,675;,
            3;674,676,674;,
            3;677,679,678;,
            3;680,681,680;,
            3;682,682,682;,
            3;678,683,677;,
            3;678,685,684;,
            3;679,685,678;,
            3;686,687,686;,
            3;686,688,686;,
            3;689,649,689;,
            3;689,647,689;,
            3;690,691,690;,
            3;201,204,589;,
            3;589,692,201;,
            3;693,208,221;,
            3;694,695,694;,
            3;696,694,694;,
            3;697,205,214;,
            3;698,699,698;,
            3;698,651,698;,
            3;700,700,700;,
            3;701,701,702;,
            3;703,704,703;,
            3;703,705,703;,
            3;706,707,706;,
            3;706,706,708;,
            3;680,680,709;,
            3;678,684,710;,
            3;711,422,422;,
            3;712,397,398;,
            3;398,713,712;,
            3;714,715,714;,
            3;714,716,714;,
            3;717,395,447;,
            3;392,718,403;,
            3;719,720,707;,
            3;707,721,719;,
            3;722,250,294;,
            3;723,184,185;,
            3;185,306,723;,
            3;724,249,176;,
            3;176,456,724;,
            3;253,176,217;,
            3;187,188,725;,
            3;725,726,187;,
            3;292,292,727;,
            3;295,181,255;,
            3;728,191,256;,
            3;690,690,729;,
            3;730,731,730;,
            3;730,732,730;,
            3;733,676,733;,
            3;733,675,733;,
            3;493,496,12;,
            3;385,493,12;,
            3;734,385,12;,
            3;735,409,409;,
            3;736,445,445;,
            3;737,738,737;,
            3;737,739,737;,
            3;406,740,406;,
            3;741,742,741;,
            3;741,675,741;,
            3;743,744,651;,
            3;651,745,743;,
            3;746,747,746;,
            3;746,746,748;,
            3;749,750,647;,
            3;751,752,751;,
            3;647,754,753;,
            3;753,755,647;,
            3;756,757,756;,
            3;758,758,758;,
            3;756,756,759;,
            3;760,707,760;,
            3;760,760,760;,
            3;761,763,762;,
            3;762,765,764;,
            3;764,761,762;,
            3;766,767,766;,
            3;768,766,766;,
            3;651,770,769;,
            3;12,771,161;,
            3;161,11,12;,
            3;90,87,86;,
            3;772,773,166;,
            3;772,166,169;,
            3;774,772,169;,
            3;171,774,169;,
            3;238,417,237;,
            3;237,236,238;,
            3;242,776,775;,
            3;775,241,242;,
            3;777,497,487;,
            3;778,780,779;,
            3;781,778,779;,
            3;782,781,779;,
            3;783,783,420;,
            3;480,784,484;,
            3;484,98,480;,
            3;784,785,484;,
            3;701,701,481;,
            3;785,483,484;,
            3;786,242,240;,
            3;458,459,499;,
            3;777,458,499;,
            3;777,499,497;,
            3;787,787,385;,
            3;788,788,789;,
            3;789,790,790;,
            3;791,675,762;,
            3;763,792,791;,
            3;762,763,791;,
            3;749,647,793;,
            3;794,793,647;,
            3;751,795,751;,
            3;769,796,651;,
            3;797,797,798;,
            3;799,647,750;,
            3;707,801,800;,
            3;800,707,800;,
            3;802,804,803;,
            3;803,805,802;,
            3;806,807,806;,
            3;806,792,806;,
            3;808,810,809;,
            3;809,769,808;,
            3;811,812,811;,
            3;811,813,811;,
            3;814,767,814;,
            3;814,815,814;,
            3;816,816,816;,
            3;816,817,816;,
            3;797,818,797;,
            3;819,821,820;,
            3;822,823,822;,
            3;824,825,821;,
            3;821,819,824;,
            3;826,827,825;,
            3;825,824,826;,
            3;826,803,804;,
            3;804,827,826;,
            3;828,830,829;,
            3;829,831,828;,
            3;828,833,832;,
            3;832,830,828;,
            3;833,835,834;,
            3;834,832,833;,
            3;835,837,836;,
            3;836,834,835;,
            3;837,839,838;,
            3;838,836,837;,
            3;840,840,840;,
            3;841,841,841;,
            3;841,841,841;,
            3;807,842,806;,
            3;806,843,807;,
            3;844,808,844;,
            3;844,845,844;,
            3;846,848,847;,
            3;847,847,846;,
            3;849,767,849;,
            3;849,849,849;,
            3;850,851,848;,
            3;848,852,850;,
            3;817,854,853;,
            3;853,855,817;,
            3;856,858,857;,
            3;857,859,856;,
            3;860,861,860;,
            3;860,807,860;,
            3;846,863,862;,
            3;862,848,846;,
            3;864,864,864;,
            3;864,864,864;,
            3;865,866,865;,
            3;865,683,865;,
            3;867,650,867;,
            3;867,808,867;,
            3;683,683,683;,
            3;683,683,683;,
            3;868,869,868;,
            3;868,807,868;,
            3;870,871,870;,
            3;870,808,870;,
            3;872,873,872;,
            3;872,874,872;,
            3;848,876,875;,
            3;875,877,848;,
            3;817,879,878;,
            3;878,880,817;,
            3;817,882,881;,
            3;881,883,817;,
            3;884,820,802;,
            3;885,885,823;,
            3;831,829,838;,
            3;838,839,831;,
            3;886,888,887;,
            3;887,889,886;,
            3;890,891,888;,
            3;888,886,890;,
            3;892,893,891;,
            3;891,890,892;,
            3;892,857,858;,
            3;858,893,892;,
            3;894,896,895;,
            3;895,897,894;,
            3;894,899,898;,
            3;898,896,894;,
            3;899,901,900;,
            3;900,898,899;,
            3;901,903,902;,
            3;902,900,901;,
            3;903,905,904;,
            3;904,902,903;,
            3;906,908,907;,
            3;907,909,906;,
            3;910,911,910;,
            3;910,912,910;,
            3;913,914,914;,
            3;914,913,913;,
            3;915,915,915;,
            3;915,915,915;,
            3;916,918,917;,
            3;917,919,916;,
            3;920,921,921;,
            3;921,922,920;,
            3;923,925,924;,
            3;924,924,923;,
            3;926,927,926;,
            3;926,926,928;,
            3;926,926,928;,
            3;926,926,928;,
            3;929,931,930;,
            3;930,933,932;,
            3;929,930,932;,
            3;934,929,932;,
            3;935,935,935;,
            3;936,937,935;,
            3;938,940,939;,
            3;939,939,938;,
            3;941,943,942;,
            3;942,944,941;,
            3;945,947,946;,
            3;946,946,945;,
            3;948,918,949;,
            3;949,950,948;,
            3;951,952,952;,
            3;952,953,951;,
            3;954,955,954;,
            3;956,940,938;,
            3;957,958,925;,
            3;925,923,957;,
            3;959,960,944;,
            3;944,942,959;,
            3;961,951,953;,
            3;953,962,961;,
            3;949,950,949;,
            3;949,963,949;,
            3;889,887,856;,
            3;856,859,889;,
            3;897,895,904;,
            3;904,905,897;,
            3;964,966,965;,
            3;965,967,964;,
            3;968,969,966;,
            3;966,964,968;,
            3;970,971,969;,
            3;969,968,970;,
            3;970,907,908;,
            3;908,971,970;,
            3;972,974,973;,
            3;973,975,972;,
            3;972,977,976;,
            3;976,974,972;,
            3;977,979,978;,
            3;978,976,977;,
            3;979,981,980;,
            3;980,978,979;,
            3;981,983,982;,
            3;982,980,981;,
            3;913,913,960;,
            3;960,960,913;,
            3;955,985,984;,
            3;984,986,955;,
            3;987,957,937;,
            3;937,936,987;,
            3;988,989,988;,
            3;947,945,990;,
            3;991,920,922;,
            3;922,992,991;,
            3;993,994,989;,
            3;989,995,993;,
            3;963,916,919;,
            3;919,996,963;,
            3;997,999,998;,
            3;998,1000,997;,
            3;1001,1003,1002;,
            3;1002,1004,1001;,
            3;1005,1007,1006;,
            3;1006,1008,1005;,
            3;1009,1011,1010;,
            3;1010,1012,1009;,
            3;1013,1014,1014;,
            3;1014,1013,1013;,
            3;1015,1015,1015;,
            3;1015,1015,1015;,
            3;1016,1016,1017;,
            3;1017,1017,1016;,
            3;1018,1019,1018;,
            3;1018,1018,1018;,
            3;1018,1018,1018;,
            3;1019,1018,1018;,
            3;1020,1020,1020;,
            3;1020,1021,1021;,
            3;1020,1020,1021;,
            3;1022,1020,1021;,
            3;1023,1023,1023;,
            3;1024,1025,1023;,
            3;1026,1027,733;,
            3;733,1028,1026;,
            3;1029,1029,1029;,
            3;1029,1030,1029;,
            3;1031,1033,1032;,
            3;1032,1034,1031;,
            3;1035,1037,1036;,
            3;1036,1038,1035;,
            3;1039,1040,1040;,
            3;1040,1041,1039;,
            3;1002,1003,1042;,
            3;1043,955,1043;,
            3;957,1044,1016;,
            3;1016,1016,957;,
            3;1012,1009,1012;,
            3;1045,989,1045;,
            3;1046,1005,1008;,
            3;1008,1047,1046;,
            3;1048,1049,1039;,
            3;1039,1041,1048;,
            3;963,1050,1038;,
            3;1038,1036,963;,
            3;1051,957,1025;,
            3;1025,1024,1051;,
            3;1027,1026,955;,
            3;955,1052,1027;,
            3;683,1053,1015;,
            3;1015,1015,683;,
            3;1030,1029,1054;,
            3;1054,1055,1030;,
            3;989,1033,1031;,
            3;1031,648,989;,
            3;1056,963,1013;,
            3;1013,1013,1056;,
            3;967,965,906;,
            3;906,909,967;,
            3;975,973,982;,
            3;982,983,975;,
            3;1057,1059,1058;,
            3;1058,1060,1057;,
            3;1061,1062,1059;,
            3;1059,1057,1061;,
            3;1063,1064,1062;,
            3;1062,1061,1063;,
            3;1063,998,999;,
            3;999,1064,1063;,
            3;1065,1067,1066;,
            3;1066,1068,1065;,
            3;1065,1070,1069;,
            3;1069,1067,1065;,
            3;1070,1072,1071;,
            3;1071,1069,1070;,
            3;1072,1074,1073;,
            3;1073,1071,1072;,
            3;1075,1075,1075;,
            3;1076,1073,1074;,
            3;1077,1077,1077;,
            3;106,107,168;,
            3;1078,1078,1078;,
            3;1079,1079,1079;,
            3;1080,1080,1080;,
            3;1081,1081,1081;,
            3;1082,1082,1082;,
            3;1083,1083,1083;,
            3;1084,1085,1084;,
            3;1084,1084,1086;,
            3;1087,1089,1088;,
            3;1088,1090,1087;,
            3;1091,1092,1091;,
            3;1091,1093,1091;,
            3;1094,1095,1094;,
            3;1096,1094,1094;,
            3;1097,1098,1097;,
            3;1097,1099,1097;,
            3;1100,1101,1100;,
            3;1100,1100,1100;,
            3;1090,1088,1102;,
            3;1102,1103,1090;,
            3;1104,1105,1104;,
            3;1106,1108,1107;,
            3;1107,1109,1106;,
            3;1110,1111,1110;,
            3;1110,1112,1110;,
            3;1113,1115,1114;,
            3;1114,1116,1113;,
            3;1117,1117,1117;,
            3;1118,1118,1118;,
            3;1119,1119,1119;,
            3;1120,1120,1120;,
            3;1121,1121,1121;,
            3;1108,1106,1122;,
            3;1108,1122,1123;,
            3;1124,1126,1125;,
            3;1124,1125,1127;,
            3;1104,1128,1104;,
            3;1129,1130,1129;,
            3;1131,1131,1131;,
            3;1132,1133,1132;,
            3;1134,1115,1113;,
            3;1135,1136,1136;,
            3;1136,1136,1137;,
            3;1113,1138,1134;,
            3;1139,1140,1140;,
            3;1140,1140,1141;,
            3;1142,1142,1142;,
            3;1143,1143,1143;,
            3;165,106,168;,
            3;772,774,782;,
            3;782,779,772;,
            3;673,1144,671;,
            3;1145,670,1145;,
            3;1146,667,671;,
            3;1144,1146,671;,
            3;773,165,166;,
            3;1060,1058,997;,
            3;1147,1147,1147;,
            3;1068,1066,1076;,
            3;1076,1148,1068;,
            3;1149,1149,1149;,
            3;1150,1152,1151;,
            3;1152,1153,1151;,
            3;1153,1154,1151;,
            3;1125,1156,1155;,
            3;1127,1125,1155;,
            3;1132,1157,1132;,
            3;1129,1129,1158;,
            3;1159,1159,1159;,
            3;1080,1080,1080;,
            3;1081,1081,1081;,
            3;1160,1160,1160;,
            3;1161,1161,1162;,
            3;1163,1165,1164;,
            3;1164,1166,1163;,
            3;1167,1168,1167;,
            3;1167,1169,1167;,
            3;1170,1172,1171;,
            3;1171,1173,1170;,
            3;1138,1175,1174;,
            3;1174,1176,1138;,
            3;1177,1178,1177;,
            3;1177,1179,1177;,
            3;1180,1181,1180;,
            3;1180,1180,1180;,
            3;1182,1184,1183;,
            3;1185,1186,1185;,
            3;1185,1187,1185;,
            3;1188,1189,1188;,
            3;1188,1190,1188;,
            3;1176,1174,1191;,
            3;1191,1192,1176;,
            3;1193,1193,1193;,
            3;1194,1194,1194;,
            3;1195,1195,1195;,
            3;1196,1196,1196;,
            3;1197,1197,1197;,
            3;1135,1135,1135;,
            3;1198,1198,1199;,
            3;1198,1200,1198;,
            3;1201,1165,1163;,
            3;1202,1201,1163;,
            3;1183,1203,1182;,
            3;1204,1205,1203;,
            3;1183,1204,1203;,
            3;1161,1094,1161;,
            3;1206,1206,1206;,
            3;1207,1207,1207;,
            3;1208,1172,1209;,
            3;1210,1211,1210;,
            3;1210,1210,1212;,
            3;1213,1214,1213;,
            3;1213,1099,1213;,
            3;1215,1216,1216;,
            3;20,1217,1217;,
            3;1218,1218,1219;,
            3;1220,1220,1220;,
            3;1221,1222,22;,
            3;22,1223,1221;,
            3;1222,1224,22;,
            3;1224,1225,22;,
            3;31,88,33;,
            3;1226,775,776;,
            3;1227,83,596;,
            3;659,1227,596;,
            3;596,663,660;,
            3;659,596,660;,
            3;1228,1216,1216;,
            3;1172,1170,1209;,
            3;1229,1230,1230;,
            3;1231,1233,1232;,
            3;1234,1234,1234;,
            3;1235,1232,1235;,
            3;1236,1238,1237;,
            3;1239,1240,1240;,
            3;1241,1242,1241;,
            3;1241,1241,1241;,
            3;1243,1243,1243;,
            3;1244,1246,1245;,
            3;1230,1230,1247;,
            3;1248,1233,1248;,
            3;1219,1249,1249;,
            3;1238,1251,1250;,
            3;1237,1238,1250;,
            3;1252,1245,1246;,
            3;1252,1246,1253;,
            3;1254,1254,1254;,
            3;1255,1255,1242;,
            3;1256,1240,1240;,
            3;1257,1258,1257;,
            3;1257,1259,1257;,
            3;1260,1261,1260;,
            3;1260,1262,1260;,
            3;1263,1264,1263;,
            3;1263,1265,1263;,
            3;1266,1267,1266;,
            3;1266,1268,1266;,
            3;1269,1270,1269;,
            3;1269,1271,1269;,
            3;1272,1273,1272;,
            3;1272,1274,1272;,
            3;1275,1275,1275;,
            3;1275,1275,1275;,
            3;1275,1275,1275;,
            3;1275,1275,1275;,
            3;1276,1277,1276;,
            3;1276,1278,1276;,
            3;1279,1280,1279;,
            3;1279,1281,1279;,
            3;1282,1283,1282;,
            3;1282,1284,1282;,
            3;1285,1286,1285;,
            3;1285,1287,1285;,
            3;1288,1289,1289;,
            3;1289,1290,1288;,
            3;1291,1292,1291;,
            3;1291,1293,1291;,
            3;1294,1296,1295;,
            3;1295,1297,1294;,
            3;1296,1299,1298;,
            3;1298,1295,1296;,
            3;1299,1301,1300;,
            3;1300,1298,1299;,
            3;1289,1289,1302;,
            3;1302,1303,1302;,
            3;1289,1302,1302;,
            3;1289,1289,1302;,
            3;1304,1305,1304;,
            3;1304,1306,1304;,
            3;1307,1308,1307;,
            3;1307,1309,1307;,
            3;1310,1311,1310;,
            3;1310,1312,1310;,
            3;1313,1314,1313;,
            3;1313,1315,1313;,
            3;1316,1316,1316;,
            3;1317,1317,1317;,
            3;1318,1318,1318;,
            3;1319,1319,1319;,
            3;1288,1290,1300;,
            3;1300,1301,1288;,
            3;1320,1322,1321;,
            3;1321,1323,1320;,
            3;1320,1325,1324;,
            3;1324,1322,1320;,
            3;1326,1327,1326;,
            3;1326,1328,1326;,
            3;1329,1331,1330;,
            3;1330,1332,1329;,
            3;1331,1334,1333;,
            3;1333,1330,1331;,
            3;1335,1337,1336;,
            3;1336,1338,1335;,
            3;1339,1341,1340;,
            3;1340,1342,1339;,
            3;1343,1345,1344;,
            3;1344,1346,1343;,
            3;1347,1349,1348;,
            3;1350,1352,1351;,
            3;1351,1353,1350;,
            3;1289,1289,1289;,
            3;1323,1321,1333;,
            3;1333,1334,1323;,
            3;1354,1355,1337;,
            3;1337,1335,1354;,
            3;1354,1357,1356;,
            3;1356,1355,1354;,
            3;1358,1359,1341;,
            3;1341,1339,1358;,
            3;1358,1361,1360;,
            3;1360,1359,1358;,
            3;1362,1362,1362;,
            3;1363,1347,1348;,
            3;1364,1366,1365;,
            3;1367,1364,1365;,
            3;1367,1365,1368;,
            3;1369,1370,1369;,
            3;1369,1371,1369;,
            3;1372,1373,1372;,
            3;1372,1374,1372;,
            3;1375,1376,1375;,
            3;1375,1377,1375;,
            3;1378,1379,1378;,
            3;1378,1380,1378;,
            3;1381,1382,1381;,
            3;1381,1381,1381;,
            3;1383,1384,1383;,
            3;1383,1385,1383;,
            3;1386,1275,1387;,
            3;1387,1389,1388;,
            3;1386,1387,1388;,
            3;1390,1386,1388;,
            3;1391,1391,1391;,
            3;1391,1392,1391;,
            3;1393,1394,1393;,
            3;1393,1395,1393;,
            3;1396,1397,1396;,
            3;1396,1398,1396;,
            3;1399,1400,1399;,
            3;1399,1401,1399;,
            3;1402,1289,1289;,
            3;1289,1403,1402;,
            3;1404,1405,1404;,
            3;1404,1406,1404;,
            3;1407,1409,1408;,
            3;1408,1410,1407;,
            3;1409,1411,1411;,
            3;1411,1408,1409;,
            3;1411,1413,1412;,
            3;1412,1411,1411;,
            3;1414,1416,1415;,
            3;1415,1289,1417;,
            3;1414,1415,1417;,
            3;1418,1414,1417;,
            3;1419,1420,1419;,
            3;1419,1421,1419;,
            3;1422,1423,1422;,
            3;1422,1424,1422;,
            3;1425,1426,1425;,
            3;1425,1427,1425;,
            3;1428,1429,1428;,
            3;1428,1430,1428;,
            3;1431,1431,1431;,
            3;1432,1432,1432;,
            3;1433,1434,1433;,
            3;1433,1435,1433;,
            3;1402,1403,1412;,
            3;1412,1413,1402;,
            3;1436,1438,1437;,
            3;1437,1439,1436;,
            3;1436,1441,1440;,
            3;1440,1438,1436;,
            3;1442,1443,1442;,
            3;1442,1444,1442;,
            3;1445,1447,1446;,
            3;1446,1448,1445;,
            3;1447,1450,1449;,
            3;1449,1446,1447;,
            3;1451,1452,1451;,
            3;1451,1453,1451;,
            3;1454,1456,1455;,
            3;1454,1455,1457;,
            3;1347,1275,1458;,
            3;1347,1458,1459;,
            3;1347,1459,1349;,
            3;1289,1289,1289;,
            3;1460,1368,1365;,
            3;1439,1437,1449;,
            3;1449,1450,1439;,
            3;1461,1463,1462;,
            3;1462,1464,1461;,
            3;1463,1466,1465;,
            3;1465,1462,1463;,
            3;1467,1469,1468;,
            3;1467,1468,1470;,
            3;1467,1470,1454;,
            3;1454,1457,1467;,
            3;1471,1473,1472;,
            3;1472,1474,1471;,
            3;1475,1477,1476;,
            3;1475,1476,1478;,
            3;1475,1478,1479;,
            3;1475,1479,1480;,
            3;1481,1483,1482;,
            3;1482,1485,1484;,
            3;1482,1484,1486;,
            3;1481,1482,1486;,
            3;1482,1275,1487;,
            3;1487,1488,1482;,
            3;1485,1488,1348;,
            3;1348,1349,1485;,
            3;1489,1289,1475;,
            3;1475,1490,1489;,
            3;1491,1261,1261;,
            3;1261,1492,1491;,
            3;1490,1480,1368;,
            3;1368,1460,1490;,
            3;1346,1344,1471;,
            3;1471,1474,1346;,
            3;1484,1485,1349;,
            3;1484,1349,1459;,
            3;1486,1484,1459;,
            3;1459,1458,1481;,
            3;1486,1459,1481;,
            3;1367,1368,1480;,
            3;1367,1480,1479;,
            3;1367,1479,1478;,
            3;1364,1367,1478;,
            3;1476,1364,1478;,
            3;1485,1482,1488;,
            3;1493,1348,1488;,
            3;1488,1487,1493;,
            3;1490,1475,1480;,
            3;1350,1353,1491;,
            3;1491,1492,1350;,
            3;1460,1494,1489;,
            3;1489,1490,1460;;
        }

        MeshTextureCoords
        {
            1058;
            0.191149;0.643594;,
            0.130507;0.682107;,
            0.053913;0.682107;,
            0.232163;0.682107;,
            0.316868;0.682107;,
            0.316868;0.682107;,
            0.264717;0.681016;,
            0.265003;0.682107;,
            0.207789;0.667152;,
            0.217520;0.668357;,
            0.323040;0.756401;,
            0.322796;0.768609;,
            0.312371;0.763799;,
            0.382429;0.733708;,
            0.382145;0.735048;,
            0.325419;0.789165;,
            0.232163;0.868067;,
            0.316807;0.778165;,
            0.332514;0.840132;,
            0.316868;0.868067;,
            0.351145;0.839178;,
            0.191149;0.906581;,
            0.053913;0.868067;,
            0.130507;0.868067;,
            0.251377;0.873707;,
            0.217520;0.881818;,
            0.316868;0.868067;,
            0.207789;0.883022;,
            0.154760;0.883470;,
            0.103138;0.870673;,
            0.111874;0.868067;,
            0.053913;0.868067;,
            0.268318;0.768114;,
            0.182647;0.846790;,
            0.262845;0.801327;,
            0.255754;0.797322;,
            0.284217;0.693565;,
            0.280761;0.693858;,
            0.282400;0.687882;,
            0.282493;0.699848;,
            0.185588;0.704169;,
            0.286212;0.691537;,
            0.294884;0.689776;,
            0.293395;0.695207;,
            0.296701;0.695459;,
            0.295126;0.701197;,
            0.291367;0.697353;,
            0.289675;0.703519;,
            0.180889;0.840312;,
            0.264885;0.799135;,
            0.257735;0.795346;,
            0.196709;0.846005;,
            0.203200;0.841356;,
            0.185554;0.845483;,
            0.254061;0.791190;,
            0.268242;0.799202;,
            0.266549;0.793071;,
            0.259458;0.789065;,
            0.227628;0.752794;,
            0.247695;0.752360;,
            0.312371;0.763799;,
            0.235692;0.848754;,
            0.213449;0.846537;,
            0.225569;0.723752;,
            0.150019;0.850297;,
            0.217601;0.735926;,
            0.225648;0.736108;,
            0.225621;0.707925;,
            0.231881;0.714343;,
            0.292056;0.704013;,
            0.213449;0.703637;,
            0.296456;0.700693;,
            0.235692;0.701421;,
            0.286451;0.695086;,
            0.293849;0.698009;,
            0.284593;0.701306;,
            0.283321;0.689286;,
            0.281532;0.695277;,
            0.285932;0.691957;,
            0.287588;0.686409;,
            0.196709;0.704169;,
            0.293394;0.694665;,
            0.298116;0.695133;,
            0.262651;0.797614;,
            0.179098;0.841356;,
            0.255253;0.794691;,
            0.196744;0.845483;,
            0.185588;0.846005;,
            0.201409;0.840312;,
            0.255757;0.797872;,
            0.252752;0.791650;,
            0.263119;0.800913;,
            0.264474;0.791510;,
            0.257111;0.788469;,
            0.267466;0.797715;,
            0.225569;0.723752;,
            0.225648;0.736108;,
            0.182647;0.703385;,
            0.231881;0.714343;,
            0.053214;0.840334;,
            0.044682;0.840504;,
            0.383168;0.743003;,
            0.389111;0.737115;,
            0.392360;0.743459;,
            0.380233;0.737617;,
            0.342753;0.704169;,
            0.382145;0.735048;,
            0.382429;0.733708;,
            0.394564;0.735764;,
            0.385065;0.736302;,
            0.397812;0.742108;,
            0.396710;0.745955;,
            0.383441;0.743964;,
            0.025821;0.840312;,
            0.156742;0.749241;,
            0.152392;0.746744;,
            0.039545;0.846005;,
            0.039545;0.841356;,
            0.032683;0.845483;,
            0.171704;0.754921;,
            0.168659;0.748566;,
            0.240472;0.745538;,
            0.233935;0.742123;,
            0.241549;0.750950;,
            0.235784;0.745963;,
            0.234481;0.744836;,
            0.309450;0.743392;,
            0.307553;0.741750;,
            0.301789;0.738735;,
            0.301001;0.738323;,
            0.380233;0.737617;,
            0.349615;0.682107;,
            0.385065;0.736302;,
            0.386890;0.742727;,
            0.420677;0.813768;,
            0.386078;0.746558;,
            0.383441;0.743964;,
            0.390481;0.799836;,
            0.383168;0.743003;,
            0.196321;0.748040;,
            0.148002;0.687964;,
            0.227596;0.737007;,
            0.235073;0.742718;,
            0.168659;0.748566;,
            0.127616;0.858877;,
            0.203620;0.738265;,
            0.163055;0.746140;,
            0.160497;0.750070;,
            0.310877;0.744626;,
            0.310066;0.743924;,
            0.247555;0.751665;,
            0.302365;0.739036;,
            0.314621;0.747864;,
            0.380689;0.732906;,
            0.382145;0.735048;,
            0.301406;0.740335;,
            0.301547;0.741035;,
            0.374545;0.731448;,
            0.382934;0.735244;,
            0.383563;0.730689;,
            0.339481;0.704169;,
            0.380689;0.732906;,
            0.391968;0.738433;,
            0.162279;0.751306;,
            0.035163;0.841356;,
            0.157762;0.749712;,
            0.049554;0.845483;,
            0.042817;0.846005;,
            0.048638;0.840312;,
            0.386823;0.741394;,
            0.391340;0.742988;,
            0.307498;0.745549;,
            0.248115;0.753079;,
            0.234497;0.743247;,
            0.301513;0.737832;,
            0.301582;0.737596;,
            0.308630;0.747162;,
            0.237818;0.747722;,
            0.306793;0.741348;,
            0.304181;0.739984;,
            0.245397;0.750604;,
            0.231904;0.747968;,
            0.148002;0.687964;,
            0.374545;0.731449;,
            0.372564;0.736117;,
            0.390045;0.796539;,
            0.382872;0.743701;,
            0.376727;0.742244;,
            0.383168;0.743003;,
            0.301343;0.739759;,
            0.383539;0.739143;,
            0.176571;0.761082;,
            0.056193;0.840113;,
            0.167443;0.753398;,
            0.169175;0.748750;,
            0.174605;0.750268;,
            0.201433;0.735853;,
            0.178304;0.756433;,
            0.390481;0.799836;,
            0.389488;0.800904;,
            0.389087;0.801361;,
            0.354451;0.840703;,
            0.349615;0.868067;,
            0.332514;0.840132;,
            0.233902;0.745272;,
            0.197087;0.649501;,
            0.042817;0.704169;,
            0.198910;0.645496;,
            0.186726;0.648586;,
            0.188549;0.644582;,
            0.190995;0.651045;,
            0.333660;0.840312;,
            0.362376;0.844114;,
            0.358107;0.841655;,
            0.339481;0.846005;,
            0.347134;0.841356;,
            0.332744;0.845483;,
            0.290843;0.775092;,
            0.242277;0.716083;,
            0.306256;0.778654;,
            0.257691;0.719645;,
            0.299402;0.773817;,
            0.312930;0.746401;,
            0.247519;0.755105;,
            0.301322;0.738480;,
            0.203620;0.738265;,
            0.217601;0.735926;,
            0.242678;0.710351;,
            0.280784;0.724586;,
            0.254355;0.719326;,
            0.390273;0.800009;,
            0.329711;0.841701;,
            0.265003;0.868067;,
            0.320823;0.840231;,
            0.194987;0.658625;,
            0.196012;0.653650;,
            0.201966;0.651938;,
            0.206897;0.655200;,
            0.205873;0.660175;,
            0.216087;0.694737;,
            0.199918;0.661887;,
            0.250836;0.714808;,
            0.258259;0.717607;,
            0.298265;0.777892;,
            0.356815;0.836928;,
            0.356120;0.837442;,
            0.181107;0.646484;,
            0.182209;0.642636;,
            0.248016;0.719197;,
            0.194553;0.648150;,
            0.187909;0.640421;,
            0.039545;0.704169;,
            0.200076;0.650858;,
            0.191406;0.645900;,
            0.367994;0.846216;,
            0.342753;0.841356;,
            0.363396;0.844584;,
            0.349615;0.845483;,
            0.342753;0.846005;,
            0.356477;0.840312;,
            0.185706;0.648116;,
            0.241842;0.703167;,
            0.251598;0.715929;,
            0.290765;0.774060;,
            0.241277;0.716486;,
            0.297504;0.776771;,
            0.306033;0.777848;,
            0.307824;0.776214;,
            0.257609;0.719303;,
            0.256546;0.720273;,
            0.215437;0.681294;,
            0.233830;0.715243;,
            0.241842;0.703167;,
            0.053913;0.682107;,
            0.257005;0.719854;,
            0.301177;0.738973;,
            0.164380;0.692441;,
            0.162491;0.694649;,
            0.360149;0.837089;,
            0.358833;0.840687;,
            0.336957;0.840231;,
            0.332379;0.841701;,
            0.194553;0.648150;,
            0.189004;0.650541;,
            0.111874;0.682107;,
            0.200076;0.650858;,
            0.188976;0.655638;,
            0.257691;0.719229;,
            0.292556;0.772426;,
            0.171966;0.702101;,
            0.171730;0.698912;,
            0.377863;0.797094;,
            0.379675;0.794851;,
            0.242845;0.714046;,
            0.313430;0.746834;,
            0.181265;0.703311;,
            0.185993;0.702666;,
            0.183060;0.701059;,
            0.184608;0.704854;,
            0.383131;0.793365;,
            0.374183;0.789237;,
            0.379436;0.788580;,
            0.376320;0.799462;,
            0.372625;0.794677;,
            0.381573;0.798806;,
            0.165971;0.699335;,
            0.172782;0.693238;,
            0.167529;0.693893;,
            0.174919;0.703463;,
            0.176477;0.698022;,
            0.169666;0.704119;,
            0.330696;0.775333;,
            0.332254;0.769892;,
            0.216848;0.722807;,
            0.218406;0.717367;,
            0.345257;0.772811;,
            0.355143;0.786612;,
            0.342140;0.783693;,
            0.206961;0.709006;,
            0.373803;0.785982;,
            0.379422;0.791654;,
            0.200049;0.655955;,
            0.176970;0.707489;,
            0.184413;0.717084;,
            0.181501;0.706500;,
            0.370687;0.796863;,
            0.368947;0.789901;,
            0.363575;0.790302;,
            0.364975;0.788069;,
            0.367135;0.792145;,
            0.194499;0.658345;,
            0.173525;0.696660;,
            0.180087;0.696607;,
            0.192415;0.711477;,
            0.203845;0.719888;,
            0.193959;0.706087;,
            0.172117;0.699091;,
            0.184608;0.704854;,
            0.172449;0.702323;,
            0.390440;0.799818;,
            0.384232;0.790793;,
            0.315200;0.747428;,
            0.390409;0.799535;,
            0.390184;0.797531;,
            0.390260;0.798208;,
            0.356120;0.837442;,
            0.388479;0.802008;,
            0.356246;0.836665;,
            0.350799;0.832775;,
            0.167458;0.693861;,
            0.159323;0.690108;,
            0.164170;0.689264;,
            0.161053;0.700146;,
            0.157765;0.695549;,
            0.165900;0.699302;,
            0.381644;0.798839;,
            0.388049;0.792554;,
            0.383202;0.793398;,
            0.389778;0.802592;,
            0.391337;0.797151;,
            0.384932;0.803436;,
            0.227892;0.721743;,
            0.226334;0.727184;,
            0.381116;0.801675;,
            0.332798;0.767063;,
            0.207834;0.718649;,
            0.209392;0.713208;,
            0.388508;0.802005;,
            0.322768;0.765516;,
            0.321210;0.770957;,
            0.341268;0.774051;,
            0.339710;0.779492;,
            0.329681;0.777945;,
            0.326126;0.775013;,
            0.240413;0.751201;,
            0.306825;0.776616;,
            0.171083;0.692454;,
            0.174007;0.696883;,
            0.190647;0.695319;,
            0.167967;0.703335;,
            0.184413;0.717084;,
            0.162822;0.697882;,
            0.379116;0.791513;,
            0.364975;0.788069;,
            0.379481;0.794761;,
            0.308688;0.741499;,
            0.216304;0.725637;,
            0.219421;0.714755;,
            0.239431;0.749117;,
            0.241603;0.747151;,
            0.316807;0.778165;,
            0.322796;0.768609;,
            0.233830;0.715243;,
            0.246992;0.717861;,
            0.377558;0.796954;,
            0.249700;0.718883;,
            0.300987;0.739621;,
            0.314605;0.749453;,
            0.365220;0.775861;,
            0.356702;0.781172;,
            0.291411;0.773055;,
            0.182685;0.691646;,
            0.280784;0.724586;,
            0.207721;0.690877;,
            0.248442;0.721984;,
            0.220290;0.733636;,
            0.268318;0.768114;,
            0.195254;0.734405;,
            0.271434;0.757232;,
            0.227596;0.737007;,
            0.239011;0.745727;,
            0.243068;0.714852;,
            0.301086;0.773503;,
            0.253090;0.850297;,
            0.344507;0.834078;,
            0.331908;0.797452;,
            0.358986;0.797626;,
            0.344375;0.753925;,
            0.323040;0.756401;,
            0.245829;0.701378;,
            0.242209;0.743749;,
            0.176452;0.713410;,
            0.300659;0.770716;,
            0.322768;0.765516;,
            0.366416;0.801054;,
            0.226523;0.711871;,
            0.305046;0.755399;,
            0.305012;0.755518;,
            0.306893;0.748951;,
            0.372650;0.779290;,
            0.353848;0.758295;,
            0.277668;0.735468;,
            0.328812;0.759064;,
            0.271434;0.757232;,
            0.322578;0.780828;,
            0.248101;0.754377;,
            0.341381;0.801823;,
            0.368693;0.786704;,
            0.365220;0.775861;,
            0.277673;0.735466;,
            0.258337;0.718639;,
            0.315167;0.750576;,
            0.358986;0.797625;,
            0.341381;0.801823;,
            0.322578;0.780828;,
            0.220290;0.733636;,
            0.195254;0.734405;,
            0.226523;0.711871;,
            0.328812;0.759064;,
            0.353848;0.758295;,
            0.242209;0.743749;,
            0.227596;0.737007;,
            0.248459;0.721980;,
            0.207721;0.690877;,
            0.245467;0.746789;,
            0.253168;0.748805;,
            0.255205;0.750705;,
            0.372650;0.779289;,
            0.300659;0.770716;,
            0.366416;0.801053;,
            0.306893;0.748951;,
            0.128039;0.691242;,
            0.150019;0.699878;,
            0.225621;0.707925;,
            0.128039;0.858933;,
            0.190647;0.695319;,
            0.127616;0.691298;,
            0.216087;0.694737;,
            0.242451;0.716958;,
            0.344375;0.753925;,
            0.331908;0.797452;,
            0.176452;0.713410;,
            0.182685;0.691646;,
            0.197592;0.726243;,
            0.213239;0.725763;,
            0.179326;0.717817;,
            0.254337;0.744724;,
            0.270655;0.759952;,
            0.167574;0.704695;,
            0.377631;0.801608;,
            0.290869;0.761578;,
            0.361984;0.802088;,
            0.171470;0.691092;,
            0.258233;0.731121;,
            0.272603;0.753151;,
            0.198869;0.703733;,
            0.194973;0.717336;,
            0.276499;0.739549;,
            0.187118;0.690611;,
            0.278447;0.732747;,
            0.205384;0.699038;,
            0.217135;0.712160;,
            0.189736;0.699519;,
            0.185840;0.713122;,
            0.331967;0.780539;,
            0.343718;0.793661;,
            0.335863;0.766937;,
            0.351510;0.766456;,
            0.363262;0.779578;,
            0.359366;0.793180;,
            0.260308;0.752757;,
            0.260475;0.752176;,
            0.271434;0.757232;,
            0.350233;0.788967;,
            0.276499;0.739549;,
            0.354129;0.775364;,
            0.272603;0.753151;,
            0.294764;0.747976;,
            0.381527;0.788005;,
            0.369776;0.774883;,
            0.343718;0.793661;,
            0.359366;0.793180;,
            0.179326;0.717817;,
            0.254337;0.744724;,
            0.167574;0.704695;,
            0.187118;0.690611;,
            0.171470;0.691092;,
            0.294764;0.747976;,
            0.377631;0.801608;,
            0.290869;0.761578;,
            0.381527;0.788005;,
            0.194973;0.717336;,
            0.198869;0.703733;,
            0.361984;0.802088;,
            0.350233;0.788967;,
            0.354129;0.775364;,
            0.369776;0.774883;,
            0.351510;0.766456;,
            0.363262;0.779578;,
            0.335863;0.766937;,
            0.331967;0.780539;,
            0.185840;0.713122;,
            0.197592;0.726243;,
            0.189736;0.699519;,
            0.205384;0.699038;,
            0.217135;0.712160;,
            0.213239;0.725763;,
            0.181274;0.711015;,
            0.189098;0.710775;,
            0.997918;0.329707;,
            0.582260;0.003348;,
            0.584733;0.329371;,
            0.995445;0.003685;,
            0.997039;0.328234;,
            0.582437;0.004454;,
            0.584049;0.328311;,
            0.995427;0.004377;,
            0.585356;0.326995;,
            0.996624;0.003309;,
            0.996421;0.325430;,
            0.585559;0.004874;,
            0.996299;0.325851;,
            0.585233;0.327416;,
            0.586338;0.005716;,
            0.994326;0.328678;,
            0.994326;0.005716;,
            0.586338;0.328678;,
            0.998061;0.329372;,
            0.584875;0.329037;,
            0.777337;0.561318;,
            0.777337;0.778956;,
            0.713525;0.670137;,
            0.968772;0.670137;,
            0.904960;0.778956;,
            0.904960;0.561318;,
            0.730856;0.723146;,
            0.836358;0.552220;,
            0.730856;0.609195;,
            0.941861;0.723146;,
            0.941861;0.609195;,
            0.836358;0.780122;,
            0.996214;0.329888;,
            0.580020;0.003481;,
            0.994306;0.004709;,
            0.581928;0.328660;,
            0.993975;0.004782;,
            0.579689;0.003554;,
            0.583549;0.007018;,
            0.994109;0.328536;,
            0.582247;0.328536;,
            0.995411;0.007018;,
            0.996667;0.328162;,
            0.583921;0.003950;,
            0.995941;0.004513;,
            0.584647;0.327599;,
            0.584404;0.326937;,
            0.996424;0.327499;,
            0.583470;0.329770;,
            0.996053;0.005295;,
            0.995519;0.329539;,
            0.584003;0.005525;,
            0.181274;0.711015;,
            0.264444;0.745537;,
            0.272603;0.753151;,
            0.175398;0.704454;,
            0.371756;0.795047;,
            0.282710;0.753964;,
            0.363932;0.795287;,
            0.177346;0.697653;,
            0.266392;0.738736;,
            0.273577;0.749751;,
            0.191045;0.703973;,
            0.189098;0.710775;,
            0.275525;0.742949;,
            0.185170;0.697413;,
            0.276499;0.739549;,
            0.185170;0.697413;,
            0.191045;0.703973;,
            0.177346;0.697653;,
            0.175398;0.704454;,
            0.358056;0.788726;,
            0.363932;0.795287;,
            0.360004;0.781925;,
            0.367828;0.781685;,
            0.373704;0.788246;,
            0.371756;0.795047;,
            0.358056;0.788726;,
            0.275525;0.742949;,
            0.273577;0.749751;,
            0.284658;0.747163;,
            0.373704;0.788246;,
            0.367828;0.781685;,
            0.363932;0.795287;,
            0.371756;0.795047;,
            0.583829;0.004344;,
            0.992110;0.330809;,
            0.994080;0.004271;,
            0.581858;0.330881;,
            0.993929;0.328211;,
            0.583510;0.004470;,
            0.583510;0.328211;,
            0.993929;0.004470;,
            0.995915;0.005187;,
            0.586350;0.327240;,
            0.586548;0.004511;,
            0.995717;0.327916;,
            0.586829;0.003134;,
            0.996196;0.003811;,
            0.993808;0.004260;,
            0.582721;0.328876;,
            0.586448;0.004219;,
            0.990080;0.328916;,
            0.583795;0.005075;,
            0.994046;0.005003;,
            0.772810;0.774937;,
            0.772810;0.564638;,
            0.707330;0.669788;,
            0.969249;0.669788;,
            0.903769;0.564638;,
            0.903769;0.774937;,
            0.736775;0.724821;,
            0.833456;0.558738;,
            0.736775;0.614100;,
            0.930135;0.724821;,
            0.930135;0.614100;,
            0.833456;0.780182;,
            0.582051;0.001434;,
            0.994620;0.332447;,
            0.580515;0.331639;,
            0.996155;0.002242;,
            0.580614;0.330109;,
            0.994719;0.330917;,
            0.994986;0.003686;,
            0.585783;0.326988;,
            0.996595;0.327713;,
            0.584174;0.002961;,
            0.580669;0.003416;,
            0.997368;0.329733;,
            0.582968;0.330008;,
            0.995067;0.003141;,
            0.994252;0.328723;,
            0.582714;0.002394;,
            0.995789;0.001453;,
            0.581177;0.329664;,
            0.584249;0.329110;,
            0.995580;0.006119;,
            0.991381;0.329964;,
            0.584302;0.005231;,
            0.181274;0.711015;,
            0.264444;0.745537;,
            0.175398;0.704454;,
            0.189097;0.710775;,
            0.266392;0.738736;,
            0.185170;0.697413;,
            0.177346;0.697653;,
            0.284658;0.747163;,
            0.371756;0.795047;,
            0.282710;0.753964;,
            0.373704;0.788246;,
            0.367828;0.781685;,
            0.363932;0.795287;,
            0.358056;0.788726;,
            0.191045;0.703973;,
            0.360004;0.781925;,
            0.367828;0.781685;,
            0.373704;0.788246;,
            0.360004;0.781925;,
            0.358056;0.788726;,
            0.175398;0.704454;,
            0.181274;0.711015;,
            0.177346;0.697653;,
            0.185170;0.697413;,
            0.191045;0.703973;,
            0.189097;0.710775;,
            0.145249;0.667955;,
            0.154760;0.666704;,
            0.236522;0.248939;,
            0.164123;0.369389;,
            0.132990;0.250107;,
            0.237666;0.418115;,
            0.310539;0.367739;,
            0.340053;0.247772;,
            0.308920;0.128489;,
            0.235376;0.079764;,
            0.162504;0.130140;,
            0.134135;0.419282;,
            0.090106;0.250590;,
            0.238141;0.488189;,
            0.341198;0.416948;,
            0.234902;0.009690;,
            0.338908;0.078597;,
            0.131845;0.080932;,
            0.370841;0.386182;,
            0.438467;0.450879;,
            0.427166;0.390496;,
            0.467509;0.309415;,
            0.495521;0.336213;,
            0.372598;0.098941;,
            0.440953;0.044659;,
            0.361296;0.038559;,
            0.428924;0.103255;,
            0.332255;0.180022;,
            0.304243;0.153223;,
            0.399882;0.244718;,
            0.331527;0.299000;,
            0.468236;0.190436;,
            0.496550;0.167951;,
            0.382937;0.247288;,
            0.358811;0.444778;,
            0.303214;0.321485;,
            0.251376;0.676467;,
            0.253090;0.699878;,
            0.110781;0.676467;,
            0.103138;0.679502;,
            0.397911;0.245105;,
            0.427299;0.397562;,
            0.464902;0.318475;,
            0.372482;0.387341;,
            0.332561;0.293801;,
            0.330922;0.171735;,
            0.361948;0.446258;,
            0.305492;0.313971;,
            0.433875;0.043953;,
            0.368524;0.092649;,
            0.423341;0.102869;,
            0.356351;0.029499;,
            0.490331;0.176239;,
            0.463262;0.196409;,
            0.139876;0.356286;,
            0.038781;0.216807;,
            0.099317;0.400498;,
            0.097071;0.226397;,
            0.240039;0.423650;,
            0.240970;0.495764;,
            0.380762;0.446802;,
            0.338888;0.389028;,
            0.335710;0.142813;,
            0.436804;0.282292;,
            0.376269;0.098601;,
            0.235546;0.075449;,
            0.234616;0.003334;,
            0.136698;0.110070;,
            0.094824;0.052296;,
            0.237793;0.249549;,
            0.378516;0.272702;,
            0.303174;0.141344;,
            0.439472;0.460711;,
            0.492649;0.348867;,
            0.264717;0.869159;,
            0.110781;0.873707;,
            0.145249;0.882219;,
            0.245829;0.848796;,
            0.298353;0.879632;,
            0.298353;0.880526;,
            0.275942;0.885079;,
            0.275942;0.885973;,
            0.298353;0.670604;,
            0.298353;0.669649;,
            0.275942;0.665157;,
            0.275942;0.664202;,
            0.298353;0.879571;,
            0.275942;0.885017;,
            0.275942;0.665096;,
            0.298353;0.670543;,
            0.671727;0.504165;,
            0.992154;0.818755;,
            0.992154;0.505187;,
            0.671727;0.817733;,
            0.674569;0.506600;,
            0.997819;0.819030;,
            0.995303;0.506767;,
            0.674787;0.818882;,
            0.673216;0.505086;,
            0.994449;0.818487;,
            0.993644;0.504913;,
            0.674020;0.818660;,
            0.994316;0.502828;,
            0.671396;0.819034;,
            0.671283;0.502852;,
            0.994430;0.819009;,
            0.993985;0.505087;,
            0.672701;0.814998;,
            0.670836;0.504027;,
            0.995850;0.816058;,
            0.993886;0.505406;,
            0.672231;0.818999;,
            0.672154;0.504120;,
            0.993962;0.820285;,
            0.893092;0.569853;,
            0.720329;0.669976;,
            0.777916;0.569853;,
            0.893092;0.770098;,
            0.777916;0.770098;,
            0.950679;0.669976;,
            0.993138;0.329446;,
            0.582906;0.004542;,
            0.582236;0.330092;,
            0.993469;0.003897;,
            0.583607;0.327553;,
            0.989444;0.005880;,
            0.990746;0.327553;,
            0.582305;0.005880;,
            0.579700;0.328855;,
            0.994653;0.001973;,
            0.579700;0.001973;,
            0.994653;0.328855;,
            0.581003;0.003334;,
            0.994653;0.327582;,
            0.582305;0.327582;,
            0.993351;0.003334;,
            0.895159;0.069359;,
            0.668487;0.158377;,
            0.713032;0.066515;,
            0.957510;0.159410;,
            0.712991;0.054284;,
            0.963544;0.150622;,
            0.910557;0.052493;,
            0.646381;0.153498;,
            0.894296;0.067799;,
            0.666672;0.158207;,
            0.713567;0.065774;,
            0.957844;0.162049;,
            0.957257;0.161697;,
            0.894578;0.067948;,
            0.667901;0.158024;,
            0.713165;0.066595;,
            0.886720;0.173874;,
            0.767640;0.108152;,
            0.807333;0.173874;,
            0.886720;0.042429;,
            0.807333;0.042429;,
            0.926413;0.108152;,
            0.889147;0.371758;,
            0.660167;0.398624;,
            0.660167;0.371758;,
            0.889147;0.398624;,
            0.889147;0.398624;,
            0.660167;0.398624;,
            0.889147;0.452357;,
            0.660167;0.452357;,
            0.889147;0.479223;,
            0.660167;0.479223;,
            0.889147;0.452357;,
            0.660167;0.452357;,
            0.557565;0.883388;,
            0.641166;0.892551;,
            0.641166;0.883388;,
            0.697760;0.343472;,
            0.528284;0.590027;,
            0.528284;0.453052;,
            0.943535;0.207390;,
            0.674194;0.288785;,
            0.988152;0.290867;,
            0.723320;0.207039;,
            0.674662;0.289565;,
            0.722507;0.206087;,
            0.711166;0.212208;,
            0.987790;0.307810;,
            0.933366;0.210988;,
            0.671328;0.309547;,
            0.942722;0.207039;,
            0.674661;0.288005;,
            0.721205;0.206688;,
            0.987317;0.288785;,
            0.989454;0.288005;,
            0.942233;0.206688;,
            0.908069;0.102596;,
            0.994614;0.003037;,
            0.994614;0.328722;,
            0.908069;0.003037;,
            0.854030;0.069510;,
            0.587696;0.004526;,
            0.587696;0.327070;,
            0.854030;0.001922;,
            0.298353;0.631696;,
            0.275942;0.665096;,
            0.275942;0.631696;,
            0.298353;0.670543;,
            0.298353;0.636312;,
            0.298353;0.670461;,
            0.298353;0.669879;,
            0.275942;0.665157;,
            0.298353;0.633338;,
            0.275942;0.633563;,
            0.298353;0.670604;,
            0.275942;0.665027;,
            0.877520;0.102596;,
            0.583734;0.328722;,
            0.583734;0.003037;,
            0.877520;0.003037;,
            0.891003;0.069510;,
            0.995744;0.324465;,
            0.995744;0.001922;,
            0.891003;0.001922;,
            0.275942;0.636312;,
            0.275942;0.664202;,
            0.275942;0.664433;,
            0.672743;0.503742;,
            0.993256;0.815709;,
            0.991868;0.503444;,
            0.674131;0.816007;,
            0.671643;0.504071;,
            0.994818;0.817068;,
            0.993488;0.503499;,
            0.672973;0.817640;,
            0.673680;0.504270;,
            0.996527;0.815356;,
            0.997385;0.501778;,
            0.672397;0.817847;,
            0.995184;0.501983;,
            0.672555;0.818251;,
            0.672151;0.503372;,
            0.995588;0.816862;,
            0.997566;0.501569;,
            0.673325;0.817842;,
            0.670509;0.502962;,
            1.000382;0.816449;,
            0.994791;0.502293;,
            0.672372;0.815720;,
            0.671757;0.502145;,
            0.995406;0.815868;,
            0.908152;0.559344;,
            0.713165;0.669314;,
            0.778161;0.559344;,
            0.908152;0.779284;,
            0.778161;0.779284;,
            0.973147;0.669314;,
            0.582305;0.005987;,
            0.990746;0.328933;,
            0.990746;0.005987;,
            0.582305;0.328933;,
            0.582305;0.327689;,
            0.990746;0.007318;,
            0.990746;0.327689;,
            0.582305;0.007318;,
            0.582305;0.330293;,
            0.993351;0.007318;,
            0.582305;0.007318;,
            0.993351;0.330294;,
            0.583607;0.007289;,
            0.992048;0.327630;,
            0.582305;0.327631;,
            0.993351;0.007289;,
            0.915132;0.156296;,
            0.586343;0.005629;,
            0.663584;0.157528;,
            0.997766;0.002581;,
            0.891476;0.134826;,
            0.586507;0.008588;,
            0.693606;0.136128;,
            0.992436;0.007286;,
            0.917017;0.159572;,
            0.583801;0.004322;,
            0.661533;0.156858;,
            0.996555;0.005218;,
            0.995234;0.002576;,
            0.917007;0.158201;,
            0.586342;0.005582;,
            0.662301;0.160073;,
            0.886769;0.176376;,
            0.761818;0.103686;,
            0.803468;0.176376;,
            0.886769;0.030996;,
            0.803468;0.030996;,
            0.928419;0.103686;,
            0.868414;0.368991;,
            0.578085;0.396222;,
            0.578085;0.368991;,
            0.868414;0.396222;,
            0.868414;0.396222;,
            0.578085;0.396222;,
            0.868414;0.450685;,
            0.578085;0.450685;,
            0.868414;0.477916;,
            0.578085;0.477916;,
            0.848159;0.446202;,
            0.598975;0.469985;,
            0.598975;0.446202;,
            0.868414;0.450685;,
            0.578085;0.450685;,
            0.933879;0.208201;,
            0.633855;0.315768;,
            0.995393;0.314460;,
            0.693558;0.209328;,
            0.633833;0.314460;,
            0.694470;0.210805;,
            0.708636;0.213006;,
            0.992869;0.312048;,
            0.939433;0.210996;,
            0.644953;0.315077;,
            0.934791;0.209328;,
            0.632531;0.315774;,
            0.693167;0.209152;,
            0.995371;0.315768;,
            0.995393;0.315774;,
            0.933879;0.209152;,
            0.864419;0.223565;,
            0.586170;0.327142;,
            0.584868;0.007002;,
            0.864419;0.327142;,
            0.991471;0.005676;,
            0.882831;0.328523;,
            0.991471;0.328523;,
            0.882831;0.272741;,
            0.298353;0.669649;,
            0.994498;0.007000;,
            0.898696;0.223565;,
            0.995800;0.327142;,
            0.898696;0.327142;,
            0.844482;0.276959;,
            0.582543;0.328523;,
            0.844482;0.328523;,
            0.582543;0.005675;,
            0.275942;0.885079;,
            0.298353;0.918019;,
            0.275942;0.918019;,
            0.275942;0.913402;,
            0.275942;0.885767;,
            0.275942;0.885742;,
            0.298353;0.913402;,
            0.298353;0.880327;,
            0.298353;0.880295;,
            0.298353;0.879571;,
            0.298353;0.916377;,
            0.298353;0.880216;,
            0.275942;0.885017;,
            0.275942;0.916377;,
            0.275942;0.885676;;
        }

        MeshMaterialList
        {
            1;
            1246;
            0,
            0,
            0,
            0,
            0,
            0,
            0,
            0,
            0,
            0,
            0,
            0,
            0,
            0,
            0,
            0,
            0,
            0,
            0,
            0,
            0,
            0,
            0,
            0,
            0,
            0,
            0,
            0,
            0,
            0,
            0,
            0,
            0,
            0,
            0,
            0,
            0,
            0,
            0,
            0,
            0,
            0,
            0,
            0,
            0,
            0,
            0,
            0,
            0,
            0,
            0,
            0,
            0,
            0,
            0,
            0,
            0,
            0,
            0,
            0,
            0,
            0,
            0,
            0,
            0,
            0,
            0,
            0,
            0,
            0,
            0,
            0,
            0,
            0,
            0,
            0,
            0,
            0,
            0,
            0,
            0,
            0,
            0,
            0,
            0,
            0,
            0,
            0,
            0,
            0,
            0,
            0,
            0,
            0,
            0,
            0,
            0,
            0,
            0,
            0,
            0,
            0,
            0,
            0,
            0,
            0,
            0,
            0,
            0,
            0,
            0,
            0,
            0,
            0,
            0,
            0,
            0,
            0,
            0,
            0,
            0,
            0,
            0,
            0,
            0,
            0,
            0,
            0,
            0,
            0,
            0,
            0,
            0,
            0,
            0,
            0,
            0,
            0,
            0,
            0,
            0,
            0,
            0,
            0,
            0,
            0,
            0,
            0,
            0,
            0,
            0,
            0,
            0,
            0,
            0,
            0,
            0,
            0,
            0,
            0,
            0,
            0,
            0,
            0,
            0,
            0,
            0,
            0,
            0,
            0,
            0,
            0,
            0,
            0,
            0,
            0,
            0,
            0,
            0,
            0,
            0,
            0,
            0,
            0,
            0,
            0,
            0,
            0,
            0,
            0,
            0,
            0,
            0,
            0,
            0,
            0,
            0,
            0,
            0,
            0,
            0,
            0,
            0,
            0,
            0,
            0,
            0,
            0,
            0,
            0,
            0,
            0,
            0,
            0,
            0,
            0,
            0,
            0,
            0,
            0,
            0,
            0,
            0,
            0,
            0,
            0,
            0,
            0,
            0,
            0,
            0,
            0,
            0,
            0,
            0,
            0,
            0,
            0,
            0,
            0,
            0,
            0,
            0,
            0,
            0,
            0,
            0,
            0,
            0,
            0,
            0,
            0,
            0,
            0,
            0,
            0,
            0,
            0,
            0,
            0,
            0,
            0,
            0,
            0,
            0,
            0,
            0,
            0,
            0,
            0,
            0,
            0,
            0,
            0,
            0,
            0,
            0,
            0,
            0,
            0,
            0,
            0,
            0,
            0,
            0,
            0,
            0,
            0,
            0,
            0,
            0,
            0,
            0,
            0,
            0,
            0,
            0,
            0,
            0,
            0,
            0,
            0,
            0,
            0,
            0,
            0,
            0,
            0,
            0,
            0,
            0,
            0,
            0,
            0,
            0,
            0,
            0,
            0,
            0,
            0,
            0,
            0,
            0,
            0,
            0,
            0,
            0,
            0,
            0,
            0,
            0,
            0,
            0,
            0,
            0,
            0,
            0,
            0,
            0,
            0,
            0,
            0,
            0,
            0,
            0,
            0,
            0,
            0,
            0,
            0,
            0,
            0,
            0,
            0,
            0,
            0,
            0,
            0,
            0,
            0,
            0,
            0,
            0,
            0,
            0,
            0,
            0,
            0,
            0,
            0,
            0,
            0,
            0,
            0,
            0,
            0,
            0,
            0,
            0,
            0,
            0,
            0,
            0,
            0,
            0,
            0,
            0,
            0,
            0,
            0,
            0,
            0,
            0,
            0,
            0,
            0,
            0,
            0,
            0,
            0,
            0,
            0,
            0,
            0,
            0,
            0,
            0,
            0,
            0,
            0,
            0,
            0,
            0,
            0,
            0,
            0,
            0,
            0,
            0,
            0,
            0,
            0,
            0,
            0,
            0,
            0,
            0,
            0,
            0,
            0,
            0,
            0,
            0,
            0,
            0,
            0,
            0,
            0,
            0,
            0,
            0,
            0,
            0,
            0,
            0,
            0,
            0,
            0,
            0,
            0,
            0,
            0,
            0,
            0,
            0,
            0,
            0,
            0,
            0,
            0,
            0,
            0,
            0,
            0,
            0,
            0,
            0,
            0,
            0,
            0,
            0,
            0,
            0,
            0,
            0,
            0,
            0,
            0,
            0,
            0,
            0,
            0,
            0,
            0,
            0,
            0,
            0,
            0,
            0,
            0,
            0,
            0,
            0,
            0,
            0,
            0,
            0,
            0,
            0,
            0,
            0,
            0,
            0,
            0,
            0,
            0,
            0,
            0,
            0,
            0,
            0,
            0,
            0,
            0,
            0,
            0,
            0,
            0,
            0,
            0,
            0,
            0,
            0,
            0,
            0,
            0,
            0,
            0,
            0,
            0,
            0,
            0,
            0,
            0,
            0,
            0,
            0,
            0,
            0,
            0,
            0,
            0,
            0,
            0,
            0,
            0,
            0,
            0,
            0,
            0,
            0,
            0,
            0,
            0,
            0,
            0,
            0,
            0,
            0,
            0,
            0,
            0,
            0,
            0,
            0,
            0,
            0,
            0,
            0,
            0,
            0,
            0,
            0,
            0,
            0,
            0,
            0,
            0,
            0,
            0,
            0,
            0,
            0,
            0,
            0,
            0,
            0,
            0,
            0,
            0,
            0,
            0,
            0,
            0,
            0,
            0,
            0,
            0,
            0,
            0,
            0,
            0,
            0,
            0,
            0,
            0,
            0,
            0,
            0,
            0,
            0,
            0,
            0,
            0,
            0,
            0,
            0,
            0,
            0,
            0,
            0,
            0,
            0,
            0,
            0,
            0,
            0,
            0,
            0,
            0,
            0,
            0,
            0,
            0,
            0,
            0,
            0,
            0,
            0,
            0,
            0,
            0,
            0,
            0,
            0,
            0,
            0,
            0,
            0,
            0,
            0,
            0,
            0,
            0,
            0,
            0,
            0,
            0,
            0,
            0,
            0,
            0,
            0,
            0,
            0,
            0,
            0,
            0,
            0,
            0,
            0,
            0,
            0,
            0,
            0,
            0,
            0,
            0,
            0,
            0,
            0,
            0,
            0,
            0,
            0,
            0,
            0,
            0,
            0,
            0,
            0,
            0,
            0,
            0,
            0,
            0,
            0,
            0,
            0,
            0,
            0,
            0,
            0,
            0,
            0,
            0,
            0,
            0,
            0,
            0,
            0,
            0,
            0,
            0,
            0,
            0,
            0,
            0,
            0,
            0,
            0,
            0,
            0,
            0,
            0,
            0,
            0,
            0,
            0,
            0,
            0,
            0,
            0,
            0,
            0,
            0,
            0,
            0,
            0,
            0,
            0,
            0,
            0,
            0,
            0,
            0,
            0,
            0,
            0,
            0,
            0,
            0,
            0,
            0,
            0,
            0,
            0,
            0,
            0,
            0,
            0,
            0,
            0,
            0,
            0,
            0,
            0,
            0,
            0,
            0,
            0,
            0,
            0,
            0,
            0,
            0,
            0,
            0,
            0,
            0,
            0,
            0,
            0,
            0,
            0,
            0,
            0,
            0,
            0,
            0,
            0,
            0,
            0,
            0,
            0,
            0,
            0,
            0,
            0,
            0,
            0,
            0,
            0,
            0,
            0,
            0,
            0,
            0,
            0,
            0,
            0,
            0,
            0,
            0,
            0,
            0,
            0,
            0,
            0,
            0,
            0,
            0,
            0,
            0,
            0,
            0,
            0,
            0,
            0,
            0,
            0,
            0,
            0,
            0,
            0,
            0,
            0,
            0,
            0,
            0,
            0,
            0,
            0,
            0,
            0,
            0,
            0,
            0,
            0,
            0,
            0,
            0,
            0,
            0,
            0,
            0,
            0,
            0,
            0,
            0,
            0,
            0,
            0,
            0,
            0,
            0,
            0,
            0,
            0,
            0,
            0,
            0,
            0,
            0,
            0,
            0,
            0,
            0,
            0,
            0,
            0,
            0,
            0,
            0,
            0,
            0,
            0,
            0,
            0,
            0,
            0,
            0,
            0,
            0,
            0,
            0,
            0,
            0,
            0,
            0,
            0,
            0,
            0,
            0,
            0,
            0,
            0,
            0,
            0,
            0,
            0,
            0,
            0,
            0,
            0,
            0,
            0,
            0,
            0,
            0,
            0,
            0,
            0,
            0,
            0,
            0,
            0,
            0,
            0,
            0,
            0,
            0,
            0,
            0,
            0,
            0,
            0,
            0,
            0,
            0,
            0,
            0,
            0,
            0,
            0,
            0,
            0,
            0,
            0,
            0,
            0,
            0,
            0,
            0,
            0,
            0,
            0,
            0,
            0,
            0,
            0,
            0,
            0,
            0,
            0,
            0,
            0,
            0,
            0,
            0,
            0,
            0,
            0,
            0,
            0,
            0,
            0,
            0,
            0,
            0,
            0,
            0,
            0,
            0,
            0,
            0,
            0,
            0,
            0,
            0,
            0,
            0,
            0,
            0,
            0,
            0,
            0,
            0,
            0,
            0,
            0,
            0,
            0,
            0,
            0,
            0,
            0,
            0,
            0,
            0,
            0,
            0,
            0,
            0,
            0,
            0,
            0,
            0,
            0,
            0,
            0,
            0,
            0,
            0,
            0,
            0,
            0,
            0,
            0,
            0,
            0,
            0,
            0,
            0,
            0,
            0,
            0,
            0,
            0,
            0,
            0,
            0,
            0,
            0,
            0,
            0,
            0,
            0,
            0,
            0,
            0,
            0,
            0,
            0,
            0,
            0,
            0,
            0,
            0,
            0,
            0,
            0,
            0,
            0,
            0,
            0,
            0,
            0,
            0,
            0,
            0,
            0,
            0,
            0,
            0,
            0,
            0,
            0,
            0,
            0,
            0,
            0,
            0,
            0,
            0,
            0,
            0,
            0,
            0,
            0,
            0,
            0,
            0,
            0,
            0,
            0,
            0,
            0,
            0,
            0,
            0,
            0,
            0,
            0,
            0,
            0,
            0,
            0,
            0,
            0,
            0,
            0,
            0,
            0,
            0,
            0,
            0,
            0,
            0,
            0,
            0,
            0,
            0,
            0,
            0,
            0,
            0,
            0,
            0,
            0,
            0,
            0,
            0,
            0,
            0,
            0,
            0,
            0,
            0,
            0,
            0,
            0,
            0,
            0,
            0,
            0,
            0,
            0,
            0,
            0,
            0,
            0,
            0,
            0,
            0,
            0,
            0,
            0,
            0,
            0,
            0,
            0,
            0,
            0,
            0,
            0,
            0,
            0,
            0,
            0,
            0,
            0,
            0,
            0,
            0,
            0,
            0,
            0,
            0,
            0,
            0,
            0,
            0,
            0,
            0,
            0,
            0,
            0,
            0,
            0,
            0,
            0,
            0,
            0,
            0,
            0,
            0,
            0,
            0,
            0,
            0,
            0,
            0,
            0,
            0,
            0,
            0,
            0,
            0,
            0,
            0,
            0,
            0,
            0,
            0,
            0,
            0,
            0,
            0,
            0,
            0,
            0,
            0,
            0,
            0,
            0,
            0,
            0,
            0,
            0,
            0,
            0,
            0,
            0,
            0,
            0,
            0,
            0,
            0,
            0,
            0,
            0,
            0,
            0,
            0,
            0;

            Material x_mat_x1___
            {
                1.000000;1.000000;1.000000;1.000000;;
                10307920896.000000;
                0.894118;0.894118;0.894118;;
                0.000000;0.000000;0.000000;;

                TextureFileName
                {
                    "3d/b4skn.bmp";
                }
            }
        }
    }
}
