xof 0303txt 0032



Frame fighterfertigFrame
{
    FrameTransformMatrix
    {
        1.000000,0.000000,0.000000,0.000000,
        0.000000,1.000000,0.000000,0.000000,
        0.000000,0.000000,1.000000,0.000000,
        0.000000,0.000000,0.000000,1.000000;;
    }

    Mesh fighterfertigMesh
    {
        712;
        -5.022160;-1.834231;1.385310;,
        -2.000000;-2.233611;0.666667;,
        -5.022160;-2.233611;0.666667;,
        -2.000000;-1.834231;1.385309;,
        -2.000000;-2.233611;-0.666667;,
        -5.022160;-2.233611;-0.666667;,
        -2.000000;-1.796108;-1.539642;,
        -5.022160;-1.796108;-1.539642;,
        2.000000;-2.233611;0.666667;,
        2.000000;-1.834231;1.385309;,
        2.000000;-2.233611;-0.666667;,
        2.000001;-1.796108;-1.539642;,
        2.000000;-1.834231;1.385309;,
        6.000000;-0.668395;0.527061;,
        2.000000;-2.233611;0.666667;,
        6.000000;-0.668395;2.164955;,
        2.000000;-2.233611;0.666667;,
        6.000000;-0.665444;-0.501712;,
        2.000000;-2.233611;-0.666667;,
        6.000000;-0.668395;0.527061;,
        2.000000;-2.233611;-0.666667;,
        6.000000;-0.668395;-2.139606;,
        2.000001;-1.796108;-1.539642;,
        6.000000;-0.665444;-0.501712;,
        -5.096090;0.079881;2.000000;,
        -1.439909;0.079640;0.666667;,
        -1.439909;0.079640;2.000000;,
        -5.096090;0.079881;0.666667;,
        -2.832401;0.028784;0.666667;,
        -6.000000;0.387473;-0.666667;,
        -2.832401;0.028784;-0.666667;,
        -6.000000;0.387473;0.666667;,
        -5.096090;0.079881;-0.666667;,
        -1.439909;0.079640;-2.000000;,
        -1.439909;0.079640;-0.666667;,
        -5.096090;0.079881;-2.000000;,
        2.000000;0.079882;0.666667;,
        2.000000;0.079882;2.000000;,
        -2.000000;-0.065963;0.666667;,
        2.000000;0.085388;-0.666667;,
        2.000000;0.085388;0.666667;,
        -2.000000;-0.065963;-0.666667;,
        -1.439909;0.079640;-0.666667;,
        2.000000;0.079882;-2.000000;,
        2.000000;0.079882;-0.666667;,
        -1.439909;0.079640;-2.000000;,
        2.000000;0.545127;2.000000;,
        5.289513;0.166739;0.666667;,
        5.289513;0.166739;2.000000;,
        2.000000;0.545127;0.666667;,
        2.000000;0.085388;0.666667;,
        6.000000;-0.063013;-0.501712;,
        6.000000;-0.065963;0.527061;,
        2.000000;0.085388;-0.666667;,
        2.000000;0.545127;-0.666667;,
        5.289513;0.166739;-2.000000;,
        5.289513;0.166739;-0.666667;,
        2.000000;0.545127;-2.000000;,
        -4.639191;-1.773850;1.279643;,
        -5.344866;-0.126344;0.772333;,
        -5.344866;-0.126344;1.894333;,
        -4.639191;-2.173229;0.772333;,
        -11.400001;-2.236786;0.166667;,
        -11.399999;-2.067457;-0.166667;,
        -11.399999;-2.067457;0.166667;,
        -11.400001;-2.236786;-0.166667;,
        -4.639191;-2.173229;-0.772333;,
        -5.344866;-0.126344;-1.894333;,
        -5.344866;-0.126344;-0.772333;,
        -4.639191;-1.735727;-1.433975;,
        -5.022160;-1.796108;-1.539642;,
        -2.000000;-0.065963;-2.000000;,
        -6.000000;-0.065963;-2.000000;,
        -2.000000;-1.796108;-1.539642;,
        2.000000;-0.065963;-2.000000;,
        2.000001;-1.796108;-1.539642;,
        6.000000;-0.065963;-2.139606;,
        6.000000;-0.065963;-2.139606;,
        2.000001;-1.796108;-1.539642;,
        6.000000;-0.668395;-2.139606;,
        5.572556;-0.610056;-2.037834;,
        5.572556;-0.121352;-0.603484;,
        5.572556;-0.123936;-2.037834;,
        5.572556;-0.607472;-0.603484;,
        6.000000;-0.665444;-0.501712;,
        6.000000;-0.065963;0.527061;,
        6.000000;-0.063013;-0.501712;,
        6.000000;-0.668395;0.527061;,
        5.572556;-0.610239;0.628833;,
        5.572556;-0.124119;2.063183;,
        5.572556;-0.124119;0.628833;,
        5.572556;-0.610239;2.063183;,
        6.000000;-0.668395;2.164955;,
        2.000000;-0.065963;2.000000;,
        6.000000;-0.065963;2.164955;,
        2.000000;-0.065963;2.000000;,
        6.000000;-0.668395;2.164955;,
        2.000000;-1.834231;1.385309;,
        -2.000000;-0.065963;2.000000;,
        -2.000000;-1.834231;1.385309;,
        -6.000000;-0.065963;2.000000;,
        -5.022160;-1.834231;1.385310;,
        -5.022160;-2.233611;0.666667;,
        -8.500000;-2.233611;-0.666667;,
        -8.500000;-2.233611;0.666667;,
        -5.022160;-2.233611;-0.666667;,
        -6.000000;0.387473;-0.666667;,
        -7.401189;-0.279968;0.666667;,
        -7.401189;-0.279968;-0.666667;,
        -6.000000;0.387473;0.666667;,
        -6.000000;-0.065963;0.666667;,
        -8.500000;-2.233611;0.666667;,
        -8.500000;-1.046407;0.666667;,
        -5.022160;-2.233611;0.666667;,
        -5.022160;-2.233611;-0.666667;,
        -8.500000;-1.046407;-0.666667;,
        -8.500000;-2.233611;-0.666667;,
        -6.000000;-0.065963;-0.666667;,
        -11.400001;-2.236786;-0.166667;,
        -11.400001;-2.236786;0.166667;,
        -8.500000;-2.233611;-0.666667;,
        -11.399999;-2.067457;-0.166667;,
        -11.400001;-2.236786;-0.166667;,
        -8.500000;-1.046407;-0.666667;,
        -8.500000;-1.046407;-0.666667;,
        -11.399999;-2.067457;0.166667;,
        -11.399999;-2.067457;-0.166667;,
        -8.500000;-1.046407;0.666667;,
        -8.500000;-1.046407;0.666667;,
        -11.400001;-2.236786;0.166667;,
        -11.399999;-2.067457;0.166667;,
        -8.500000;-2.233611;0.666667;,
        -2.000000;-0.065963;0.666667;,
        -6.000000;0.387473;0.666667;,
        -2.832401;0.028784;0.666667;,
        -6.000000;0.387473;0.666667;,
        -2.000000;-0.065963;0.666667;,
        -6.000000;-0.065963;0.666667;,
        -6.000000;-0.065963;-0.666667;,
        -2.832401;0.028784;-0.666667;,
        -6.000000;0.387473;-0.666667;,
        -2.832401;0.028784;-0.666667;,
        -6.000000;-0.065963;-0.666667;,
        -2.000000;-0.065963;-0.666667;,
        -2.000000;-0.065963;-0.666667;,
        -2.832401;0.028784;0.666667;,
        -2.832401;0.028784;-0.666667;,
        -2.000000;-0.065963;0.666667;,
        -7.401189;-0.279968;0.666667;,
        -8.500000;-1.046407;0.666667;,
        -8.500000;-1.046407;0.666667;,
        -7.401189;-0.279968;-0.666667;,
        -7.401189;-0.279968;0.666667;,
        -8.500000;-1.046407;-0.666667;,
        -8.500000;-1.046407;-0.666667;,
        -7.401189;-0.279968;-0.666667;,
        -5.022160;-1.834231;1.385310;,
        -5.339160;-2.173229;0.772334;,
        -5.339159;-1.773850;1.279642;,
        -5.339160;-2.173229;0.772334;,
        -5.022160;-1.834231;1.385310;,
        -5.339160;-1.735727;-1.433976;,
        -5.339160;-2.173229;-0.772333;,
        -5.339160;-1.735727;-1.433976;,
        -5.022160;-2.233611;-0.666667;,
        -5.022160;-1.796108;-1.539642;,
        -6.000000;-0.065963;0.666667;,
        -6.316999;-0.126344;1.894333;,
        -6.317000;-0.126344;0.772333;,
        -6.000000;-0.065963;2.000000;,
        -6.000000;-0.065963;-2.000000;,
        -6.316999;-0.126344;-0.772333;,
        -6.317000;-0.126344;-1.894333;,
        -6.000000;-0.065963;-0.666667;,
        -5.022160;-2.233611;0.666667;,
        -5.339160;-2.173229;-0.772333;,
        -5.339159;-1.773850;1.279642;,
        -4.639191;-2.173229;0.772333;,
        -4.639191;-1.773850;1.279643;,
        -5.344866;-0.126344;0.772333;,
        -6.317000;-0.126344;0.772333;,
        -5.344866;-0.126344;1.894333;,
        -6.316999;-0.126344;1.894333;,
        -4.639191;-1.735727;-1.433975;,
        -4.639191;-2.173229;-0.772333;,
        -4.639191;-1.735727;-1.433975;,
        -5.344866;-0.126344;-1.894333;,
        -5.344866;-0.126344;-1.894333;,
        -6.317000;-0.126344;-1.894333;,
        -5.344866;-0.126344;-0.772333;,
        -6.316999;-0.126344;-0.772333;,
        -6.000000;-0.065963;2.000000;,
        -6.000000;-0.065963;0.666667;,
        -6.000000;-0.065963;0.666667;,
        -1.439909;0.079640;0.666667;,
        -5.096090;0.079881;0.666667;,
        -1.439909;0.079640;0.666667;,
        -6.000000;-0.065963;0.666667;,
        -2.000000;-0.065963;0.666667;,
        -2.000000;-0.065963;2.000000;,
        -5.096090;0.079881;2.000000;,
        -1.439909;0.079640;2.000000;,
        -5.096090;0.079881;2.000000;,
        -2.000000;-0.065963;2.000000;,
        -6.000000;-0.065963;2.000000;,
        -6.000000;-0.065963;-0.666667;,
        -5.096090;0.079881;-2.000000;,
        -5.096090;0.079881;-0.666667;,
        -6.000000;-0.065963;-2.000000;,
        -6.000000;-0.065963;-2.000000;,
        -1.439909;0.079640;-2.000000;,
        -5.096090;0.079881;-2.000000;,
        -1.439909;0.079640;-2.000000;,
        -6.000000;-0.065963;-2.000000;,
        -2.000000;-0.065963;-2.000000;,
        -2.000000;-0.065963;-0.666667;,
        -5.096090;0.079881;-0.666667;,
        -1.439909;0.079640;-0.666667;,
        -5.096090;0.079881;-0.666667;,
        2.000000;0.079882;0.666667;,
        2.000000;0.085388;0.666667;,
        7.640323;-0.065963;8.300000;,
        4.200414;0.079641;8.300000;,
        7.640323;0.079881;8.300000;,
        3.640323;-0.065963;8.300000;,
        2.000000;0.079882;-0.666667;,
        2.000000;0.085388;-0.666667;,
        3.640323;-0.065963;-8.300000;,
        7.640323;0.079881;-8.300000;,
        4.200414;0.079641;-8.300000;,
        7.640323;-0.065963;-8.300000;,
        5.289513;0.079881;0.666667;,
        6.000000;-0.065963;0.527061;,
        5.289513;0.079881;2.000000;,
        5.289513;0.079881;0.666667;,
        6.000000;-0.065963;2.164955;,
        11.640323;-0.065963;8.300000;,
        10.929835;0.079881;8.300001;,
        6.000000;-0.063013;-0.501712;,
        5.289513;0.079881;-0.666667;,
        10.929835;0.079881;-8.299999;,
        11.640323;-0.065963;-8.300000;,
        6.000000;-0.065963;-2.139606;,
        5.289513;0.079881;-0.666667;,
        5.289513;0.079881;-2.000000;,
        6.000000;-0.063013;-0.501712;,
        2.000000;0.079882;-2.000000;,
        2.590503;0.079641;-5.000000;,
        6.030412;0.079882;-5.000000;,
        -1.439909;0.079640;-2.000000;,
        5.289513;0.079881;-2.000000;,
        9.319925;0.079881;-5.000000;,
        -2.000000;-0.065963;-2.000000;,
        6.030413;-0.065963;-5.000000;,
        2.030412;-0.065963;-5.000000;,
        2.000000;-0.065963;-2.000000;,
        10.030413;-0.065963;-5.000000;,
        6.000000;-0.065963;-2.139606;,
        -1.439909;0.079640;-2.000000;,
        2.030412;-0.065963;-5.000000;,
        2.590503;0.079641;-5.000000;,
        -2.000000;-0.065963;-2.000000;,
        6.000000;-0.065963;-2.139606;,
        9.319925;0.079881;-5.000000;,
        10.030413;-0.065963;-5.000000;,
        5.289513;0.079881;-2.000000;,
        3.115219;-0.065963;-8.000000;,
        6.135304;-0.065963;-6.479458;,
        7.115219;-0.065963;-8.000000;,
        2.565388;-0.065963;-6.479459;,
        2.311242;-0.040429;-5.504993;,
        2.030412;-0.065963;-5.000000;,
        2.222253;-0.065963;-5.530529;,
        11.115219;-0.065963;-8.000000;,
        10.030413;-0.065963;-5.000000;,
        10.404732;0.079881;-8.000000;,
        11.115219;-0.065963;-8.000000;,
        9.319925;0.079881;-5.000000;,
        9.319925;0.079881;-5.000000;,
        7.115219;0.079881;-8.000000;,
        10.404732;0.079881;-8.000000;,
        6.030412;0.079882;-5.000000;,
        -1.439909;0.079640;2.000000;,
        6.030412;0.079882;5.000000;,
        2.590503;0.079641;5.000000;,
        2.000000;0.079882;2.000000;,
        9.319925;0.079881;5.000000;,
        5.289513;0.079881;2.000000;,
        6.000000;-0.065963;2.164955;,
        6.030413;-0.065963;5.000000;,
        10.030413;-0.065963;5.000000;,
        2.000000;-0.065963;2.000000;,
        2.030412;-0.065963;5.000000;,
        -2.000000;-0.065963;2.000000;,
        -2.000000;-0.065963;2.000000;,
        2.590503;0.079641;5.000000;,
        2.030412;-0.065963;5.000000;,
        -1.439909;0.079640;2.000000;,
        5.289513;0.079881;2.000000;,
        10.030413;-0.065963;5.000000;,
        9.319925;0.079881;5.000000;,
        6.000000;-0.065963;2.164955;,
        3.115219;-0.065963;8.000000;,
        3.100628;0.079641;6.410735;,
        3.675311;0.079641;8.000000;,
        2.802353;-0.005946;6.496321;,
        2.549783;-0.065963;6.436305;,
        6.030412;0.079882;5.000000;,
        2.800923;0.079641;5.581908;,
        2.590503;0.079641;5.000000;,
        6.135306;0.079874;5.582140;,
        7.115219;0.079881;8.000000;,
        6.135306;0.079874;5.582140;,
        6.030412;0.079882;5.000000;,
        6.135306;0.079853;6.410524;,
        3.675311;0.079641;8.000000;,
        6.135306;0.079853;6.410524;,
        7.115219;0.079881;8.000000;,
        3.100628;0.079641;6.410735;,
        7.115219;-0.065963;8.000000;,
        11.115219;-0.065963;8.000001;,
        6.030412;0.079882;5.000000;,
        10.404732;0.079881;8.000001;,
        7.115219;0.079881;8.000000;,
        9.319925;0.079881;5.000000;,
        9.319925;0.079881;5.000000;,
        11.115219;-0.065963;8.000001;,
        10.404732;0.079881;8.000001;,
        10.030413;-0.065963;5.000000;,
        7.115219;-0.065963;8.000000;,
        3.640323;-0.065963;8.300000;,
        7.640323;-0.065963;8.300000;,
        3.115219;-0.065963;8.000000;,
        4.235847;1.191284;8.000000;,
        5.321042;1.336888;8.300000;,
        4.760951;1.191284;8.300000;,
        4.795938;1.336888;8.000000;,
        4.795938;1.336888;8.000000;,
        7.640323;2.365596;8.300000;,
        5.321042;1.336888;8.300000;,
        7.115219;2.365596;8.000000;,
        11.115219;-0.065963;8.000001;,
        11.640323;-0.065963;8.300000;,
        7.115219;2.365596;8.000000;,
        10.929835;0.578226;8.300001;,
        7.640323;2.365596;8.300000;,
        10.404732;0.578226;8.000001;,
        10.404732;0.578226;8.000001;,
        11.640323;0.432382;8.300000;,
        10.929835;0.578226;8.300001;,
        11.115219;0.432382;8.000001;,
        3.115219;-0.065963;-8.000000;,
        7.640323;-0.065963;-8.300000;,
        3.640323;-0.065963;-8.300000;,
        7.115219;-0.065963;-8.000000;,
        7.115219;2.365596;-8.000000;,
        5.321042;1.336888;-8.300000;,
        7.640323;2.365596;-8.300000;,
        4.795938;1.336888;-8.000000;,
        4.795938;1.336888;-8.000000;,
        4.760951;1.191284;-8.300000;,
        5.321042;1.336888;-8.300000;,
        4.235847;1.191284;-8.000000;,
        11.640323;-0.065963;-8.300000;,
        11.115219;-0.065963;-8.000000;,
        11.115219;0.432382;-8.000000;,
        10.929835;0.578226;-8.299999;,
        11.640323;0.432382;-8.300000;,
        10.404732;0.578226;-8.000000;,
        10.404732;0.578226;-8.000000;,
        7.640323;2.365596;-8.300000;,
        10.929835;0.578226;-8.299999;,
        7.115219;2.365596;-8.000000;,
        4.760951;1.191284;8.300000;,
        5.321042;1.336888;8.300000;,
        7.640323;2.365596;8.300000;,
        4.200414;0.079641;-8.300000;,
        7.640323;2.365596;-8.300000;,
        5.321042;1.336888;-8.300000;,
        7.640323;2.365596;-8.300000;,
        4.200414;0.079641;-8.300000;,
        7.640323;0.079881;-8.300000;,
        3.640323;-0.065963;-8.300000;,
        4.760951;1.191284;-8.300000;,
        5.321042;1.336888;-8.300000;,
        3.640323;-0.065963;-8.300000;,
        4.200414;0.079641;-8.300000;,
        10.929835;0.079881;8.300001;,
        7.640323;2.365596;8.300000;,
        10.929835;0.578226;8.300001;,
        11.640323;-0.065963;8.300000;,
        10.929835;0.578226;8.300001;,
        11.640323;0.432382;8.300000;,
        10.929835;0.079881;8.300001;,
        10.929835;0.079881;-8.299999;,
        11.640323;0.432382;-8.300000;,
        10.929835;0.578226;-8.299999;,
        11.640323;-0.065963;-8.300000;,
        10.929835;0.578226;-8.299999;,
        10.929835;0.578226;-8.299999;,
        7.640323;0.079881;-8.300000;,
        10.929835;0.079881;-8.299999;,
        7.115219;0.079881;-8.000000;,
        4.795938;1.336888;-8.000000;,
        7.115219;2.365596;-8.000000;,
        3.675310;0.079641;-8.000000;,
        3.675310;0.079641;-8.000000;,
        4.235847;1.191284;-8.000000;,
        4.795938;1.336888;-8.000000;,
        3.115219;-0.065963;-8.000000;,
        11.115219;-0.065963;-8.000000;,
        10.404732;0.578226;-8.000000;,
        11.115219;0.432382;-8.000000;,
        10.404732;0.079881;-8.000000;,
        10.404732;0.079881;-8.000000;,
        10.404732;0.079881;-8.000000;,
        3.115219;-0.065963;8.000000;,
        4.795938;1.336888;8.000000;,
        4.235847;1.191284;8.000000;,
        3.675311;0.079641;8.000000;,
        3.675311;0.079641;8.000000;,
        7.115219;2.365596;8.000000;,
        4.795938;1.336888;8.000000;,
        7.115219;2.365596;8.000000;,
        3.675311;0.079641;8.000000;,
        7.115219;0.079881;8.000000;,
        10.404732;0.578226;8.000001;,
        10.404732;0.578226;8.000001;,
        7.115219;0.079881;8.000000;,
        10.404732;0.079881;8.000001;,
        10.404732;0.079881;8.000001;,
        11.115219;0.432382;8.000001;,
        10.404732;0.578226;8.000001;,
        11.115219;0.432382;8.000001;,
        10.404732;0.079881;8.000001;,
        11.115219;-0.065963;8.000001;,
        3.640323;-0.065963;8.300000;,
        3.115219;-0.065963;8.000000;,
        11.115219;-0.065963;8.000001;,
        11.640323;0.432382;8.300000;,
        11.115219;0.432382;8.000001;,
        11.640323;-0.065963;8.300000;,
        3.115219;-0.065963;-8.000000;,
        4.760951;1.191284;-8.300000;,
        4.235847;1.191284;-8.000000;,
        3.640323;-0.065963;-8.300000;,
        11.640323;-0.065963;-8.300000;,
        11.115219;0.432382;-8.000000;,
        11.640323;0.432382;-8.300000;,
        11.115219;-0.065963;-8.000000;,
        2.427444;0.172931;1.837164;,
        2.427444;0.452078;0.829503;,
        2.427444;0.452078;1.837164;,
        2.427444;0.172931;0.829503;,
        2.427444;0.172931;-0.829503;,
        2.427444;0.452078;-1.837164;,
        2.427444;0.452078;-0.829503;,
        2.427444;0.172931;-1.837164;,
        2.000000;0.079882;0.666667;,
        5.289513;0.166739;0.666667;,
        2.000000;0.545127;0.666667;,
        5.289513;0.166739;0.666667;,
        5.289513;0.079881;0.666667;,
        5.289513;0.166739;2.000000;,
        5.289513;0.166739;0.666667;,
        5.289513;0.079881;2.000000;,
        5.289513;0.079881;2.000000;,
        2.000000;0.545127;2.000000;,
        5.289513;0.166739;2.000000;,
        2.000000;0.545127;2.000000;,
        5.289513;0.079881;2.000000;,
        2.000000;0.079882;2.000000;,
        2.000000;0.079882;-2.000000;,
        5.289513;0.166739;-2.000000;,
        2.000000;0.545127;-2.000000;,
        5.289513;0.166739;-2.000000;,
        2.000000;0.079882;-2.000000;,
        5.289513;0.079881;-2.000000;,
        5.289513;0.079881;-2.000000;,
        5.289513;0.166739;-0.666667;,
        5.289513;0.166739;-2.000000;,
        5.289513;0.079881;-0.666667;,
        2.000000;0.545127;-0.666667;,
        5.289513;0.166739;-0.666667;,
        2.000000;0.545127;-0.666667;,
        5.289513;0.079881;-0.666667;,
        2.000000;0.079882;-0.666667;,
        2.000000;0.079882;2.000000;,
        1.857519;0.114775;0.727730;,
        1.857519;0.114775;1.938937;,
        1.857519;0.114775;0.727730;,
        2.000000;0.079882;2.000000;,
        2.000000;0.079882;0.666667;,
        1.857519;0.114775;-1.938937;,
        1.857519;0.114775;-0.727730;,
        1.857519;0.114775;-1.938937;,
        2.000000;0.079882;-0.666667;,
        2.000000;0.079882;-2.000000;,
        2.000000;0.545127;0.666667;,
        1.857519;0.510233;1.938937;,
        1.857519;0.510233;0.727730;,
        1.857519;0.510233;1.938937;,
        2.000000;0.545127;0.666667;,
        2.000000;0.545127;2.000000;,
        2.000000;0.545127;-2.000000;,
        1.857519;0.510233;-0.727730;,
        1.857519;0.510233;-1.938937;,
        2.000000;0.545127;-0.666667;,
        1.857519;0.510233;0.727730;,
        1.857519;0.114775;1.938937;,
        1.857519;0.114775;-0.727730;,
        2.427444;0.172931;0.829503;,
        2.427444;0.172931;1.837164;,
        2.427444;0.452078;0.829503;,
        2.427444;0.452078;1.837164;,
        2.427444;0.172931;-1.837164;,
        2.427444;0.172931;-0.829503;,
        2.427444;0.452078;-1.837164;,
        2.427444;0.452078;-0.829503;,
        6.000000;-0.668395;0.527061;,
        6.244254;-0.610239;2.063183;,
        6.244254;-0.610239;0.628833;,
        6.000000;-0.668395;2.164955;,
        6.000000;-0.668395;-2.139606;,
        6.244254;-0.607472;-0.603484;,
        6.244254;-0.610056;-2.037834;,
        6.000000;-0.665444;-0.501712;,
        6.000000;-0.065963;-2.139606;,
        6.244254;-0.123936;-2.037834;,
        6.244254;-0.121352;-0.603484;,
        6.000000;-0.063013;-0.501712;,
        6.000000;-0.065963;0.527061;,
        6.244254;-0.124119;0.628833;,
        6.244254;-0.124119;2.063183;,
        6.000000;-0.065963;2.164955;,
        6.244254;-0.610056;-2.037834;,
        5.572556;-0.607472;-0.603484;,
        5.572556;-0.610056;-2.037834;,
        6.244254;-0.607472;-0.603484;,
        5.572556;-0.121352;-0.603484;,
        6.244254;-0.121352;-0.603484;,
        5.572556;-0.123936;-2.037834;,
        6.244254;-0.123936;-2.037834;,
        6.244254;-0.610239;0.628833;,
        5.572556;-0.610239;2.063183;,
        5.572556;-0.610239;0.628833;,
        6.244254;-0.610239;2.063183;,
        5.572556;-0.124119;2.063183;,
        6.244254;-0.124119;2.063183;,
        5.572556;-0.124119;0.628833;,
        6.244254;-0.124119;0.628833;,
        6.000000;-0.065963;0.527061;,
        2.816527;0.079641;-5.625062;,
        6.030412;0.079882;-5.000000;,
        2.590503;0.079641;-5.000000;,
        6.135305;0.079873;-5.625296;,
        3.091295;0.079641;-6.384925;,
        3.115219;-0.065963;-8.000000;,
        3.675310;0.079641;-8.000000;,
        2.672845;-0.040429;-6.504994;,
        -0.864695;0.019025;-5.794508;,
        -3.965064;0.269025;-6.044507;,
        -0.864695;0.269025;-6.044508;,
        -3.965064;0.019025;-5.794507;,
        -0.864695;0.019025;-6.294508;,
        -3.965064;-0.230975;-6.044507;,
        -0.864695;-0.230975;-6.044508;,
        -3.965064;-0.230975;-6.044507;,
        -0.864695;0.019025;-6.294508;,
        -3.965064;0.019025;-6.294507;,
        -3.965064;0.019025;-5.794507;,
        -3.965064;0.019025;-6.294507;,
        -3.965064;0.269025;-6.044507;,
        -3.965064;-0.230975;-6.044507;,
        -0.864695;0.019025;-6.294508;,
        -3.965064;0.019025;-6.294507;,
        -0.864695;0.019025;-5.794508;,
        -3.965064;0.019025;-5.794507;,
        -0.864695;-0.230975;-6.044508;,
        6.135304;0.459572;-6.004994;,
        2.816527;0.079641;-5.625062;,
        -0.864695;0.459571;-6.004994;,
        6.135305;0.079873;-5.625296;,
        6.135304;-0.540428;-6.004994;,
        2.565388;-0.065963;-6.479459;,
        -0.864695;-0.540429;-6.004994;,
        6.135304;-0.065963;-6.479458;,
        6.135305;0.079873;-5.625296;,
        6.135304;0.459572;-6.004994;,
        6.135304;0.079854;-6.384713;,
        -0.864695;0.459571;-6.004994;,
        -0.864695;0.019025;-5.794508;,
        -0.864695;0.269025;-6.044508;,
        -0.864695;-0.040429;-5.504994;,
        -0.864695;-0.040429;-6.504993;,
        -0.864695;0.019025;-6.294508;,
        -0.864695;-0.540429;-6.004994;,
        -0.864695;-0.230975;-6.044508;,
        6.135305;-0.065963;-5.530530;,
        6.135304;-0.065963;-6.479458;,
        6.135304;-0.540428;-6.004994;,
        -0.864695;-0.040429;-5.504994;,
        2.222253;-0.065963;-5.530529;,
        2.222253;-0.065963;-5.530529;,
        -0.864695;-0.040429;-5.504994;,
        2.311242;-0.040429;-5.504993;,
        -0.864695;-0.040429;-6.504993;,
        3.091295;0.079641;-6.384925;,
        2.672845;-0.040429;-6.504994;,
        6.135305;-0.065963;-5.530530;,
        2.222253;-0.065963;-5.530529;,
        2.816527;0.079641;-5.625062;,
        2.590503;0.079641;-5.000000;,
        6.030412;0.079882;-5.000000;,
        6.135305;0.079873;-5.625296;,
        7.115219;0.079881;-8.000000;,
        7.115219;0.079881;-8.000000;,
        6.135305;0.079873;-5.625296;,
        6.135304;0.079854;-6.384713;,
        6.135304;0.079854;-6.384713;,
        3.675310;0.079641;-8.000000;,
        7.115219;0.079881;-8.000000;,
        3.091295;0.079641;-6.384925;,
        2.565388;-0.065963;-6.479459;,
        -0.864695;-0.040429;-5.504994;,
        2.311242;-0.040429;-5.504993;,
        -0.864695;-0.040429;-6.504993;,
        2.565388;-0.065963;-6.479459;,
        2.672845;-0.040429;-6.504994;,
        -0.864695;-0.040429;-6.504993;,
        6.135305;-0.065963;-5.530530;,
        6.135304;0.079854;-6.384713;,
        2.800923;0.079641;5.581908;,
        2.030412;-0.065963;5.000000;,
        2.590503;0.079641;5.000000;,
        2.440751;-0.005946;5.496322;,
        2.231586;-0.065963;5.556339;,
        2.231586;-0.065963;5.556339;,
        6.135306;-0.065963;5.556339;,
        6.135306;-0.065963;6.436305;,
        3.115219;-0.065963;8.000000;,
        2.549783;-0.065963;6.436305;,
        -0.864694;-0.020488;6.246322;,
        -3.965063;0.229512;5.996322;,
        -0.864694;0.229512;5.996322;,
        -3.965063;-0.020488;6.246322;,
        -0.864694;-0.020488;5.746322;,
        -3.965063;-0.270488;5.996322;,
        -0.864694;-0.270488;5.996322;,
        -3.965062;-0.020488;5.746322;,
        -3.965063;-0.020488;6.246322;,
        -3.965062;-0.020488;5.746322;,
        -3.965063;0.229512;5.996322;,
        -3.965063;-0.270488;5.996322;,
        -0.864694;-0.020488;5.746322;,
        -3.965062;-0.020488;5.746322;,
        -0.864694;-0.020488;6.246322;,
        -3.965063;-0.020488;6.246322;,
        6.135306;0.494055;5.996320;,
        2.800923;0.079641;5.581908;,
        6.135306;0.079874;5.582140;,
        -0.864694;0.494054;5.996321;,
        2.440751;-0.005946;5.496322;,
        -0.864694;-0.005946;5.496321;,
        -0.864694;-0.005946;5.496321;,
        2.231586;-0.065963;5.556339;,
        2.440751;-0.005946;5.496322;,
        -0.864694;-0.505946;5.996321;,
        2.231586;-0.065963;5.556339;,
        -0.864694;-0.005946;5.496321;,
        6.135306;-0.505945;5.996321;,
        6.135306;-0.065963;5.556339;,
        6.135306;0.079853;6.410524;,
        6.135306;0.494055;5.996320;,
        6.135306;0.079874;5.582140;,
        -0.864694;-0.505946;5.996321;,
        -0.864694;-0.020488;5.746322;,
        -0.864694;-0.270488;5.996322;,
        -0.864694;-0.005946;5.496321;,
        -0.864694;-0.005946;6.496321;,
        -0.864694;0.229512;5.996322;,
        -0.864694;0.494054;5.996321;,
        -0.864694;-0.020488;6.246322;,
        -0.864694;-0.005946;5.496321;,
        -0.864694;0.229512;5.996322;,
        -0.864694;-0.020488;5.746322;,
        6.135306;-0.065963;6.436305;,
        6.135306;-0.065963;5.556339;,
        6.135306;-0.505945;5.996321;,
        2.549783;-0.065963;6.436305;,
        6.135306;-0.065963;6.436305;,
        -0.864694;-0.005946;6.496321;,
        2.802353;-0.005946;6.496321;,
        2.549783;-0.065963;6.436305;,
        -0.864694;-0.005946;6.496321;,
        2.802353;-0.005946;6.496321;,
        -0.864694;-0.005946;6.496321;,
        3.100628;0.079641;6.410735;,
        6.135306;0.079853;6.410524;,
        -2.000000;-0.065963;-2.000000;,
        6.030413;-0.065963;-5.000000;,
        2.030412;-0.065963;-5.000000;,
        2.000000;-0.065963;-2.000000;,
        10.030413;-0.065963;-5.000000;,
        6.000000;-0.065963;-2.139606;,
        3.115219;-0.065963;-8.000000;,
        6.135304;-0.065963;-6.479458;,
        7.115219;-0.065963;-8.000000;,
        2.565388;-0.065963;-6.479459;,
        11.115219;-0.065963;-8.000000;,
        6.135305;-0.065963;-5.530530;,
        2.222253;-0.065963;-5.530529;;
        452;
        3;0,2,1;,
        3;1,3,0;,
        3;2,5,4;,
        3;4,1,2;,
        3;5,7,6;,
        3;6,4,5;,
        3;3,1,8;,
        3;8,9,3;,
        3;1,4,10;,
        3;10,8,1;,
        3;11,10,4;,
        3;4,6,11;,
        3;12,14,13;,
        3;13,15,12;,
        3;16,18,17;,
        3;17,19,16;,
        3;20,22,21;,
        3;21,23,20;,
        3;24,26,25;,
        3;25,27,24;,
        3;28,30,29;,
        3;29,31,28;,
        3;32,34,33;,
        3;33,35,32;,
        3;26,37,36;,
        3;36,25,26;,
        3;38,40,39;,
        3;39,41,38;,
        3;42,44,43;,
        3;43,45,42;,
        3;46,48,47;,
        3;47,49,46;,
        3;50,52,51;,
        3;51,53,50;,
        3;54,56,55;,
        3;55,57,54;,
        3;58,60,59;,
        3;59,61,58;,
        3;62,64,63;,
        3;63,65,62;,
        3;66,68,67;,
        3;67,69,66;,
        3;70,72,71;,
        3;71,73,70;,
        3;73,71,74;,
        3;74,75,73;,
        3;75,74,76;,
        3;77,79,78;,
        3;80,82,81;,
        3;81,83,80;,
        3;84,86,85;,
        3;85,87,84;,
        3;88,90,89;,
        3;89,91,88;,
        3;92,94,93;,
        3;95,97,96;,
        3;97,95,98;,
        3;98,99,97;,
        3;99,98,100;,
        3;100,101,99;,
        3;102,104,103;,
        3;103,105,102;,
        3;106,108,107;,
        3;107,109,106;,
        3;110,112,111;,
        3;111,113,110;,
        3;114,116,115;,
        3;115,117,114;,
        3;104,119,118;,
        3;118,103,104;,
        3;120,122,121;,
        3;121,123,120;,
        3;124,126,125;,
        3;125,127,124;,
        3;128,130,129;,
        3;129,131,128;,
        3;132,134,133;,
        3;135,137,136;,
        3;138,140,139;,
        3;141,143,142;,
        3;144,146,145;,
        3;145,147,144;,
        3;148,149,137;,
        3;137,135,148;,
        3;150,152,151;,
        3;151,153,150;,
        3;154,155,140;,
        3;140,138,154;,
        3;156,158,157;,
        3;159,102,160;,
        3;105,162,161;,
        3;163,165,164;,
        3;166,168,167;,
        3;167,169,166;,
        3;170,172,171;,
        3;171,173,170;,
        3;174,157,168;,
        3;168,166,174;,
        3;169,167,158;,
        3;158,156,169;,
        3;165,163,172;,
        3;172,170,165;,
        3;173,171,175;,
        3;175,164,173;,
        3;176,178,177;,
        3;177,159,176;,
        3;159,177,179;,
        3;179,180,159;,
        3;180,179,181;,
        3;181,182,180;,
        3;182,181,178;,
        3;178,176,182;,
        3;162,184,183;,
        3;185,163,175;,
        3;163,185,186;,
        3;187,188,161;,
        3;188,187,189;,
        3;189,190,188;,
        3;190,189,184;,
        3;184,162,190;,
        3;191,24,27;,
        3;27,192,191;,
        3;193,195,194;,
        3;196,198,197;,
        3;199,201,200;,
        3;202,204,203;,
        3;205,207,206;,
        3;206,208,205;,
        3;209,211,210;,
        3;212,214,213;,
        3;215,217,216;,
        3;218,142,143;,
        3;198,196,219;,
        3;219,220,198;,
        3;221,223,222;,
        3;222,224,221;,
        3;225,217,226;,
        3;227,229,228;,
        3;228,230,227;,
        3;219,231,220;,
        3;232,234,233;,
        3;233,235,232;,
        3;236,237,223;,
        3;223,221,236;,
        3;238,239,225;,
        3;225,226,238;,
        3;230,228,240;,
        3;240,241,230;,
        3;242,244,243;,
        3;243,245,242;,
        3;246,248,247;,
        3;247,249,246;,
        3;250,251,248;,
        3;248,246,250;,
        3;252,254,253;,
        3;253,255,252;,
        3;255,253,256;,
        3;256,257,255;,
        3;258,260,259;,
        3;259,261,258;,
        3;262,264,263;,
        3;263,265,262;,
        3;266,268,267;,
        3;267,269,266;,
        3;270,272,271;,
        3;253,268,273;,
        3;273,256,253;,
        3;274,276,275;,
        3;275,277,274;,
        3;278,280,279;,
        3;279,281,278;,
        3;282,284,283;,
        3;283,285,282;,
        3;285,283,286;,
        3;286,287,285;,
        3;288,290,289;,
        3;289,291,288;,
        3;291,289,292;,
        3;292,293,291;,
        3;294,296,295;,
        3;295,297,294;,
        3;298,300,299;,
        3;299,301,298;,
        3;302,304,303;,
        3;302,303,305;,
        3;306,302,305;,
        3;307,309,308;,
        3;307,308,310;,
        3;311,313,312;,
        3;311,312,314;,
        3;315,317,316;,
        3;318,315,316;,
        3;290,320,319;,
        3;319,289,290;,
        3;321,323,322;,
        3;322,324,321;,
        3;325,327,326;,
        3;326,328,325;,
        3;329,331,330;,
        3;330,332,329;,
        3;333,335,334;,
        3;334,336,333;,
        3;337,339,338;,
        3;338,340,337;,
        3;341,342,331;,
        3;331,329,341;,
        3;343,345,344;,
        3;344,346,343;,
        3;347,349,348;,
        3;348,350,347;,
        3;351,353,352;,
        3;352,354,351;,
        3;355,357,356;,
        3;356,358,355;,
        3;359,361,360;,
        3;360,362,359;,
        3;354,352,363;,
        3;363,364,354;,
        3;365,367,366;,
        3;366,368,365;,
        3;369,371,370;,
        3;370,372,369;,
        3;222,374,373;,
        3;373,224,222;,
        3;223,375,374;,
        3;374,222,223;,
        3;376,378,377;,
        3;379,381,380;,
        3;382,383,378;,
        3;384,386,385;,
        3;387,389,388;,
        3;375,223,237;,
        3;390,392,391;,
        3;391,393,390;,
        3;394,396,395;,
        3;395,397,394;,
        3;381,379,398;,
        3;399,401,400;,
        3;402,404,403;,
        3;403,405,402;,
        3;406,408,407;,
        3;407,409,406;,
        3;410,412,411;,
        3;411,413,410;,
        3;414,369,372;,
        3;404,402,415;,
        3;416,418,417;,
        3;417,419,416;,
        3;420,422,421;,
        3;423,425,424;,
        3;425,423,426;,
        3;427,429,428;,
        3;430,432,431;,
        3;433,435,434;,
        3;436,335,333;,
        3;333,437,436;,
        3;438,440,439;,
        3;439,441,438;,
        3;442,444,443;,
        3;443,445,442;,
        3;446,448,447;,
        3;447,449,446;,
        3;450,452,451;,
        3;451,453,450;,
        3;454,456,455;,
        3;455,457,454;,
        3;458,460,459;,
        3;461,231,219;,
        3;462,464,463;,
        3;463,465,462;,
        3;466,468,467;,
        3;469,471,470;,
        3;472,474,473;,
        3;475,477,476;,
        3;478,480,479;,
        3;479,481,478;,
        3;239,483,482;,
        3;484,486,485;,
        3;487,489,488;,
        3;490,492,491;,
        3;225,494,493;,
        3;495,497,496;,
        3;498,500,499;,
        3;501,503,502;,
        3;504,506,505;,
        3;505,507,504;,
        3;492,490,508;,
        3;508,502,492;,
        3;467,499,489;,
        3;509,491,503;,
        3;497,495,506;,
        3;506,504,497;,
        3;507,505,510;,
        3;510,496,507;,
        3;509,512,511;,
        3;511,490,509;,
        3;490,511,513;,
        3;513,508,490;,
        3;508,513,514;,
        3;514,501,508;,
        3;501,514,512;,
        3;512,509,501;,
        3;510,516,515;,
        3;515,495,510;,
        3;495,515,517;,
        3;517,506,495;,
        3;506,517,518;,
        3;518,505,506;,
        3;505,518,516;,
        3;516,510,505;,
        3;519,521,520;,
        3;520,522,519;,
        3;523,525,524;,
        3;524,526,523;,
        3;527,528,525;,
        3;525,523,527;,
        3;526,524,529;,
        3;529,530,526;,
        3;530,529,528;,
        3;528,527,530;,
        3;531,532,521;,
        3;521,519,531;,
        3;522,520,533;,
        3;533,534,522;,
        3;534,533,532;,
        3;532,531,534;,
        3;535,537,536;,
        3;536,538,535;,
        3;538,536,539;,
        3;539,540,538;,
        3;540,539,541;,
        3;541,542,540;,
        3;542,541,537;,
        3;537,535,542;,
        3;543,545,544;,
        3;544,546,543;,
        3;546,544,547;,
        3;547,548,546;,
        3;548,547,549;,
        3;549,550,548;,
        3;550,549,545;,
        3;545,543,550;,
        3;217,215,226;,
        3;231,551,220;,
        3;552,554,553;,
        3;553,555,552;,
        3;556,558,557;,
        3;557,559,556;,
        3;560,562,561;,
        3;561,563,560;,
        3;564,566,565;,
        3;567,569,568;,
        3;570,572,571;,
        3;571,573,570;,
        3;574,575,561;,
        3;561,562,574;,
        3;576,577,567;,
        3;567,578,576;,
        3;579,581,580;,
        3;580,582,579;,
        3;583,585,584;,
        3;584,586,583;,
        3;587,589,588;,
        3;590,592,591;,
        3;591,593,590;,
        3;594,595,592;,
        3;592,590,594;,
        3;596,597,595;,
        3;595,594,596;,
        3;598,600,599;,
        3;601,585,602;,
        3;603,605,604;,
        3;606,581,607;,
        3;607,608,606;,
        3;268,609,267;,
        3;253,254,610;,
        3;610,609,253;,
        3;268,253,609;,
        3;611,270,271;,
        3;271,612,611;,
        3;613,615,614;,
        3;616,618,617;,
        3;619,621,620;,
        3;620,622,619;,
        3;557,623,559;,
        3;624,625,580;,
        3;580,581,624;,
        3;626,628,627;,
        3;584,585,629;,
        3;596,593,591;,
        3;591,597,596;,
        3;583,630,602;,
        3;602,585,583;,
        3;579,631,607;,
        3;607,581,579;,
        3;632,634,633;,
        3;635,632,633;,
        3;636,635,633;,
        3;637,292,289;,
        3;638,637,289;,
        3;638,289,319;,
        3;639,638,319;,
        3;639,319,640;,
        3;639,640,641;,
        3;642,644,643;,
        3;643,645,642;,
        3;646,648,647;,
        3;647,649,646;,
        3;650,652,651;,
        3;651,653,650;,
        3;654,655,643;,
        3;643,644,654;,
        3;656,657,647;,
        3;647,648,656;,
        3;658,660,659;,
        3;661,658,659;,
        3;662,663,661;,
        3;662,661,659;,
        3;664,666,665;,
        3;667,669,668;,
        3;670,667,668;,
        3;671,670,668;,
        3;672,674,673;,
        3;675,677,676;,
        3;676,678,675;,
        3;679,681,680;,
        3;680,682,679;,
        3;683,685,684;,
        3;680,681,678;,
        3;675,679,682;,
        3;682,677,675;,
        3;686,688,687;,
        3;670,690,689;,
        3;667,670,689;,
        3;691,667,689;,
        3;692,694,693;,
        3;661,696,695;,
        3;661,695,697;,
        3;658,661,697;,
        3;698,658,697;,
        3;699,701,700;,
        3;700,702,699;,
        3;702,700,703;,
        3;703,704,702;,
        3;705,707,706;,
        3;706,708,705;,
        3;700,707,709;,
        3;709,703,700;,
        3;707,710,706;,
        3;700,701,711;,
        3;711,710,700;,
        3;707,700,710;;

        MeshNormals
        {
            396;
            0.000000;-0.874088;0.485767;,
            0.000000;-0.942819;0.333305;,
            0.000000;-0.986016;0.166652;,
            0.000000;-0.874088;0.485767;,
            0.000000;-0.874088;0.485767;,
            0.000000;-0.988227;-0.152995;,
            0.000000;-0.973142;-0.230205;,
            -0.000000;-0.894011;-0.448045;,
            0.000000;-0.894011;-0.448044;,
            0.000000;-0.874088;0.485767;,
            -0.000000;-0.874088;0.485767;,
            0.000000;-1.000000;0.000000;,
            0.000000;-0.973142;-0.230205;,
            0.000000;-0.894011;-0.448045;,
            0.000000;-0.894011;-0.448044;,
            0.337876;-0.822684;0.457199;,
            0.279816;-0.960054;0.000000;,
            0.364995;-0.931010;0.000000;,
            0.364317;-0.931271;-0.002671;,
            0.281633;-0.932502;-0.226102;,
            0.181765;-0.879119;-0.440581;,
            0.364934;-0.931032;0.001677;,
            -0.053204;0.998584;0.000000;,
            0.000021;1.000000;0.000000;,
            -0.000025;1.000000;-0.000000;,
            -0.106473;0.994316;0.000000;,
            0.112518;0.993650;-0.000000;,
            0.112518;0.993650;-0.000000;,
            0.112518;0.993650;0.000000;,
            0.000066;1.000000;0.000000;,
            -0.000070;1.000000;-0.000000;,
            -0.000070;1.000000;-0.000000;,
            -0.037811;0.999285;0.000000;,
            -0.000070;1.000000;0.000000;,
            0.114275;0.993449;0.000000;,
            0.114275;0.993449;0.000000;,
            0.114275;0.993449;0.000000;,
            0.037493;0.999296;0.001433;,
            0.037910;0.999277;0.002866;,
            0.037075;0.999313;-0.000000;,
            -0.925362;-0.357765;0.125337;,
            -0.919226;-0.393731;0.000000;,
            -0.915730;-0.315703;0.248538;,
            -1.000000;0.000009;0.000000;,
            -0.905667;-0.395703;-0.152274;,
            -0.945394;-0.325930;0.000000;,
            -0.839101;-0.453749;-0.300036;,
            0.000000;-0.257134;-0.966376;,
            -0.000000;-0.257134;-0.966376;,
            0.000000;-0.257134;-0.966376;,
            -0.011238;-0.257117;-0.966315;,
            0.000000;-0.257134;-0.966376;,
            -0.016857;-0.257097;-0.966238;,
            -0.033709;-0.256988;-0.965827;,
            -0.148332;0.000000;-0.988938;,
            1.000000;0.000000;0.000000;,
            -0.041204;0.000000;0.999151;,
            -0.088061;-0.327074;0.940887;,
            -0.000000;-0.328350;0.944556;,
            0.000000;-0.328349;0.944556;,
            -0.000000;-0.328350;0.944556;,
            0.000000;-0.328349;0.944556;,
            0.000000;-0.328350;0.944556;,
            0.000000;-0.328349;0.944556;,
            0.000365;-1.000000;0.000000;,
            0.000730;-1.000000;0.000000;,
            -0.430042;0.902809;0.000000;,
            0.000000;0.000000;1.000000;,
            0.000000;0.000000;-1.000000;,
            0.001095;-0.999999;0.000000;,
            -0.169907;0.000001;-0.985460;,
            -0.169907;0.000002;-0.985460;,
            -0.169907;0.000000;-0.985460;,
            -0.332103;0.943243;0.000000;,
            -0.332103;0.943243;0.000000;,
            -0.169907;0.000000;0.985460;,
            -0.169907;0.000001;0.985460;,
            -0.169907;0.000000;0.985460;,
            0.000042;0.000369;1.000000;,
            -0.000000;0.000000;-1.000000;,
            -0.000000;0.000000;-1.000000;,
            -0.000000;0.000000;-1.000000;,
            0.000000;-0.000002;-1.000000;,
            0.113094;0.993584;-0.000000;,
            -0.572095;0.820187;0.000000;,
            -0.335260;-0.740258;0.582769;,
            -0.004572;-0.874079;0.485762;,
            0.024962;-0.833875;-0.551389;,
            -0.304462;-0.851568;-0.426773;,
            -0.187112;0.982339;0.000000;,
            -0.187112;0.982339;0.000000;,
            -0.187112;0.982339;0.000000;,
            -0.187112;0.982339;0.000000;,
            -0.187112;0.982339;0.000000;,
            -0.187112;0.982339;0.000000;,
            -0.315463;-0.146830;-0.937509;,
            -0.339720;-0.162291;-0.926419;,
            -0.290907;-0.131230;-0.947709;,
            -0.205193;-0.446700;0.870836;,
            -0.358366;-0.477124;0.802450;,
            -0.295189;-0.412021;-0.862034;,
            -0.358379;-0.451487;-0.817144;,
            -0.229765;-0.369438;-0.900402;,
            -0.314103;-0.145546;0.938166;,
            -0.289393;-0.138249;0.947174;,
            -0.338579;-0.152735;0.928459;,
            0.000000;0.662155;-0.749367;,
            0.000000;0.785732;-0.618568;,
            0.000000;0.511814;-0.859096;,
            -0.000000;0.785732;-0.618568;,
            0.000000;0.000000;1.000000;,
            0.000000;0.000000;1.000000;,
            0.000000;0.000000;1.000000;,
            0.000000;0.349566;-0.936912;,
            0.000000;0.349566;-0.936912;,
            0.000000;0.834135;0.551561;,
            -0.000000;0.834135;0.551561;,
            -0.000000;0.275016;0.961440;,
            0.000000;0.275016;0.961440;,
            -0.000000;-0.000000;-1.000000;,
            -0.000000;-0.000000;-1.000000;,
            -0.159289;0.987232;0.000000;,
            0.000000;0.000000;1.000000;,
            -0.000000;-0.000001;1.000000;,
            0.020606;0.000000;-0.999788;,
            0.000000;0.000000;-1.000000;,
            0.000000;0.000002;-1.000000;,
            0.000000;0.000000;1.000000;,
            0.201081;0.979575;0.000000;,
            0.201081;0.979575;0.000000;,
            -0.000000;-0.000003;1.000000;,
            -0.000000;-0.000003;1.000000;,
            0.000000;0.755842;0.654754;,
            0.041204;0.000000;-0.999151;,
            0.000000;0.000003;-1.000000;,
            0.000000;0.000005;-1.000000;,
            0.199324;0.979933;-0.000883;,
            0.197567;0.980288;-0.001766;,
            -0.000047;1.000000;-0.000063;,
            -0.000070;1.000000;-0.000094;,
            -0.000023;1.000000;-0.000031;,
            -0.000070;1.000000;-0.000094;,
            0.000000;1.000000;0.000000;,
            0.000000;-1.000000;0.000000;,
            0.000000;-1.000000;0.000000;,
            -0.000000;-1.000000;-0.000000;,
            0.000000;-1.000000;0.000000;,
            -0.238353;0.916868;-0.320220;,
            0.223338;0.925332;0.306398;,
            0.193465;0.942475;0.272601;,
            0.252691;0.906035;0.339483;,
            -0.250567;0.963850;-0.090605;,
            -0.250567;0.963850;-0.090605;,
            -0.250568;0.963850;-0.090606;,
            0.200551;0.976995;0.072520;,
            0.000000;1.000000;-0.000000;,
            0.000000;1.000000;0.000000;,
            0.000000;1.000000;-0.000000;,
            -0.000070;1.000000;0.000094;,
            -0.000047;1.000000;0.000063;,
            -0.000070;1.000000;0.000094;,
            -0.000023;1.000000;0.000031;,
            0.000000;1.000000;-0.000000;,
            0.000000;1.000000;-0.000000;,
            0.000000;-1.000000;-0.000000;,
            0.000000;-1.000000;-0.000000;,
            0.000000;-1.000000;0.000000;,
            0.000000;-1.000000;-0.000000;,
            0.000000;-1.000000;-0.000000;,
            -0.238353;0.916868;0.320220;,
            0.233016;0.917034;-0.323654;,
            0.194122;0.945675;-0.260797;,
            0.270445;0.882631;-0.384476;,
            -0.250566;0.963850;0.090605;,
            -0.250567;0.963850;0.090605;,
            -0.250566;0.963850;0.090605;,
            -0.250566;0.963850;0.090605;,
            -0.250565;0.963850;0.090605;,
            -0.000070;1.000000;0.000026;,
            -0.000070;1.000000;0.000025;,
            -0.000070;1.000000;0.000026;,
            -0.000071;1.000000;0.000026;,
            -0.000071;1.000000;0.000026;,
            -0.000071;1.000000;0.000026;,
            -0.000070;1.000000;0.000025;,
            -0.000070;1.000000;0.000025;,
            -0.000070;1.000000;0.000025;,
            0.000000;-1.000000;0.000000;,
            0.000000;1.000000;0.000000;,
            -0.000000;1.000000;0.000000;,
            0.000000;1.000000;-0.000000;,
            0.200551;0.976995;-0.072520;,
            0.000000;-1.000000;-0.000000;,
            0.000000;-1.000000;-0.000000;,
            0.000000;-1.000000;-0.000000;,
            -0.230262;0.885743;0.403037;,
            -0.230262;0.885743;0.403038;,
            -0.230261;0.885743;0.403037;,
            -0.330649;0.745466;0.578750;,
            -0.330649;0.745467;0.578749;,
            -0.330649;0.745466;0.578750;,
            0.366351;0.674239;-0.641240;,
            0.366351;0.674239;-0.641240;,
            0.366351;0.674239;-0.641240;,
            0.189675;0.924013;-0.331998;,
            0.189675;0.924014;-0.331997;,
            0.189675;0.924013;-0.331998;,
            -0.330649;0.745466;-0.578750;,
            -0.330649;0.745466;-0.578750;,
            -0.330649;0.745466;-0.578750;,
            -0.230262;0.885743;-0.403038;,
            -0.230262;0.885743;-0.403038;,
            -0.230261;0.885743;-0.403038;,
            0.189676;0.924013;0.331997;,
            0.189676;0.924013;0.331997;,
            0.189675;0.924013;0.331998;,
            0.366351;0.674239;0.641240;,
            0.366350;0.674239;0.641240;,
            0.366351;0.674240;0.641240;,
            -0.000000;0.000000;1.000000;,
            0.000000;0.000000;-1.000000;,
            -0.000000;0.000000;1.000000;,
            0.000001;0.000000;1.000000;,
            -0.000001;0.000000;-1.000000;,
            0.000000;0.000000;-1.000000;,
            0.000000;0.000000;-1.000000;,
            -0.000000;0.000000;1.000000;,
            -0.000000;0.000000;1.000000;,
            -0.453694;0.404393;0.794121;,
            -0.453694;0.404393;0.794121;,
            -0.453694;0.404393;0.794121;,
            0.496064;0.000000;-0.868286;,
            -0.453694;0.404393;-0.794121;,
            -0.453694;0.404393;-0.794121;,
            -0.453694;0.404393;-0.794121;,
            0.496066;0.000000;0.868285;,
            -1.000000;-0.000000;0.000000;,
            -1.000000;-0.000001;0.000000;,
            -1.000000;0.000000;0.000000;,
            -1.000000;0.000000;0.000000;,
            -0.000000;0.000000;-1.000000;,
            -0.201066;0.000000;0.979578;,
            -0.237866;-0.971298;0.000000;,
            -0.237866;-0.971298;-0.000000;,
            -0.237866;-0.971298;0.000000;,
            -0.237866;-0.971298;0.000000;,
            -0.237868;0.971297;0.000000;,
            -0.237869;0.971297;-0.000000;,
            -0.237869;0.971297;0.000000;,
            -0.393919;0.000000;-0.919145;,
            -0.393919;0.000000;0.919145;,
            -0.393919;0.000000;-0.919145;,
            -0.393920;0.000000;0.919145;,
            -0.101514;0.994834;0.000000;,
            -0.101514;0.994834;0.000000;,
            -0.101514;0.994834;0.000000;,
            -0.175791;0.000000;0.984428;,
            -0.101514;-0.994834;0.000000;,
            -0.175790;-0.000000;-0.984428;,
            -0.175791;-0.000000;-0.984428;,
            -0.175790;0.000000;-0.984428;,
            -0.175791;0.000000;0.984428;,
            -0.175791;0.000000;0.984428;,
            -0.101514;-0.994834;0.000000;,
            -0.175791;0.000000;-0.984428;,
            -0.175791;0.000000;-0.984428;,
            0.231622;-0.972806;0.000000;,
            0.231622;-0.972806;0.000000;,
            0.231621;-0.972806;0.000000;,
            0.231621;-0.972804;0.001752;,
            0.231622;-0.972804;0.001752;,
            0.231621;-0.972805;0.001753;,
            0.384615;0.000000;-0.923077;,
            0.384615;0.000000;-0.923077;,
            0.384615;0.000000;0.923077;,
            0.231621;0.972805;-0.001752;,
            0.231620;0.972805;-0.001753;,
            0.231622;0.972804;-0.001752;,
            0.384615;0.000000;-0.923077;,
            0.384615;0.000000;-0.923077;,
            0.384616;0.000000;0.923077;,
            0.231621;0.972806;0.000000;,
            0.000000;0.999998;-0.001801;,
            0.000000;-0.999998;0.001802;,
            0.001162;0.694437;-0.719553;,
            -0.000070;1.000000;-0.000025;,
            -0.000070;1.000000;-0.000025;,
            -0.000070;1.000000;-0.000025;,
            -0.250567;0.963850;-0.090605;,
            -0.250567;0.963850;-0.090605;,
            -0.250567;0.963850;-0.090605;,
            -0.250567;0.963850;-0.090605;,
            0.000000;0.707107;0.707107;,
            0.000000;0.707107;0.707107;,
            0.000000;0.707107;0.707107;,
            -0.000000;-0.707107;-0.707107;,
            -0.000000;-0.707107;-0.707107;,
            -0.000000;0.707107;-0.707107;,
            0.000000;-0.707107;0.707107;,
            0.000000;-0.707107;0.707107;,
            0.000000;0.707107;0.707107;,
            -0.000000;0.707107;0.707107;,
            -0.000000;0.707107;0.707107;,
            0.000000;0.707106;0.707107;,
            0.000000;-0.707106;-0.707107;,
            0.000000;-0.707106;-0.707107;,
            0.000000;-0.707106;-0.707107;,
            0.000000;-0.707106;-0.707108;,
            1.000000;0.000001;-0.000001;,
            -1.000000;-0.000000;0.000000;,
            -1.000000;-0.000000;0.000000;,
            -1.000000;-0.000000;0.000000;,
            -1.000000;-0.000000;-0.000000;,
            -1.000000;0.000000;0.000000;,
            -1.000000;0.000000;0.000000;,
            1.000000;-0.000001;-0.000001;,
            0.000000;-0.707107;0.707107;,
            0.000000;-0.707107;0.707107;,
            0.000000;-0.707107;0.707107;,
            0.000000;-0.707111;0.707102;,
            -0.000000;0.707107;-0.707107;,
            -0.000000;0.707107;-0.707107;,
            -0.000000;0.707107;-0.707107;,
            -0.000000;0.707107;-0.707106;,
            -0.250566;0.963850;-0.090605;,
            -0.250567;0.963850;-0.090605;,
            -0.000069;1.000000;-0.000025;,
            -0.000069;1.000000;-0.000025;,
            -0.000070;1.000000;-0.000026;,
            -0.000070;1.000000;-0.000026;,
            -0.000070;1.000000;-0.000025;,
            -0.250567;0.963850;-0.090605;,
            -0.000000;0.707107;0.707107;,
            -0.000000;0.707107;0.707106;,
            -0.000000;-0.707122;-0.707092;,
            0.000000;-0.707106;-0.707107;,
            0.000000;-0.707107;0.707107;,
            0.000000;-0.707107;0.707107;,
            -0.000000;0.707107;-0.707107;,
            -0.000000;0.707107;-0.707106;,
            -0.250567;0.963850;0.090606;,
            -0.250566;0.963850;0.090606;,
            -0.250567;0.963850;0.090605;,
            -0.250566;0.963850;0.090606;,
            -0.250566;0.963850;0.090605;,
            0.000000;-1.000000;-0.000000;,
            0.000000;-1.000000;0.000000;,
            0.000000;-1.000000;0.000000;,
            0.000000;0.707107;0.707107;,
            0.000000;0.707107;0.707107;,
            0.000000;0.707107;0.707107;,
            -0.000000;-0.707107;-0.707107;,
            -0.000000;-0.707107;-0.707107;,
            -0.000000;-0.707107;-0.707107;,
            -1.000000;0.000000;-0.000001;,
            -1.000000;-0.000001;-0.000001;,
            -1.000000;0.000001;-0.000001;,
            -0.000000;0.707107;-0.707107;,
            -0.000000;0.707107;-0.707107;,
            -0.000000;0.707107;-0.707107;,
            0.000000;-0.707107;0.707107;,
            -0.000000;0.707106;-0.707107;,
            -0.000000;0.707106;-0.707108;,
            -0.000000;0.707107;-0.707107;,
            -0.000000;0.707106;-0.707107;,
            -0.000000;0.707106;-0.707107;,
            0.000000;0.707107;-0.707107;,
            0.000000;-0.707105;-0.707109;,
            0.000000;-0.707107;-0.707107;,
            0.000000;-0.707107;-0.707107;,
            0.000000;-0.707107;-0.707107;,
            0.000000;-0.707106;-0.707107;,
            0.000000;-0.707106;-0.707107;,
            1.000000;0.000000;-0.000000;,
            -1.000000;-0.000001;0.000000;,
            -1.000000;-0.000001;-0.000001;,
            -1.000000;-0.000001;0.000000;,
            -1.000000;-0.000000;-0.000001;,
            -1.000000;0.000000;0.000001;,
            -1.000000;0.000001;0.000000;,
            -1.000000;0.000001;0.000000;,
            -1.000000;-0.000000;0.000001;,
            -1.000000;0.000001;-0.000001;,
            1.000000;-0.000000;-0.000000;,
            0.000000;-0.707108;0.707106;,
            0.000000;-0.707107;0.707106;,
            0.000000;-0.707108;0.707106;,
            0.000000;-0.707107;0.707106;,
            -0.000000;-0.707107;0.707107;,
            0.000000;-0.707104;0.707109;,
            -0.000000;0.707107;0.707107;,
            -0.000000;0.707107;0.707107;,
            -0.000000;0.707107;0.707107;,
            -0.000000;0.707107;0.707106;,
            -0.000000;0.707108;0.707106;,
            -0.000000;0.707108;0.707105;;
            452;
            3;0,2,1;,
            3;3,4,3;,
            3;2,6,5;,
            3;5,1,2;,
            3;7,7,7;,
            3;8,5,6;,
            3;9,1,9;,
            3;10,10,4;,
            3;11,12,11;,
            3;11,11,11;,
            3;13,13,13;,
            3;12,14,14;,
            3;15,15,15;,
            3;16,16,16;,
            3;17,17,17;,
            3;18,18,18;,
            3;19,20,19;,
            3;19,21,19;,
            3;22,24,23;,
            3;23,25,22;,
            3;26,27,26;,
            3;26,28,26;,
            3;29,29,29;,
            3;29,29,29;,
            3;24,31,30;,
            3;30,23,24;,
            3;32,32,32;,
            3;32,32,32;,
            3;33,33,33;,
            3;33,33,33;,
            3;34,35,34;,
            3;34,36,34;,
            3;37,38,37;,
            3;37,39,37;,
            3;35,35,35;,
            3;35,35,35;,
            3;40,41,40;,
            3;40,42,40;,
            3;43,43,43;,
            3;43,43,43;,
            3;44,45,44;,
            3;44,46,44;,
            3;47,47,47;,
            3;48,48,48;,
            3;49,51,50;,
            3;50,52,49;,
            3;52,50,53;,
            3;54,54,54;,
            3;55,55,55;,
            3;55,55,55;,
            3;55,55,55;,
            3;55,55,55;,
            3;55,55,55;,
            3;55,55,55;,
            3;56,56,56;,
            3;57,57,57;,
            3;58,59,58;,
            3;58,60,58;,
            3;61,62,61;,
            3;61,63,61;,
            3;11,65,64;,
            3;64,11,11;,
            3;66,66,66;,
            3;66,66,66;,
            3;67,67,67;,
            3;67,67,67;,
            3;68,68,68;,
            3;68,68,68;,
            3;65,69,69;,
            3;69,64,65;,
            3;70,71,70;,
            3;70,72,70;,
            3;73,73,73;,
            3;73,74,73;,
            3;75,76,75;,
            3;75,77,75;,
            3;78,78,78;,
            3;67,67,67;,
            3;79,81,80;,
            3;82,82,82;,
            3;83,83,83;,
            3;83,83,83;,
            3;67,67,67;,
            3;67,67,67;,
            3;84,84,84;,
            3;84,84,84;,
            3;68,68,81;,
            3;81,79,68;,
            3;85,85,85;,
            3;86,86,86;,
            3;87,87,87;,
            3;88,88,88;,
            3;89,90,89;,
            3;89,91,89;,
            3;92,93,92;,
            3;92,94,92;,
            3;95,96,95;,
            3;95,97,95;,
            3;98,98,98;,
            3;99,99,99;,
            3;100,101,100;,
            3;100,102,100;,
            3;103,104,103;,
            3;103,105,103;,
            3;106,108,107;,
            3;107,109,106;,
            3;110,111,110;,
            3;110,112,110;,
            3;11,11,11;,
            3;11,11,11;,
            3;113,114,108;,
            3;108,106,113;,
            3;115,115,115;,
            3;116,116,116;,
            3;117,117,117;,
            3;118,118,118;,
            3;11,11,11;,
            3;11,11,11;,
            3;119,68,119;,
            3;119,120,119;,
            3;121,22,25;,
            3;25,121,121;,
            3;68,68,68;,
            3;68,68,68;,
            3;67,67,67;,
            3;67,67,67;,
            3;121,121,121;,
            3;121,121,121;,
            3;68,68,68;,
            3;68,68,68;,
            3;67,67,67;,
            3;67,67,67;,
            3;68,68,68;,
            3;122,122,67;,
            3;67,123,67;,
            3;67,67,67;,
            3;124,68,124;,
            3;68,68,125;,
            3;125,126,68;,
            3;122,127,122;,
            3;128,128,128;,
            3;128,129,128;,
            3;130,131,123;,
            3;123,67,130;,
            3;132,132,132;,
            3;124,124,133;,
            3;126,125,134;,
            3;134,135,126;,
            3;136,129,136;,
            3;136,137,136;,
            3;138,140,139;,
            3;139,141,138;,
            3;142,142,140;,
            3;140,138,142;,
            3;143,145,144;,
            3;144,146,143;,
            3;146,144,11;,
            3;11,11,146;,
            3;147,147,147;,
            3;147,147,147;,
            3;148,149,148;,
            3;148,150,148;,
            3;11,11,11;,
            3;11,11,11;,
            3;151,153,152;,
            3;144,11,11;,
            3;11,11,144;,
            3;154,154,154;,
            3;154,154,154;,
            3;155,156,155;,
            3;155,157,155;,
            3;158,160,159;,
            3;159,161,158;,
            3;161,159,162;,
            3;162,163,161;,
            3;164,166,165;,
            3;165,167,164;,
            3;167,165,167;,
            3;167,168,167;,
            3;169,169,169;,
            3;169,169,169;,
            3;170,171,170;,
            3;170,172,170;,
            3;173,175,174;,
            3;173,174,176;,
            3;177,173,176;,
            3;178,179,178;,
            3;178,178,180;,
            3;181,182,181;,
            3;181,181,183;,
            3;184,185,184;,
            3;186,184,184;,
            3;166,11,187;,
            3;187,165,166;,
            3;188,189,188;,
            3;188,190,188;,
            3;191,191,191;,
            3;191,191,191;,
            3;192,194,193;,
            3;193,193,192;,
            3;195,196,195;,
            3;195,197,195;,
            3;198,199,198;,
            3;198,200,198;,
            3;11,11,194;,
            3;194,192,11;,
            3;201,202,201;,
            3;201,203,201;,
            3;204,205,204;,
            3;204,206,204;,
            3;11,11,11;,
            3;11,11,11;,
            3;207,208,207;,
            3;207,209,207;,
            3;210,211,210;,
            3;210,212,210;,
            3;11,11,11;,
            3;11,11,11;,
            3;213,214,213;,
            3;213,215,213;,
            3;216,217,216;,
            3;216,218,216;,
            3;67,67,67;,
            3;67,67,67;,
            3;123,219,67;,
            3;67,67,123;,
            3;68,68,68;,
            3;220,220,68;,
            3;68,68,68;,
            3;68,68,68;,
            3;221,221,221;,
            3;219,123,131;,
            3;222,222,222;,
            3;222,222,222;,
            3;223,223,223;,
            3;223,223,223;,
            3;220,220,224;,
            3;225,225,225;,
            3;226,219,67;,
            3;67,67,226;,
            3;67,67,67;,
            3;67,67,67;,
            3;67,67,67;,
            3;67,67,67;,
            3;221,221,221;,
            3;219,226,227;,
            3;68,68,68;,
            3;68,68,68;,
            3;68,68,68;,
            3;220,220,68;,
            3;220,220,224;,
            3;225,225,225;,
            3;68,68,68;,
            3;68,68,68;,
            3;228,229,228;,
            3;228,230,228;,
            3;231,231,231;,
            3;231,231,231;,
            3;232,233,232;,
            3;232,234,232;,
            3;235,235,235;,
            3;235,235,235;,
            3;236,237,236;,
            3;236,238,236;,
            3;239,239,239;,
            3;239,239,239;,
            3;240,240,240;,
            3;240,240,240;,
            3;55,55,55;,
            3;55,55,55;,
            3;67,67,241;,
            3;67,67,67;,
            3;68,68,68;,
            3;68,68,68;,
            3;55,55,55;,
            3;55,55,55;,
            3;127,127,127;,
            3;127,127,127;,
            3;242,242,242;,
            3;243,243,243;,
            3;244,244,244;,
            3;245,245,245;,
            3;246,246,246;,
            3;247,247,247;,
            3;248,248,248;,
            3;248,248,248;,
            3;249,249,249;,
            3;249,249,249;,
            3;241,250,250;,
            3;250,250,250;,
            3;251,251,251;,
            3;251,251,251;,
            3;252,252,252;,
            3;252,252,252;,
            3;253,254,253;,
            3;253,255,253;,
            3;256,256,256;,
            3;256,256,256;,
            3;257,257,257;,
            3;257,257,257;,
            3;258,259,258;,
            3;258,260,258;,
            3;255,255,255;,
            3;255,255,255;,
            3;261,262,261;,
            3;261,261,261;,
            3;263,257,263;,
            3;263,263,263;,
            3;264,265,264;,
            3;264,264,264;,
            3;266,267,266;,
            3;266,268,266;,
            3;269,270,269;,
            3;269,271,269;,
            3;272,273,272;,
            3;272,272,272;,
            3;274,274,274;,
            3;274,274,274;,
            3;275,276,275;,
            3;275,277,275;,
            3;278,279,278;,
            3;278,278,278;,
            3;280,280,280;,
            3;280,280,280;,
            3;281,281,281;,
            3;281,281,281;,
            3;282,282,282;,
            3;282,282,282;,
            3;68,68,68;,
            3;68,68,68;,
            3;283,283,283;,
            3;283,283,283;,
            3;67,67,67;,
            3;67,67,67;,
            3;156,156,156;,
            3;156,156,156;,
            3;68,68,68;,
            3;68,68,68;,
            3;11,11,11;,
            3;11,11,11;,
            3;67,67,67;,
            3;67,67,67;,
            3;67,67,67;,
            3;284,284,284;,
            3;285,286,285;,
            3;285,287,285;,
            3;288,290,289;,
            3;289,291,288;,
            3;292,293,292;,
            3;292,294,292;,
            3;295,295,295;,
            3;296,296,296;,
            3;239,239,239;,
            3;239,239,239;,
            3;297,297,297;,
            3;297,297,297;,
            3;298,299,298;,
            3;298,298,298;,
            3;300,302,301;,
            3;301,303,300;,
            3;304,306,305;,
            3;305,307,304;,
            3;308,308,308;,
            3;309,311,310;,
            3;310,312,309;,
            3;239,239,311;,
            3;311,309,239;,
            3;313,314,239;,
            3;239,239,313;,
            3;315,315,315;,
            3;316,318,317;,
            3;319,319,319;,
            3;320,322,321;,
            3;321,323,320;,
            3;11,11,11;,
            3;144,145,11;,
            3;11,11,144;,
            3;11,144,11;,
            3;324,151,152;,
            3;152,325,324;,
            3;326,326,326;,
            3;327,327,327;,
            3;328,329,328;,
            3;328,330,328;,
            3;289,331,291;,
            3;332,333,301;,
            3;301,302,332;,
            3;334,334,334;,
            3;305,306,335;,
            3;313,312,310;,
            3;310,314,313;,
            3;336,337,317;,
            3;317,318,336;,
            3;338,339,321;,
            3;321,322,338;,
            3;340,342,341;,
            3;343,340,341;,
            3;344,343,341;,
            3;11,167,165;,
            3;345,11,165;,
            3;345,165,187;,
            3;346,345,187;,
            3;346,187,347;,
            3;346,347,11;,
            3;348,349,348;,
            3;348,350,348;,
            3;351,352,351;,
            3;351,353,351;,
            3;354,355,354;,
            3;354,356,354;,
            3;357,358,357;,
            3;357,359,357;,
            3;360,360,360;,
            3;360,360,360;,
            3;361,363,362;,
            3;364,361,362;,
            3;365,366,364;,
            3;365,364,362;,
            3;367,367,367;,
            3;368,370,369;,
            3;371,368,369;,
            3;372,371,369;,
            3;373,373,373;,
            3;374,376,375;,
            3;375,377,374;,
            3;378,380,379;,
            3;379,381,378;,
            3;382,382,382;,
            3;379,380,377;,
            3;374,378,381;,
            3;381,376,374;,
            3;383,383,383;,
            3;384,386,385;,
            3;387,384,385;,
            3;388,387,385;,
            3;389,389,389;,
            3;390,392,391;,
            3;390,391,393;,
            3;394,390,393;,
            3;395,394,393;,
            3;143,145,144;,
            3;144,146,143;,
            3;146,144,11;,
            3;11,11,146;,
            3;11,11,11;,
            3;11,11,11;,
            3;144,11,11;,
            3;11,11,144;,
            3;11,11,11;,
            3;144,145,11;,
            3;11,11,144;,
            3;11,144,11;;
        }

        MeshTextureCoords
        {
            712;
            0.221729;0.179014;,
            0.332447;0.204356;,
            0.221729;0.204356;,
            0.332447;0.179014;,
            0.332447;0.251375;,
            0.221729;0.251375;,
            0.332447;0.282159;,
            0.221729;0.282159;,
            0.478989;0.204356;,
            0.478989;0.179014;,
            0.478989;0.251375;,
            0.478989;0.282159;,
            0.800943;0.742437;,
            0.818987;0.666815;,
            0.819494;0.741412;,
            0.776705;0.669152;,
            0.784807;0.737913;,
            0.814622;0.663244;,
            0.819279;0.737731;,
            0.788024;0.663384;,
            0.816517;0.658777;,
            0.769749;0.728167;,
            0.794111;0.656063;,
            0.811789;0.733260;,
            0.184045;0.698370;,
            0.279783;0.668951;,
            0.279783;0.698370;,
            0.184045;0.668951;,
            0.158687;0.701118;,
            0.250568;0.737093;,
            0.159027;0.736761;,
            0.250228;0.701450;,
            0.194828;0.741407;,
            0.264005;0.772625;,
            0.264005;0.741407;,
            0.194828;0.772625;,
            0.369858;0.668951;,
            0.369858;0.698370;,
            0.273474;0.737167;,
            0.365584;0.704139;,
            0.365387;0.737310;,
            0.273672;0.703996;,
            0.276612;0.742828;,
            0.369068;0.772044;,
            0.368501;0.742519;,
            0.277179;0.772613;,
            0.369858;0.698370;,
            0.455995;0.668951;,
            0.455995;0.698370;,
            0.369858;0.668951;,
            0.367356;0.736853;,
            0.476453;0.704247;,
            0.476517;0.736733;,
            0.368644;0.704029;,
            0.371067;0.743355;,
            0.456953;0.772128;,
            0.456953;0.743355;,
            0.371067;0.772128;,
            0.655018;0.306151;,
            0.726934;0.171437;,
            0.567880;0.171437;,
            0.726934;0.338807;,
            0.212455;0.738982;,
            0.235815;0.703107;,
            0.212455;0.703107;,
            0.235815;0.738982;,
            0.616752;0.206514;,
            0.603607;0.235523;,
            0.603607;0.206514;,
            0.616752;0.223620;,
            0.870609;0.319706;,
            0.835663;0.427003;,
            0.834633;0.286062;,
            0.871387;0.426193;,
            0.836694;0.567942;,
            0.872417;0.567132;,
            0.837724;0.708881;,
            0.841417;0.680415;,
            0.856996;0.666102;,
            0.858548;0.595872;,
            0.867205;0.441145;,
            0.831070;0.347979;,
            0.867205;0.348647;,
            0.831070;0.440476;,
            0.867787;0.414633;,
            0.845294;0.335872;,
            0.867165;0.334348;,
            0.845196;0.412364;,
            0.867732;0.441192;,
            0.831597;0.348694;,
            0.867732;0.348694;,
            0.831597;0.441192;,
            0.671054;0.301796;,
            0.596543;0.306061;,
            0.671054;0.301796;,
            0.832316;0.592534;,
            0.843996;0.705253;,
            0.864580;0.592044;,
            0.831628;0.479651;,
            0.863893;0.479159;,
            0.830941;0.366765;,
            0.863373;0.393870;,
            0.465738;0.340533;,
            0.400954;0.375006;,
            0.400954;0.340533;,
            0.465738;0.375006;,
            0.158289;0.738106;,
            0.121413;0.701617;,
            0.121687;0.737685;,
            0.158015;0.702038;,
            0.830941;0.366765;,
            0.870062;0.295610;,
            0.848401;0.295940;,
            0.870660;0.393759;,
            0.349801;0.674966;,
            0.221154;0.698503;,
            0.330985;0.674966;,
            0.265165;0.673879;,
            0.346934;0.362079;,
            0.346934;0.353460;,
            0.841385;0.411394;,
            0.845750;0.292440;,
            0.841521;0.292433;,
            0.871035;0.411448;,
            1.185193;1.227089;,
            1.161178;1.291327;,
            1.173142;1.291073;,
            1.147746;1.227397;,
            0.839024;0.413098;,
            0.867948;0.317206;,
            0.863916;0.317182;,
            0.867297;0.413268;,
            0.233852;0.770572;,
            0.299390;0.688816;,
            0.247490;0.753489;,
            0.173731;0.704848;,
            0.075233;0.715609;,
            0.173731;0.715609;,
            0.242276;0.733314;,
            0.122934;0.732875;,
            0.115276;0.722917;,
            0.247490;0.753489;,
            0.299390;0.770572;,
            0.233852;0.770572;,
            0.273540;0.740222;,
            0.257799;0.703395;,
            0.258753;0.740576;,
            0.273492;0.703405;,
            0.208235;0.720688;,
            0.235293;0.738878;,
            0.106532;0.702474;,
            0.134441;0.737604;,
            0.134431;0.702457;,
            0.106543;0.737621;,
            0.103943;0.710888;,
            0.108924;0.716175;,
            0.398891;0.220733;,
            0.390402;0.229537;,
            0.400316;0.222288;,
            0.459833;0.337801;,
            0.465738;0.321953;,
            0.459833;0.394844;,
            0.459833;0.377738;,
            0.416634;0.223775;,
            0.391545;0.226443;,
            0.420089;0.224099;,
            0.441576;0.231728;,
            0.440608;0.213867;,
            0.440151;0.230174;,
            0.442118;0.212349;,
            0.435142;0.214827;,
            0.395000;0.215151;,
            0.431687;0.215151;,
            0.391545;0.214827;,
            0.388891;0.231054;,
            0.395000;0.226119;,
            0.459833;0.324685;,
            0.472872;0.337801;,
            0.472872;0.324685;,
            0.459727;0.337801;,
            0.441618;0.337801;,
            0.459727;0.308793;,
            0.441618;0.308793;,
            0.472872;0.394844;,
            0.472872;0.377738;,
            0.416634;0.223775;,
            0.431687;0.215151;,
            0.459727;0.406747;,
            0.441618;0.406747;,
            0.459727;0.377738;,
            0.441618;0.377738;,
            0.160376;0.698370;,
            0.160376;0.668951;,
            0.299390;0.770572;,
            0.224675;0.744319;,
            0.284580;0.744276;,
            0.532466;0.340533;,
            0.447523;0.340533;,
            0.127236;0.499954;,
            0.522033;0.306061;,
            0.464361;0.306061;,
            0.532466;0.306061;,
            0.284580;0.744276;,
            0.233852;0.770572;,
            0.299390;0.770572;,
            0.161967;0.743411;,
            0.186338;0.773326;,
            0.186338;0.743411;,
            0.161967;0.773326;,
            0.299390;0.770572;,
            0.224675;0.744319;,
            0.284580;0.744276;,
            0.468071;0.402232;,
            0.174337;0.402232;,
            0.522033;0.409479;,
            0.124857;0.536842;,
            0.232562;0.367760;,
            0.468071;0.367760;,
            0.284580;0.744276;,
            0.596543;0.340533;,
            0.596543;0.340533;,
            0.818278;0.777126;,
            0.812947;0.675978;,
            0.813460;0.777150;,
            0.817672;0.659480;,
            0.689650;0.367760;,
            0.596543;0.375006;,
            0.627099;0.572362;,
            0.701609;0.572362;,
            0.637532;0.572362;,
            0.701609;0.572362;,
            0.657819;0.340533;,
            0.473070;0.697328;,
            0.438412;0.668251;,
            0.472975;0.668251;,
            0.439249;0.697328;,
            0.818884;0.894770;,
            0.813959;0.873899;,
            0.925901;0.329678;,
            0.901540;0.367760;,
            0.762884;0.572362;,
            0.776119;0.572362;,
            0.475952;0.771076;,
            0.442556;0.740156;,
            0.442556;0.771373;,
            0.475380;0.739834;,
            0.364113;0.666016;,
            0.371924;0.595703;,
            0.454136;0.596354;,
            0.272786;0.666667;,
            0.462711;0.664714;,
            0.570313;0.597005;,
            0.281909;0.169109;,
            0.477742;0.096212;,
            0.380938;0.096024;,
            0.379916;0.169438;,
            0.574728;0.096539;,
            0.477936;0.166351;,
            0.366542;0.599453;,
            0.314557;0.643643;,
            0.311703;0.648083;,
            0.350355;0.621501;,
            0.378573;0.607019;,
            0.295392;0.654160;,
            0.300812;0.653458;,
            0.359623;0.607856;,
            0.407795;0.022696;,
            0.481653;0.060156;,
            0.505803;0.023025;,
            0.394184;0.059862;,
            0.334717;0.628927;,
            0.344534;0.618855;,
            0.333441;0.627679;,
            0.603810;0.023355;,
            0.370500;0.610737;,
            0.302267;0.648273;,
            0.307582;0.660394;,
            0.365185;0.598617;,
            0.572866;0.587188;,
            0.546591;0.509114;,
            0.596245;0.516444;,
            0.463432;0.590182;,
            0.364412;0.840667;,
            0.361200;0.773660;,
            0.276911;0.773660;,
            0.440238;0.840667;,
            0.461664;0.773660;,
            0.560233;0.839365;,
            0.477593;0.172232;,
            0.478297;0.096411;,
            0.570944;0.096411;,
            0.384945;0.176643;,
            0.385650;0.096411;,
            0.292298;0.176643;,
            0.382216;0.845858;,
            0.295633;0.780757;,
            0.302872;0.778416;,
            0.374977;0.848198;,
            0.381251;0.835950;,
            0.277743;0.776105;,
            0.290270;0.773006;,
            0.367628;0.834621;,
            0.301765;0.777965;,
            0.363811;0.837263;,
            0.296303;0.784675;,
            0.363385;0.830487;,
            0.368186;0.829707;,
            0.448329;0.840128;,
            0.373365;0.850828;,
            0.366995;0.840128;,
            0.447295;0.852135;,
            0.514420;0.875290;,
            0.561110;0.841627;,
            0.572892;0.837977;,
            0.543729;0.841747;,
            0.420479;0.926018;,
            0.517688;0.886768;,
            0.578789;0.921461;,
            0.394881;0.887413;,
            0.503423;0.016179;,
            0.596071;0.016179;,
            0.444904;0.839863;,
            0.597201;0.930308;,
            0.546498;0.932262;,
            0.558758;0.833352;,
            0.370337;0.824990;,
            0.296143;0.793590;,
            0.310522;0.784403;,
            0.355959;0.834177;,
            0.325636;0.136900;,
            0.360919;0.118006;,
            0.327634;0.141186;,
            0.330701;0.133372;,
            0.357793;0.831547;,
            0.306243;0.782542;,
            0.300053;0.790084;,
            0.363983;0.824005;,
            0.357978;0.833639;,
            0.310012;0.784286;,
            0.353121;0.819654;,
            0.314868;0.798271;,
            0.320572;0.140426;,
            0.296961;0.162547;,
            0.301288;0.780251;,
            0.369265;0.834561;,
            0.306164;0.778004;,
            0.364390;0.836808;,
            0.343513;0.809990;,
            0.325677;0.805353;,
            0.333052;0.801888;,
            0.336138;0.813455;,
            0.293065;0.660417;,
            0.334539;0.635652;,
            0.300712;0.660227;,
            0.326893;0.635842;,
            0.329916;0.638544;,
            0.351015;0.611489;,
            0.317432;0.638669;,
            0.363497;0.611365;,
            0.345618;0.626206;,
            0.338786;0.622475;,
            0.334571;0.632019;,
            0.349833;0.616662;,
            0.368367;0.611077;,
            0.360721;0.611267;,
            0.342924;0.628626;,
            0.335678;0.624200;,
            0.333970;0.637324;,
            0.344632;0.615502;,
            0.304962;0.653643;,
            0.377955;0.593234;,
            0.298301;0.650386;,
            0.384616;0.596492;,
            0.776313;0.692653;,
            0.771588;0.709151;,
            0.737959;0.777539;,
            0.808946;0.887608;,
            0.820807;0.801876;,
            0.807283;0.843202;,
            0.741104;0.774867;,
            0.810023;0.901533;,
            0.817691;0.778362;,
            0.804571;0.894283;,
            0.802908;0.849877;,
            0.791837;0.818985;,
            0.809974;0.906462;,
            0.815695;0.883990;,
            0.372607;0.828873;,
            0.288047;0.776264;,
            0.360531;0.833999;,
            0.416334;0.924333;,
            0.403331;0.909274;,
            0.406326;0.924394;,
            0.413340;0.909212;,
            0.361776;0.823431;,
            0.325923;0.798773;,
            0.309892;0.790453;,
            0.357010;0.828875;,
            0.808334;0.659815;,
            0.768225;0.710374;,
            0.816192;0.749517;,
            0.820110;0.743353;,
            0.813339;0.772864;,
            0.774566;0.694112;,
            0.740657;0.768302;,
            0.815124;0.659783;,
            0.323183;0.632517;,
            0.353594;0.625262;,
            0.367250;0.608056;,
            0.309527;0.649722;,
            0.326054;0.641860;,
            0.341371;0.616649;,
            0.320672;0.633640;,
            0.346753;0.624870;,
            0.294005;0.665574;,
            0.811639;0.881003;,
            0.310691;0.642275;,
            0.362044;0.616345;,
            0.344931;0.619036;,
            0.327804;0.639583;,
            0.820495;0.918352;,
            0.766931;0.809336;,
            0.783423;0.870592;,
            0.745655;0.775302;,
            0.805148;0.902616;,
            0.821263;0.776543;,
            0.798694;0.656843;,
            0.816299;0.640158;,
            0.767242;0.706981;,
            0.777995;0.712662;,
            0.294005;0.665574;,
            0.292854;0.655564;,
            0.304962;0.653643;,
            0.316230;0.635295;,
            0.353452;0.628632;,
            0.321619;0.647221;,
            0.306254;0.782530;,
            0.363993;0.823992;,
            0.349249;0.813181;,
            0.317265;0.803269;,
            0.324433;0.793997;,
            0.342080;0.822453;,
            0.353515;0.618926;,
            0.324527;0.631563;,
            0.337010;0.631707;,
            0.341031;0.618782;,
            0.329374;0.640535;,
            0.343158;0.615784;,
            0.322407;0.631089;,
            0.350124;0.625230;,
            0.509887;0.407321;,
            0.578543;0.377634;,
            0.509887;0.377634;,
            0.578543;0.407321;,
            0.514414;0.393331;,
            0.565921;0.371430;,
            0.514414;0.371430;,
            0.565921;0.393331;,
            0.863161;0.514590;,
            0.844234;0.478435;,
            0.863161;0.320928;,
            0.657819;0.340533;,
            0.858351;0.432654;,
            0.832857;0.360019;,
            0.858351;0.360019;,
            0.832857;0.432654;,
            0.657819;0.306061;,
            0.596543;0.306061;,
            0.657819;0.306061;,
            0.867140;0.359360;,
            0.845667;0.507852;,
            0.867140;0.507852;,
            0.863161;0.514590;,
            0.844234;0.478435;,
            0.863161;0.320928;,
            0.901540;0.402232;,
            0.689650;0.402232;,
            0.901540;0.402232;,
            0.858360;0.433211;,
            0.832867;0.360576;,
            0.858360;0.360576;,
            0.832867;0.433211;,
            0.689650;0.367760;,
            0.901540;0.367760;,
            0.867140;0.359360;,
            0.845667;0.507852;,
            0.867140;0.507852;,
            0.596543;0.306061;,
            0.593889;0.338954;,
            0.593889;0.307639;,
            0.867041;0.399696;,
            0.832139;0.404716;,
            0.868716;0.404716;,
            0.593889;0.407900;,
            0.593889;0.376585;,
            0.867391;0.318687;,
            0.869702;0.379637;,
            0.870109;0.315780;,
            0.596543;0.340533;,
            0.593889;0.307639;,
            0.593889;0.338954;,
            0.833814;0.342803;,
            0.868716;0.337783;,
            0.832139;0.337783;,
            0.834117;0.315550;,
            0.836428;0.376500;,
            0.836798;0.318492;,
            0.833710;0.379407;,
            0.867041;0.342803;,
            0.833814;0.399696;,
            0.867021;0.376695;,
            0.864248;0.391330;,
            0.836606;0.391330;,
            0.864248;0.351169;,
            0.836606;0.351169;,
            0.862861;0.323532;,
            0.862553;0.371793;,
            0.841266;0.323395;,
            0.840958;0.371655;,
            0.817766;0.735727;,
            0.783237;0.728554;,
            0.815478;0.728554;,
            0.780949;0.735727;,
            0.817702;0.734310;,
            0.781122;0.728129;,
            0.815279;0.728392;,
            0.778699;0.734011;,
            0.817702;0.673195;,
            0.815279;0.679076;,
            0.781122;0.678814;,
            0.778699;0.672896;,
            0.817766;0.661424;,
            0.815478;0.668597;,
            0.783237;0.668597;,
            0.780949;0.661424;,
            0.675603;0.410457;,
            0.663091;0.373372;,
            0.663091;0.410457;,
            0.675603;0.373372;,
            0.663091;0.373372;,
            0.675603;0.373372;,
            0.663091;0.410457;,
            0.675603;0.410457;,
            0.675603;0.341511;,
            0.663091;0.304427;,
            0.663091;0.341511;,
            0.675603;0.304427;,
            0.663091;0.304427;,
            0.675603;0.304427;,
            0.663091;0.341511;,
            0.675603;0.341511;,
            0.923153;0.252355;,
            0.370421;0.585996;,
            0.436377;0.607617;,
            0.370405;0.607954;,
            0.436171;0.585721;,
            0.356015;0.621900;,
            0.317178;0.637246;,
            0.320909;0.646989;,
            0.350329;0.615730;,
            0.212610;0.879360;,
            0.292252;0.866051;,
            0.212611;0.866051;,
            0.292252;0.879360;,
            0.654418;0.478327;,
            0.585454;0.526575;,
            0.585454;0.526575;,
            0.297773;0.395414;,
            0.215398;0.384639;,
            0.297122;0.384639;,
            0.428351;0.685089;,
            0.467645;0.685089;,
            0.447998;0.671623;,
            0.447998;0.698555;,
            0.212611;0.879360;,
            0.292252;0.879360;,
            0.215398;0.384639;,
            0.297122;0.384639;,
            0.216049;0.395414;,
            0.473215;0.568410;,
            0.387809;0.558373;,
            0.293077;0.568410;,
            0.473215;0.558380;,
            0.296627;0.086628;,
            0.407503;0.060700;,
            0.477578;0.088581;,
            0.296627;0.060700;,
            0.852650;0.384546;,
            0.862415;0.343342;,
            0.862415;0.384548;,
            0.455747;0.669252;,
            0.437498;0.676047;,
            0.452011;0.675933;,
            0.426721;0.669481;,
            0.458562;0.698143;,
            0.453418;0.690378;,
            0.429536;0.698371;,
            0.438905;0.690493;,
            0.842886;0.400372;,
            0.862415;0.400372;,
            0.862415;0.451860;,
            0.477578;0.057509;,
            0.381702;0.062653;,
            0.600683;0.500759;,
            0.543181;0.500098;,
            0.602341;0.500098;,
            0.293077;0.581617;,
            0.394881;0.578446;,
            0.384112;0.581617;,
            0.481565;0.083379;,
            0.385688;0.083056;,
            0.335691;0.638790;,
            0.348761;0.628393;,
            0.467121;0.597151;,
            0.475997;0.580258;,
            0.546065;0.514092;,
            0.516598;0.541327;,
            0.504648;0.553646;,
            0.499564;0.555746;,
            0.550671;0.509847;,
            0.384288;0.552137;,
            0.507809;0.553046;,
            0.409466;0.513792;,
            0.350229;0.613625;,
            0.293077;0.555201;,
            0.374807;0.555201;,
            0.543181;0.525953;,
            0.607075;0.525293;,
            0.609077;0.525953;,
            0.477578;0.057509;,
            0.296627;0.060700;,
            0.473215;0.578439;,
            0.308886;0.797989;,
            0.356565;0.818084;,
            0.348698;0.827032;,
            0.319366;0.797001;,
            0.318503;0.790317;,
            0.390309;0.081532;,
            0.480727;0.081532;,
            0.480727;0.057998;,
            0.410776;0.016179;,
            0.397680;0.057998;,
            0.212691;0.574145;,
            0.291102;0.560006;,
            0.212691;0.560006;,
            0.291102;0.574145;,
            0.215717;0.066195;,
            0.294678;0.081063;,
            0.215717;0.081063;,
            0.294678;0.066196;,
            0.431684;0.685399;,
            0.454920;0.685399;,
            0.443302;0.677182;,
            0.443302;0.693617;,
            0.212691;0.574145;,
            0.291102;0.574145;,
            0.215717;0.066195;,
            0.294678;0.066196;,
            0.473067;0.567941;,
            0.386799;0.578648;,
            0.473067;0.578642;,
            0.291960;0.567941;,
            0.377479;0.580859;,
            0.291960;0.580859;,
            0.543181;0.215665;,
            0.600857;0.214113;,
            0.604753;0.215665;,
            0.475555;0.083914;,
            0.415704;0.060850;,
            0.476206;0.061193;,
            0.298355;0.084565;,
            0.299006;0.060850;,
            0.834879;0.399423;,
            0.869617;0.381068;,
            0.869617;0.399422;,
            0.443302;0.701356;,
            0.454920;0.685399;,
            0.443302;0.693617;,
            0.466538;0.684921;,
            0.420066;0.684921;,
            0.443302;0.677182;,
            0.443302;0.668486;,
            0.431684;0.685399;,
            0.455184;0.692969;,
            0.410204;0.675449;,
            0.432694;0.694051;,
            0.834879;0.405884;,
            0.869617;0.405884;,
            0.869617;0.425381;,
            0.405873;0.060850;,
            0.299006;0.060850;,
            0.476206;0.061193;,
            0.611489;0.189810;,
            0.606785;0.191362;,
            0.543181;0.189810;,
            0.386835;0.555021;,
            0.291960;0.555021;,
            0.394552;0.557233;,
            0.473067;0.557239;,
            0.897116;0.434265;,
            0.760738;0.488649;,
            0.828247;0.488548;,
            0.828767;0.434265;,
            0.693101;0.488649;,
            0.760418;0.436791;,
            0.809711;0.542830;,
            0.758106;0.515317;,
            0.741362;0.542830;,
            0.819106;0.515317;,
            0.673013;0.542830;,
            0.758106;0.498147;,
            0.824969;0.498147;;
        }

        MeshMaterialList
        {
            1;
            440;
            0,
            0,
            0,
            0,
            0,
            0,
            0,
            0,
            0,
            0,
            0,
            0,
            0,
            0,
            0,
            0,
            0,
            0,
            0,
            0,
            0,
            0,
            0,
            0,
            0,
            0,
            0,
            0,
            0,
            0,
            0,
            0,
            0,
            0,
            0,
            0,
            0,
            0,
            0,
            0,
            0,
            0,
            0,
            0,
            0,
            0,
            0,
            0,
            0,
            0,
            0,
            0,
            0,
            0,
            0,
            0,
            0,
            0,
            0,
            0,
            0,
            0,
            0,
            0,
            0,
            0,
            0,
            0,
            0,
            0,
            0,
            0,
            0,
            0,
            0,
            0,
            0,
            0,
            0,
            0,
            0,
            0,
            0,
            0,
            0,
            0,
            0,
            0,
            0,
            0,
            0,
            0,
            0,
            0,
            0,
            0,
            0,
            0,
            0,
            0,
            0,
            0,
            0,
            0,
            0,
            0,
            0,
            0,
            0,
            0,
            0,
            0,
            0,
            0,
            0,
            0,
            0,
            0,
            0,
            0,
            0,
            0,
            0,
            0,
            0,
            0,
            0,
            0,
            0,
            0,
            0,
            0,
            0,
            0,
            0,
            0,
            0,
            0,
            0,
            0,
            0,
            0,
            0,
            0,
            0,
            0,
            0,
            0,
            0,
            0,
            0,
            0,
            0,
            0,
            0,
            0,
            0,
            0,
            0,
            0,
            0,
            0,
            0,
            0,
            0,
            0,
            0,
            0,
            0,
            0,
            0,
            0,
            0,
            0,
            0,
            0,
            0,
            0,
            0,
            0,
            0,
            0,
            0,
            0,
            0,
            0,
            0,
            0,
            0,
            0,
            0,
            0,
            0,
            0,
            0,
            0,
            0,
            0,
            0,
            0,
            0,
            0,
            0,
            0,
            0,
            0,
            0,
            0,
            0,
            0,
            0,
            0,
            0,
            0,
            0,
            0,
            0,
            0,
            0,
            0,
            0,
            0,
            0,
            0,
            0,
            0,
            0,
            0,
            0,
            0,
            0,
            0,
            0,
            0,
            0,
            0,
            0,
            0,
            0,
            0,
            0,
            0,
            0,
            0,
            0,
            0,
            0,
            0,
            0,
            0,
            0,
            0,
            0,
            0,
            0,
            0,
            0,
            0,
            0,
            0,
            0,
            0,
            0,
            0,
            0,
            0,
            0,
            0,
            0,
            0,
            0,
            0,
            0,
            0,
            0,
            0,
            0,
            0,
            0,
            0,
            0,
            0,
            0,
            0,
            0,
            0,
            0,
            0,
            0,
            0,
            0,
            0,
            0,
            0,
            0,
            0,
            0,
            0,
            0,
            0,
            0,
            0,
            0,
            0,
            0,
            0,
            0,
            0,
            0,
            0,
            0,
            0,
            0,
            0,
            0,
            0,
            0,
            0,
            0,
            0,
            0,
            0,
            0,
            0,
            0,
            0,
            0,
            0,
            0,
            0,
            0,
            0,
            0,
            0,
            0,
            0,
            0,
            0,
            0,
            0,
            0,
            0,
            0,
            0,
            0,
            0,
            0,
            0,
            0,
            0,
            0,
            0,
            0,
            0,
            0,
            0,
            0,
            0,
            0,
            0,
            0,
            0,
            0,
            0,
            0,
            0,
            0,
            0,
            0,
            0,
            0,
            0,
            0,
            0,
            0,
            0,
            0,
            0,
            0,
            0,
            0,
            0,
            0,
            0,
            0,
            0,
            0,
            0,
            0,
            0,
            0,
            0,
            0,
            0,
            0,
            0,
            0,
            0,
            0,
            0,
            0,
            0,
            0,
            0,
            0,
            0,
            0,
            0,
            0,
            0,
            0,
            0,
            0,
            0,
            0,
            0,
            0,
            0,
            0,
            0,
            0,
            0,
            0,
            0,
            0,
            0,
            0,
            0,
            0,
            0,
            0,
            0,
            0,
            0,
            0,
            0,
            0,
            0,
            0,
            0;

            Material x_mat_Gelb
            {
                0.584314;0.584314;0.584314;1.000000;;
                10307920896.000000;
                0.894118;0.894118;0.894118;;
                0.000000;0.000000;0.000000;;

                TextureFileName
                {
                    "3d/b3skn.bmp";
                }
            }
        }
    }
}
