xof 0302txt 0064
Header {
 1;
 0;
 1;
}

Material x_mat_x7_-_Default {
 0.700000, 0.700000, 0.900000, 1.000000;;
 29.000000;
 0.898039, 0.898039, 0.898039;;
 0.00, 0.00, 0.00;;
}

Frame x_Box02 {
 FrameTransformMatrix {
  1.000000, 0.000000, 0.000000, 0.000000,
  0.000000, 1.000000, 0.000000, 0.000000,
  0.000000, 0.000000, 1.000000, 0.000000,
  0.000000, 0.000000, 0.000000, 1.000000;;
 }
 Mesh Box02 {

   1221;
   -240.789520; 58.118710; -49.066822;,
   -219.789917; 56.341648; -53.732952;,
   -192.288864; 50.025150; -56.814568;,
   -244.075714; 61.328487; -14.778782;,
   -189.809311; 59.717800; -20.912056;,
   -150.211044; 55.225605; -20.857424;,
   -244.071671; 61.346016; 2.290955;,
   -216.332260; 56.201691; 5.298656;,
   -187.595901; 58.978569; 9.405710;,
   -149.248901; 59.397072; 9.405708;,
   -240.778168; 58.115784; 32.434750;,
   -219.789917; 57.137413; 42.261948;,
   -192.288864; 50.025158; 46.315063;,
   -151.106720; 40.107948; 46.315063;,
   -233.138412; 85.108521; -49.066830;,
   -213.433350; 67.205345; -44.358070;,
   -185.460510; 66.450661; -47.439682;,
   -141.865433; 59.592056; -47.439682;,
   -212.138809; 83.331459; -17.733801;,
   -184.165970; 82.576782; -20.815414;,
   -140.570892; 75.718170; -20.815414;,
   -239.878235; 86.851555; 2.344893;,
   -212.138809; 83.331459; 5.352593;,
   -184.165970; 82.576782; 9.405709;,
   -140.570892; 75.718170; 9.405709;,
   -233.127060; 85.105583; 39.122978;,
   -213.433350; 67.686409; 31.665710;,
   -185.460510; 66.931725; 35.718830;,
   -141.865417; 60.073120; 35.718830;,
   -248.837280; 60.200005; -46.604530;,
   -251.229797; 68.872467; -14.724669;,
   -251.229797; 68.872475; 2.344892;,
   -248.825958; 60.197079; 29.972462;,
   -237.990265; 99.547585; -46.604538;,
   -247.991547; 90.105247; -14.724667;,
   -237.978912; 99.544647; 36.660683;,
   -258.002838; 62.570377; -43.800255;,
   -260.788971; 68.032578; -14.724669;,
   -260.788971; 68.032578; 2.344891;,
   -257.991486; 62.567451; 27.168184;,
   -247.155792; 101.917946; -43.800255;,
   -257.550751; 92.577431; -14.724669;,
   -257.550751; 92.577431; 2.344893;,
   -247.144455; 101.915016; 33.856407;,
   -266.274170; 64.709488; -41.269554;,
   -269.415588; 70.263573; -14.724669;,
   -269.415588; 70.263573; 2.344890;,
   -266.262848; 64.706566; 24.637489;,
   -258.623077; 91.699295; -41.269562;,
   -266.457428; 93.725403; -14.724670;,
   -266.457428; 93.725403; 2.344893;,
   -258.611725; 91.696365; 31.325714;,
   -241.780411; 80.830589; 33.362293;,
   -240.720810; 84.927834; 33.362289;,
   -243.568817; 81.293098; 32.815117;,
   -243.797699; 94.084633; 38.489006;,
   -246.383820; 94.753448; 37.697754;,
   -254.746307; 84.183792; 29.395264;,
   -253.698517; 88.235214; 29.395264;,
   -240.467377; 84.938774; -49.983646;,
   -243.607666; 94.284225; -48.389961;,
   -246.428757; 95.013817; -47.526825;,
   -253.891754; 88.363419; -45.879822;,
   -259.693390; 98.593040; -25.006195;,
   -261.020569; 98.535927; 11.858487;,
   -116.946373; 27.149658; -56.814568;,
   -112.253418; 45.296021; 9.405709;,
   -116.946373; 27.149666; 46.315063;,
   -94.787247; 44.324589; -41.661652;,
   -93.492706; 60.450703; -20.815414;,
   -93.492706; 50.114994; 9.405709;,
   -94.787247; 44.805653; 29.030603;,
   -83.904633; 18.604481; -31.160269;,
   -79.211662; 36.750843; -20.815414;,
   -79.211662; 36.750843; 9.405709;,
   -83.904617; 18.604490; 19.156324;,
   -75.029350; 52.922550; -46.018539;,
   -73.734825; 57.928146; -20.815414;,
   -75.029381; 42.586826; 37.239559;,
   -59.617516; 12.323407; -31.160269;,
   -40.458080; 7.277373; -20.815414;,
   -39.640102; 7.277373; 9.405709;,
   -59.617516; 12.323414; 19.156324;,
   -50.357021; 48.130943; -41.661652;,
   -34.596054; 53.136539; -20.815414;,
   -33.778076; 42.800831; 9.405709;,
   -50.357021; 37.795219; 29.030603;,
   -90.610458; 58.516003; -44.674492;,
   -89.315926; 63.521595; -23.828255;,
   -89.324165; 63.477524; 12.594274;,
   -90.618698; 48.136204; 32.219170;,
   -71.690788; 69.144562; -38.117912;,
   -70.973503; 71.918167; -25.823437;,
   -70.990196; 71.841454; 13.408792;,
   -71.699059; 69.100479; 26.432032;,
   -50.464230; 51.029198; -44.674492;,
   -49.169704; 56.034790; -23.828255;,
   -49.177944; 55.990719; 12.594274;,
   12.217675; -14.721932; -26.995573;,
   17.153097; -1.714672; -23.629395;,
   21.685871; 23.699286; -26.194220;,
   23.085466; 29.137739; -23.629333;,
   21.683336; 33.046669; -29.730709;,
   23.043444; 32.331421; -23.987017;,
   17.695272; -4.328792; 12.343891;,
   12.322915; -14.486398; 16.337343;,
   23.602968; 28.933161; 12.743258;,
   22.238560; 23.640282; 16.675367;,
   -50.472469; 40.649399; 32.219166;,
   23.527773; 31.970646; 12.828866;,
   22.188112; 33.994770; 18.351305;,
   0.073231; 74.929626; -47.894600;,
   1.367756; 79.935219; -44.393787;,
   26.904402; 72.594940; -46.832230;,
   28.264509; 77.854103; -44.552551;,
   1.548008; 79.264244; 34.974331;,
   0.253483; 74.258636; 38.536316;,
   28.937330; 76.866417; 35.208923;,
   27.597670; 71.686325; 38.801559;,
   -250.936279; 64.401634; 16.803953;,
   -248.954376; 64.324768; 13.122457;,
   -250.080948; 64.726257; 15.548880;,
   -259.901886; 66.351112; 9.975609;,
   -250.338196; 65.654678; 12.592246;,
   -262.178772; 46.930893; 11.768337;,
   -259.043793; 45.815445; 14.232802;,
   -258.423981; 45.621902; 12.923371;,
   -248.954376; 64.324760; 13.122457;,
   -250.526794; 65.361359; 12.578517;,
   -259.873291; 66.595291; 9.953066;,
   -250.936279; 64.401634; 16.803957;,
   -250.102463; 64.685104; 15.549704;,
   -250.707550; 65.531883; 12.509654;,
   -246.280823; 62.373375; -29.607466;,
   -250.153244; 64.970161; -29.069504;,
   -256.856934; 65.346832; -28.532818;,
   -247.423416; 62.590549; -33.403419;,
   -249.935654; 64.181435; -31.968864;,
   -255.515045; 73.544350; -27.847645;,
   -242.822586; 68.318130; -29.296165;,
   -244.047897; 68.909721; -33.974239;,
   -259.827515; 47.199860; -30.049583;,
   -256.019775; 45.631996; -30.484140;,
   -256.387390; 45.809471; -31.887562;,
   -237.770844; 59.116604; 19.444489;,
   -242.593597; 59.896336; 15.819042;,
   -243.618515; 60.783611; 14.920781;,
   -236.476761; 59.049183; 17.024555;,
   -242.652634; 59.954239; 15.278667;,
   -243.135086; 64.907043; 14.540141;,
   -236.305069; 62.476871; 19.909344;,
   -234.954742; 62.055206; 17.056551;,
   -245.165161; 47.591721; 16.138561;,
   -243.116165; 46.862667; 17.749323;,
   -242.711060; 46.736172; 16.893486;,
   -226.934692; 57.620632; 22.470928;,
   -232.387329; 58.204502; 18.424679;,
   -225.761261; 57.541500; 20.259834;,
   -232.088364; 60.754581; 18.189272;,
   -226.443710; 58.746178; 22.626633;,
   -225.327744; 58.397697; 20.268951;,
   -233.766113; 46.444401; 19.510281;,
   -232.072723; 45.841877; 20.841490;,
   -231.737930; 45.737331; 20.134186;,
   -233.385086; 58.245029; -35.230610;,
   -240.666260; 59.366871; -34.579403;,
   -234.213638; 58.283813; -37.782242;,
   -239.746414; 64.986137; -34.109730;,
   -231.450668; 61.570309; -35.056477;,
   -232.251541; 61.956966; -38.114037;,
   -242.565018; 47.767517; -35.548908;,
   -240.076309; 46.742771; -35.832932;,
   -240.316559; 46.858768; -36.750198;,
   -222.601349; 56.601833; -37.578342;,
   -229.176361; 57.578335; -36.993793;,
   -223.303391; 56.721973; -39.888161;,
   -228.645737; 60.819950; -36.722855;,
   -221.789764; 57.996956; -37.505283;,
   -222.451630; 58.316505; -40.032196;,
   -230.975159; 46.589687; -37.912251;,
   -228.918365; 45.742786; -38.146980;,
   -229.116928; 45.838654; -38.905056;,
   -74.873756; 62.541183; -41.776440;,
   -74.707527; 62.538372; -41.781273;,
   -73.237099; 62.435986; -41.836971;,
   -73.029686; 62.638870; -41.286392;,
   -71.813805; 62.369911; -41.629616;,
   -70.442284; 62.175030; -41.576256;,
   -68.948402; 61.877579; -41.538868;,
   -68.861488; 61.855633; -41.537819;,
   -78.956184; 62.167004; -41.731880;,
   -78.527245; 62.241661; -41.730652;,
   -76.390663; 62.482059; -41.746525;,
   -67.123482; 61.264362; -41.553951;,
   -65.648293; 60.651516; -41.594639;,
   -81.305458; 61.412838; -41.796326;,
   -80.256050; 61.164482; -42.767635;,
   -64.492912; 59.955997; -41.678932;,
   -63.863110; 59.261238; -42.164673;,
   -82.872047; 60.425900; -41.920231;,
   -81.887901; 61.078781; -41.836895;,
   -63.405254; 58.249046; -42.667572;,
   -62.559155; 58.114056; -41.984867;,
   -63.801067; 58.877670; -42.400604;,
   -63.702511; 59.408932; -41.753922;,
   -83.774727; 59.264454; -42.090736;,
   -63.346203; 57.871986; -42.837265;,
   -62.081982; 56.796124; -42.270367;,
   -84.046181; 57.980774; -42.298233;,
   -84.190773; 58.643879; -41.891613;,
   -62.289318; 55.505753; -42.599442;,
   -83.729836; 56.821671; -42.500336;,
   -84.462440; 57.411343; -41.764790;,
   -83.650398; 56.621304; -42.535919;,
   -63.023766; 54.497719; -42.898563;,
   -63.219719; 54.297852; -42.961571;,
   -82.360512; 55.210777; -42.805603;,
   -65.159370; 53.255554; -43.357563;,
   -81.165932; 54.373840; -42.976875;,
   -80.094093; 53.788399; -43.102886;,
   -80.989754; 54.782928; -43.406353;,
   -68.429634; 52.492218; -43.783455;,
   -68.573723; 52.480515; -43.796886;,
   -65.891228; 53.016953; -43.469353;,
   -78.828957; 53.273773; -43.222126;,
   -76.759041; 52.647167; -43.381207;,
   -78.271355; 54.375458; -44.707569;,
   -78.423653; 54.378834; -44.647354;,
   -74.789207; 54.089344; -45.450275;,
   -74.802162; 54.128441; -45.488499;,
   -74.987907; 54.160728; -45.472927;,
   -74.931450; 52.914375; -44.158401;,
   -72.824257; 52.568581; -44.087711;,
   -72.483284; 53.684277; -45.281471;,
   -70.698479; 52.424805; -43.966518;,
   -71.041862; 53.386917; -44.986362;,
   -69.902336; 53.095531; -44.636280;,
   -71.898415; 63.316357; -37.219501;,
   -73.847008; 63.403027; -36.101852;,
   -74.084343; 63.440769; -38.259914;,
   -69.978935; 62.973854; -38.338421;,
   -69.741600; 62.936111; -36.180359;,
   -73.117027; 62.925747; -34.000362;,
   -76.834175; 63.359581; -36.158195;,
   -76.722893; 63.359581; -38.706947;,
   -72.831810; 62.925743; -40.532600;,
   -68.935249; 62.478889; -39.864288;,
   -67.696800; 62.314651; -35.182423;,
   -71.080376; 62.693478; -33.911438;,
   -73.711525; 62.363026; -32.547955;,
   -77.533775; 62.805519; -34.040478;,
   -79.499611; 63.042038; -36.606403;,
   -78.946434; 62.992859; -39.380859;,
   -76.060677; 62.674557; -41.428688;,
   -68.931160; 61.863701; -41.565022;,
   -66.518471; 61.583328; -40.409679;,
   -64.552635; 61.346813; -37.843750;,
   -65.105812; 61.395992; -35.069294;,
   -67.991570; 61.714291; -33.021465;,
   -70.754768; 62.025826; -32.418858;,
   -74.265465; 61.581108; -31.276342;,
   -76.059502; 61.787453; -31.705494;,
   -77.702141; 61.977615; -32.346916;,
   -79.130272; 62.144299; -33.175964;,
   -80.289024; 62.281090; -34.160774;,
   -81.133858; 62.382736; -35.263500;,
   -81.632317; 62.445328; -36.441769;,
   -81.765221; 62.466461; -37.650295;,
   -81.527489; 62.445328; -38.842640;,
   -80.928246; 62.382736; -39.972984;,
   -78.750343; 62.144299; -41.877953;,
   -77.255379; 61.977615; -42.579376;,
   -71.851692; 61.366524; -43.382431;,
   -69.975243; 61.151936; -43.182045;,
   -68.181221; 60.945591; -42.752892;,
   -63.951702; 60.451954; -40.297611;,
   -63.106869; 60.350307; -39.194881;,
   -62.608410; 60.287716; -38.016613;,
   -62.475506; 60.266582; -36.808086;,
   -62.713238; 60.287716; -35.615746;,
   -63.312481; 60.350307; -34.485401;,
   -65.490379; 60.588745; -32.580429;,
   -68.677635; 60.945595; -31.383194;,
   -70.502235; 61.151936; -31.112036;,
   -72.551094; 60.357719; -29.998764;,
   -74.757576; 60.610050; -30.234394;,
   -76.867119; 60.852680; -30.739021;,
   -78.798668; 61.076290; -31.493256;,
   -80.477974; 61.272289; -32.468113;,
   -81.840523; 61.433140; -33.626125;,
   -82.833946; 61.552662; -34.922798;,
   -83.420067; 61.626263; -36.308292;,
   -83.576347; 61.651115; -37.729370;,
   -83.296806; 61.626263; -39.131420;,
   -82.592155; 61.552662; -40.460564;,
   -81.489510; 61.433136; -41.665718;,
   -80.031227; 61.272289; -42.700573;,
   -78.273338; 61.076290; -43.525356;,
   -76.283394; 60.852680; -44.108376;,
   -69.712791; 60.105392; -44.234020;,
   -67.603264; 59.862759; -43.729389;,
   -65.671715; 59.639149; -42.975155;,
   -62.629848; 59.282303; -40.842285;,
   -61.636440; 59.162781; -39.545612;,
   -61.050320; 59.089180; -38.160114;,
   -60.894039; 59.064327; -36.739040;,
   -61.173580; 59.089180; -35.336990;,
   -61.878216; 59.162781; -34.007851;,
   -62.980877; 59.282303; -32.802692;,
   -64.439156; 59.443153; -31.767841;,
   -66.197044; 59.639149; -30.943056;,
   -68.186974; 59.862759; -30.360039;,
   -70.332466; 60.105392; -30.041189;,
   -72.717216; 59.206791; -29.200336;,
   -75.168922; 59.487160; -29.462152;,
   -77.512932; 59.756760; -30.022863;,
   -79.659142; 60.005222; -30.860924;,
   -81.525093; 60.223000; -31.944126;,
   -83.039085; 60.401726; -33.230843;,
   -84.142906; 60.534534; -34.671627;,
   -84.794167; 60.616314; -36.211109;,
   -84.967827; 60.643929; -37.790123;,
   -84.657204; 60.616314; -39.348000;,
   -83.874245; 60.534534; -40.824863;,
   -81.028679; 60.223000; -43.313828;,
   -79.075417; 60.005219; -44.230278;,
   -76.864326; 59.756756; -44.878094;,
   -74.480370; 59.487160; -45.232380;,
   -69.563469; 58.926418; -45.017700;,
   -67.219475; 58.656818; -44.456989;,
   -65.073250; 58.408356; -43.618927;,
   -63.207302; 58.190578; -42.535725;,
   -61.693325; 58.011848; -41.249008;,
   -60.589489; 57.879040; -39.808224;,
   -59.938229; 57.797260; -38.268742;,
   -59.764584; 57.769646; -36.689728;,
   -60.075191; 57.797260; -35.131851;,
   -60.858150; 57.879040; -33.654991;,
   -62.083355; 58.011848; -32.315895;,
   -63.703716; 58.190575; -31.166027;,
   -65.656975; 58.408360; -30.249575;,
   -67.868065; 58.656822; -29.601759;,
   -70.252007; 58.926418; -29.247475;,
   -72.880989; 57.957954; -28.711349;,
   -75.483711; 58.255592; -28.989294;,
   -77.972084; 58.541798; -29.584539;,
   -80.250496; 58.805565; -30.474220;,
   -82.231377; 59.036758; -31.624142;,
   -83.838615; 59.226494; -32.990112;,
   -85.010429; 59.367481; -34.519642;,
   -85.701805; 59.454300; -36.153946;,
   -85.886162; 59.483612; -37.830219;,
   -85.556404; 59.454300; -39.484051;,
   -84.725227; 59.367481; -41.051880;,
   -83.424568; 59.226494; -42.473457;,
   -81.704399; 59.036758; -43.694149;,
   -79.630821; 58.805565; -44.667049;,
   -77.283546; 58.541798; -45.354767;,
   -74.752754; 58.255592; -45.730877;,
   -69.532997; 57.660313; -45.502975;,
   -67.044609; 57.374111; -44.907726;,
   -64.766197; 57.110344; -44.018044;,
   -62.785320; 56.879150; -42.868122;,
   -61.178082; 56.689415; -41.502151;,
   -60.006268; 56.548428; -39.972626;,
   -59.314892; 56.461609; -38.338318;,
   -59.130535; 56.432293; -36.662045;,
   -59.460293; 56.461609; -35.008213;,
   -60.291470; 56.548428; -33.440384;,
   -61.592144; 56.689415; -32.018810;,
   -63.312313; 56.879150; -30.798115;,
   -65.385872; 57.110344; -29.825216;,
   -67.733162; 57.374111; -29.137499;,
   -70.263939; 57.660313; -28.761393;,
   -73.036110; 56.659210; -28.550596;,
   -75.689827; 56.962681; -28.833986;,
   -78.226952; 57.254490; -29.440897;,
   -80.550011; 57.523426; -30.348005;,
   -82.569695; 57.759148; -31.520454;,
   -84.208427; 57.952602; -32.913185;,
   -85.403206; 58.096352; -34.472679;,
   -86.108116; 58.184872; -36.139004;,
   -86.296074; 58.214760; -37.848118;,
   -85.959877; 58.184872; -39.534348;,
   -85.112404; 58.096352; -41.132893;,
   -83.786263; 57.952602; -42.582321;,
   -82.032387; 57.759151; -43.826927;,
   -79.918190; 57.523422; -44.818890;,
   -77.524925; 57.254490; -45.520081;,
   -74.944557; 56.962681; -45.903557;,
   -69.622536; 56.355736; -45.671192;,
   -67.085396; 56.063927; -45.064278;,
   -64.762352; 55.794991; -44.157169;,
   -62.742657; 55.559269; -42.984718;,
   -61.103939; 55.365814; -41.591988;,
   -59.909161; 55.222069; -40.032494;,
   -59.204250; 55.133549; -38.366169;,
   -59.016293; 55.103657; -36.657055;,
   -59.352489; 55.133549; -34.970825;,
   -60.199963; 55.222069; -33.372280;,
   -61.526104; 55.365818; -31.922853;,
   -63.279976; 55.559269; -30.678246;,
   -65.394173; 55.794991; -29.686285;,
   -67.787437; 56.063927; -28.985096;,
   -70.367805; 56.355736; -28.601620;,
   -73.176643; 55.360466; -28.724258;,
   -75.779366; 55.658108; -29.002203;,
   -78.267754; 55.944309; -29.597448;,
   -80.546165; 56.208076; -30.487129;,
   -82.527046; 56.439270; -31.637051;,
   -84.134285; 56.629005; -33.003021;,
   -85.306099; 56.769993; -34.532551;,
   -85.997475; 56.856812; -36.166855;,
   -86.181831; 56.886127; -37.843128;,
   -85.852074; 56.856812; -39.496960;,
   -85.020897; 56.769993; -41.064789;,
   -83.720222; 56.629005; -42.486366;,
   -82.000053; 56.439270; -43.707058;,
   -79.926491; 56.208076; -44.679958;,
   -77.579201; 55.944309; -45.367676;,
   -75.048409; 55.658108; -45.743786;,
   -69.828651; 55.062820; -45.515884;,
   -67.340279; 54.776619; -44.920635;,
   -65.061867; 54.512852; -44.030952;,
   -63.080986; 54.281658; -42.881031;,
   -61.473751; 54.091923; -41.515060;,
   -60.301937; 53.950935; -39.985535;,
   -59.610561; 53.864117; -38.351227;,
   -59.426205; 53.834801; -36.674953;,
   -59.755962; 53.864117; -35.021122;,
   -60.587139; 53.950935; -33.453293;,
   -61.887798; 54.091923; -32.031719;,
   -63.607964; 54.281658; -30.811024;,
   -65.681541; 54.512852; -29.838125;,
   -68.028831; 54.776619; -29.150408;,
   -70.559608; 55.062824; -28.774302;,
   -73.297173; 54.111629; -29.225658;,
   -75.748894; 54.392002; -29.487473;,
   -78.092888; 54.661598; -30.048185;,
   -80.239113; 54.910061; -30.886246;,
   -82.105064; 55.127842; -31.969448;,
   -83.619041; 55.306568; -33.256165;,
   -84.722878; 55.439377; -34.696949;,
   -85.374138; 55.521156; -36.236431;,
   -85.547783; 55.548771; -37.815445;,
   -85.237175; 55.521156; -39.373322;,
   -84.454216; 55.439377; -40.850185;,
   -83.229012; 55.306568; -42.189281;,
   -81.608650; 55.127842; -43.339149;,
   -79.655388; 54.910061; -44.255600;,
   -77.444298; 54.661598; -44.903416;,
   -75.060341; 54.392002; -45.257702;,
   -72.595146; 54.111629; -45.304840;,
   -70.143440; 53.831257; -45.043022;,
   -67.799431; 53.561657; -44.482311;,
   -65.653221; 53.313194; -43.644249;,
   -63.787270; 53.095417; -42.561047;,
   -62.273277; 52.916687; -41.274330;,
   -61.169460; 52.783882; -39.833546;,
   -60.518200; 52.702103; -38.294064;,
   -60.344540; 52.674488; -36.715050;,
   -60.655163; 52.702103; -35.157173;,
   -61.438122; 52.783882; -33.680313;,
   -62.663322; 52.916691; -32.341217;,
   -64.283684; 53.095417; -31.191349;,
   -66.236946; 53.313194; -30.274897;,
   -68.448036; 53.561657; -29.627081;,
   -70.831993; 53.831257; -29.272797;,
   -73.393074; 52.960697; -30.035526;,
   -75.599556; 53.213024; -30.271156;,
   -77.709099; 53.455654; -30.775784;,
   -79.640648; 53.679268; -31.530018;,
   -81.319969; 53.875263; -32.504875;,
   -82.682518; 54.036114; -33.662888;,
   -83.675926; 54.155636; -34.959560;,
   -84.262047; 54.229237; -36.345058;,
   -84.418327; 54.254089; -37.766132;,
   -84.138786; 54.229237; -39.168182;,
   -83.434151; 54.155636; -40.497326;,
   -82.331490; 54.036114; -41.702480;,
   -80.873207; 53.875263; -42.737331;,
   -79.115318; 53.679268; -43.562119;,
   -77.125389; 53.455654; -44.145138;,
   -72.761269; 52.960697; -44.506409;,
   -66.513695; 52.242123; -43.011917;,
   -64.834389; 52.046127; -42.037060;,
   -63.471840; 51.885277; -40.879047;,
   -62.478416; 51.765755; -39.582375;,
   -61.892296; 51.692158; -38.196877;,
   -61.736015; 51.667305; -36.775803;,
   -62.015556; 51.692158; -35.373753;,
   -62.720207; 51.765755; -34.044609;,
   -63.822853; 51.885277; -32.839455;,
   -65.281151; 52.046127; -31.804604;,
   -67.039040; 52.242126; -30.979818;,
   -69.028969; 52.465736; -30.396801;,
   -71.174461; 52.708366; -30.077951;,
   -75.337120; 52.166485; -31.323132;,
   -77.131142; 52.372826; -31.752283;,
   -80.201912; 52.729671; -33.222752;,
   -82.205498; 52.968105; -35.310291;,
   -82.703957; 53.030701; -36.488560;,
   -82.836861; 53.051834; -37.697083;,
   -82.599129; 53.030701; -38.889431;,
   -81.999886; 52.968105; -40.019772;,
   -81.062157; 52.866463; -41.044670;,
   -79.821983; 52.729671; -41.924744;,
   -78.327019; 52.562988; -42.626163;,
   -74.810127; 52.166485; -43.393139;,
   -71.046898; 51.737305; -43.228832;,
   -67.610222; 51.340801; -42.158257;,
   -65.023338; 51.037327; -40.344398;,
   -64.178505; 50.935680; -39.241673;,
   -63.680046; 50.873089; -38.063404;,
   -63.547142; 50.851955; -36.854877;,
   -63.784874; 50.873089; -35.662533;,
   -64.384117; 50.935684; -34.532192;,
   -65.321846; 51.037327; -33.507290;,
   -66.562019; 51.174118; -32.627220;,
   -68.056984; 51.340801; -31.925800;,
   -69.749275; 51.530964; -31.429983;,
   -71.573875; 51.737309; -31.158825;,
   -74.971642; 51.292595; -32.602970;,
   -78.793892; 51.735088; -34.095493;,
   -80.759727; 51.971603; -36.661423;,
   -80.206551; 51.922424; -39.435879;,
   -77.320793; 51.604126; -41.483707;,
   -74.557594; 51.292595; -42.086315;,
   -70.191277; 50.793274; -41.620037;,
   -66.868156; 50.405422; -39.690937;,
   -65.708321; 50.259777; -36.949238;,
   -67.102699; 50.405422; -34.319054;,
   -70.581306; 50.793274; -32.686924;,
   -76.377098; 50.839527; -34.640884;,
   -78.576027; 51.104092; -37.511051;,
   -76.944374; 50.929737; -39.799042;,
   -73.210869; 50.508808; -40.613258;,
   -68.935417; 50.013847; -38.943768;,
   -68.265160; 49.924965; -36.409962;,
   -70.577217; 50.178085; -34.387657;,
   -72.480537; 50.392673; -33.972572;,
   -75.333412; 50.344566; -36.166756;,
   -75.570747; 50.382305; -38.324814;,
   -71.465355; 49.915390; -38.403316;,
   -71.570183; 49.915390; -36.002449;,
   -73.413948; 50.002064; -37.285671;,
   -82.872047; 60.425896; -41.920231;,
   -76.759041; 52.647171; -43.381207;,
   -65.648277; 60.651520; -41.594643;,
   -63.702511; 59.408932; -41.753925;,
   -68.429634; 52.492218; -43.783455;,
   -74.931435; 52.914375; -44.158401;,
   -70.698494; 52.424805; -43.966518;,
   -65.963448; 57.459702; 29.805756;,
   -66.106895; 57.490120; 29.830589;,
   -67.495781; 57.702408; 30.090389;,
   -68.864174; 57.827538; 30.366116;,
   -69.359001; 57.842892; 30.472843;,
   -70.349403; 57.822319; 30.698513;,
   -72.154671; 57.620506; 31.148483;,
   -73.142097; 57.612011; 31.114975;,
   -73.961128; 57.692566; 30.941711;,
   -75.333504; 57.683109; 30.713333;,
   -60.718975; 56.038769; 26.852137;,
   -61.153637; 56.240173; 27.203470;,
   -62.031338; 56.476383; 28.191103;,
   -62.193035; 56.194572; 29.262348;,
   -62.564419; 56.355621; 29.307312;,
   -62.083828; 56.212692; 29.053492;,
   -64.542503; 57.069756; 29.580551;,
   -75.922020; 57.627834; 30.637367;,
   -78.477852; 57.020355; 30.465038;,
   -58.984509; 54.823067; 26.122763;,
   -59.044689; 54.870136; 26.140081;,
   -78.699272; 56.897381; 30.480289;,
   -79.961662; 56.022491; 30.641716;,
   -58.895092; 54.722736; 26.146612;,
   -57.929012; 53.534813; 26.574049;,
   -80.558113; 54.823296; 31.055023;,
   -57.408337; 52.155540; 27.300516;,
   -57.689724; 52.526611; 27.845240;,
   -58.058987; 52.273304; 28.836401;,
   -57.235638; 50.807098; 28.676680;,
   -80.002251; 53.441010; 31.742023;,
   -80.450966; 54.299232; 31.297935;,
   -58.372341; 52.199619; 29.446953;,
   -58.058971; 52.273304; 28.836401;,
   -58.408321; 50.993477; 29.640816;,
   -58.912228; 51.843193; 30.090015;,
   -58.782543; 51.787800; 29.953545;,
   -58.372341; 52.199619; 29.446953;,
   -78.635597; 52.361504; 32.436481;,
   -77.401482; 51.823727; 32.876141;,
   -59.316021; 49.778759; 30.128696;,
   -59.644405; 50.602482; 30.790230;,
   -73.954094; 51.147396; 33.750088;,
   -73.423622; 50.984371; 33.837193;,
   -76.325615; 51.479565; 33.205967;,
   -60.580288; 48.934673; 30.608986;,
   -61.078518; 48.711140; 30.772614;,
   -71.343269; 49.982708; 33.741550;,
   -71.460106; 48.974060; 33.025719;,
   -72.159294; 50.308735; 33.814564;,
   -73.820442; 50.018364; 33.306595;,
   -62.982979; 48.211025; 31.314812;,
   -61.446743; 48.803535; 31.092926;,
   -64.908607; 47.976128; 31.799397;,
   -70.708153; 49.804604; 33.651337;,
   -70.103371; 48.562363; 32.819950;,
   -65.171104; 47.961735; 31.861313;,
   -67.245369; 48.057842; 32.301247;,
   -69.305275; 48.363338; 32.688763;,
   -71.935280; 59.161411; 26.779978;,
   -72.172615; 59.199154; 24.621912;,
   -68.067223; 58.732239; 24.543409;,
   -71.205299; 58.684132; 28.881472;,
   -74.922447; 59.117970; 26.723635;,
   -74.811165; 59.117970; 24.174881;,
   -70.920082; 58.684128; 22.349228;,
   -67.023537; 58.237274; 23.017542;,
   -65.785072; 58.073036; 27.699411;,
   -73.209358; 58.283535; 29.996696;,
   -76.532478; 58.671383; 28.067595;,
   -77.692314; 58.817032; 25.325893;,
   -76.297935; 58.671383; 22.695711;,
   -72.819328; 58.283535; 21.063580;,
   -68.428993; 57.784210; 20.979628;,
   -64.606743; 57.341717; 22.472151;,
   -62.640911; 57.105198; 25.038078;,
   -62.723263; 57.105198; 26.924433;,
   -63.930859; 57.234238; 28.617796;,
   -68.843040; 57.784214; 30.462975;,
   -70.477287; 57.124912; 31.805878;,
   -72.353737; 57.339497; 31.605492;,
   -77.218544; 57.902687; 29.705868;,
   -78.377296; 58.039478; 28.721060;,
   -79.222130; 58.141125; 27.618330;,
   -79.720589; 58.203716; 26.440062;,
   -79.853493; 58.224846; 25.231533;,
   -79.615761; 58.203716; 24.039188;,
   -79.016518; 58.141125; 22.908848;,
   -78.078789; 58.039478; 21.883947;,
   -75.343651; 57.736004; 20.302456;,
   -71.826759; 57.339497; 19.535480;,
   -69.939964; 57.124912; 19.499401;,
   -68.063515; 56.910324; 19.699787;,
   -66.269493; 56.703979; 20.128939;,
   -64.626854; 56.513817; 20.770361;,
   -63.198727; 56.347134; 21.599409;,
   -62.039974; 56.210342; 22.584219;,
   -61.195141; 56.108696; 23.686947;,
   -60.696682; 56.046104; 24.865215;,
   -60.563778; 56.024971; 26.073744;,
   -60.801510; 56.046104; 27.266088;,
   -61.400753; 56.108696; 28.396433;,
   -62.338482; 56.210342; 29.421329;,
   -63.578655; 56.347134; 30.301399;,
   -70.639366; 56.116108; 32.883068;,
   -72.845848; 56.368439; 32.647438;,
   -74.955391; 56.611069; 32.142811;,
   -76.886940; 56.834679; 31.388577;,
   -79.928795; 57.191528; 29.255703;,
   -80.922218; 57.311047; 27.959036;,
   -81.508339; 57.384647; 26.573538;,
   -81.664619; 57.409500; 25.152458;,
   -81.385078; 57.384647; 23.750410;,
   -80.680428; 57.311047; 22.421268;,
   -79.577782; 57.191525; 21.216112;,
   -78.119499; 57.030678; 20.181259;,
   -76.361610; 56.834679; 19.356474;,
   -74.371666; 56.611069; 18.773455;,
   -72.226173; 56.368439; 18.454609;,
   -70.007545; 56.116108; 18.412184;,
   -67.801079; 55.863781; 18.647812;,
   -65.691536; 55.621147; 19.152439;,
   -63.759987; 55.397537; 19.906673;,
   -62.080669; 55.201542; 20.881531;,
   -60.718121; 55.040691; 22.039545;,
   -59.724712; 54.921169; 23.336216;,
   -59.138592; 54.847569; 24.721712;,
   -59.261852; 54.847569; 27.544844;,
   -59.966488; 54.921169; 28.873983;,
   -61.069149; 55.040691; 30.079136;,
   -62.527431; 55.201542; 31.113991;,
   -64.285316; 55.397537; 31.938774;,
   -70.805489; 54.965176; 33.681496;,
   -73.257195; 55.245548; 33.419678;,
   -75.601204; 55.515148; 32.858967;,
   -77.747414; 55.763611; 32.020908;,
   -79.613365; 55.981388; 30.937706;,
   -81.127357; 56.160114; 29.650990;,
   -82.231178; 56.292923; 28.210207;,
   -82.882439; 56.374702; 26.670725;,
   -83.056099; 56.402317; 25.091705;,
   -82.745476; 56.374702; 23.533833;,
   -81.962517; 56.292923; 22.056969;,
   -80.737328; 56.160114; 20.717873;,
   -79.116951; 55.981388; 19.568005;,
   -77.163689; 55.763607; 18.651552;,
   -74.952599; 55.515144; 18.003738;,
   -72.568642; 55.245548; 17.649452;,
   -70.103447; 54.965176; 17.602314;,
   -67.651741; 54.684803; 17.864130;,
   -65.307747; 54.415203; 18.424843;,
   -63.161526; 54.166740; 19.262901;,
   -61.295574; 53.948963; 20.346106;,
   -59.781597; 53.770237; 21.632822;,
   -58.677761; 53.637428; 23.073606;,
   -58.026501; 53.555649; 24.613087;,
   -57.852856; 53.528034; 26.192104;,
   -58.163464; 53.555649; 27.749979;,
   -58.946423; 53.637428; 29.226843;,
   -60.171627; 53.770237; 30.565937;,
   -61.791988; 53.948963; 31.715805;,
   -63.745247; 54.166744; 32.632256;,
   -70.969261; 53.716339; 34.170483;,
   -73.571983; 54.013981; 33.892536;,
   -76.060356; 54.300186; 33.297287;,
   -78.338768; 54.563953; 32.407612;,
   -80.319649; 54.795147; 31.257690;,
   -81.926888; 54.984882; 29.891720;,
   -83.098701; 55.125870; 28.362192;,
   -83.790077; 55.212688; 26.727888;,
   -83.974434; 55.242001; 25.051609;,
   -83.644676; 55.212688; 23.397779;,
   -82.813499; 55.125870; 21.829950;,
   -81.512840; 54.984882; 20.408373;,
   -79.792671; 54.795147; 19.187679;,
   -77.719093; 54.563953; 18.214783;,
   -75.371819; 54.300186; 17.527065;,
   -72.841026; 54.013981; 17.150957;,
   -70.223991; 53.716339; 17.100914;,
   -67.621269; 53.418697; 17.378859;,
   -65.132881; 53.132496; 17.974108;,
   -62.854473; 52.868729; 18.863787;,
   -60.873592; 52.637539; 20.013708;,
   -59.266354; 52.447800; 21.379679;,
   -58.094540; 52.306812; 22.909206;,
   -57.403164; 52.219994; 24.543510;,
   -57.218807; 52.190678; 26.219788;,
   -57.548565; 52.219994; 27.873621;,
   -58.379742; 52.306812; 29.441448;,
   -59.680416; 52.447800; 30.863022;,
   -61.400585; 52.637535; 32.083717;,
   -63.474144; 52.868729; 33.056614;,
   -65.821434; 53.132496; 33.744331;,
   -71.124382; 52.417595; 34.331234;,
   -73.778099; 52.721069; 34.047844;,
   -76.315224; 53.012878; 33.440933;,
   -78.638283; 53.281815; 32.533825;,
   -80.657967; 53.517536; 31.361378;,
   -82.296700; 53.710987; 29.968643;,
   -83.491478; 53.854736; 28.409155;,
   -84.196388; 53.943256; 26.742830;,
   -84.384346; 53.973145; 25.033712;,
   -84.048149; 53.943256; 23.347483;,
   -83.200676; 53.854736; 21.748938;,
   -81.874535; 53.710987; 20.299509;,
   -80.120659; 53.517536; 19.054901;,
   -78.006462; 53.281811; 18.062943;,
   -75.613197; 53.012878; 17.361752;,
   -73.032829; 52.721069; 16.978275;,
   -70.364525; 52.417595; 16.927252;,
   -67.710808; 52.114120; 17.210642;,
   -65.173668; 51.822311; 17.817553;,
   -62.850624; 51.553375; 18.724661;,
   -60.830929; 51.317654; 19.897112;,
   -59.192211; 51.124203; 21.289845;,
   -57.997433; 50.980453; 22.849337;,
   -57.292522; 50.891937; 24.515657;,
   -57.104565; 50.862045; 26.224777;,
   -57.440762; 50.891937; 27.911009;,
   -59.614376; 51.124203; 30.958981;,
   -61.368252; 51.317654; 32.203587;,
   -63.482445; 51.553375; 33.195541;,
   -65.875710; 51.822311; 33.896732;,
   -68.456078; 52.114120; 34.280209;,
   -71.264915; 51.118851; 34.157574;,
   -73.867638; 51.416492; 33.879627;,
   -76.356026; 51.702694; 33.284378;,
   -78.634438; 51.966461; 32.394703;,
   -80.615318; 52.197659; 31.244781;,
   -82.222557; 52.387394; 29.878811;,
   -83.394371; 52.528381; 28.349283;,
   -84.085747; 52.615196; 26.714979;,
   -84.270103; 52.644512; 25.038700;,
   -83.940346; 52.615196; 23.384871;,
   -83.109169; 52.528381; 21.817041;,
   -81.808495; 52.387394; 20.395464;,
   -80.088326; 52.197659; 19.174770;,
   -78.014763; 51.966461; 18.201874;,
   -75.667473; 51.702694; 17.514156;,
   -73.136681; 51.416492; 17.138048;,
   -70.519646; 51.118851; 17.088005;,
   -67.916924; 50.821209; 17.365950;,
   -65.428551; 50.535007; 17.961199;,
   -63.150139; 50.271240; 18.850878;,
   -61.169262; 50.040047; 20.000799;,
   -59.562023; 49.850311; 21.366770;,
   -58.390209; 49.709324; 22.896297;,
   -57.698833; 49.622505; 24.530602;,
   -57.514477; 49.593189; 26.206879;,
   -57.844234; 49.622505; 27.860712;,
   -58.675411; 49.709324; 29.428539;,
   -59.976070; 49.850311; 30.850113;,
   -61.696239; 50.040047; 32.070808;,
   -63.769814; 50.271240; 33.043705;,
   -66.117104; 50.535007; 33.731422;,
   -68.647881; 50.821209; 34.107529;,
   -71.385445; 49.870018; 33.656174;,
   -73.837166; 50.150391; 33.394356;,
   -76.181160; 50.419987; 32.833641;,
   -78.327385; 50.668449; 31.995586;,
   -80.193336; 50.886227; 30.912384;,
   -81.707314; 51.064953; 29.625668;,
   -82.811150; 51.197762; 28.184885;,
   -83.462410; 51.279541; 26.645403;,
   -83.636055; 51.307156; 25.066383;,
   -83.325447; 51.279541; 23.508511;,
   -82.542488; 51.197762; 22.031647;,
   -81.317284; 51.064953; 20.692551;,
   -79.696922; 50.886227; 19.542683;,
   -77.743660; 50.668449; 18.626232;,
   -75.532570; 50.419987; 17.978416;,
   -73.148613; 50.150391; 17.624130;,
   -70.683418; 49.870018; 17.576992;,
   -68.231712; 49.589645; 17.838808;,
   -65.887703; 49.320045; 18.399521;,
   -63.741493; 49.071583; 19.237579;,
   -61.875542; 48.853802; 20.320784;,
   -60.361553; 48.675076; 21.607500;,
   -59.257732; 48.542271; 23.048285;,
   -58.606472; 48.460487; 24.587765;,
   -58.432812; 48.432873; 26.166782;,
   -58.743435; 48.460487; 27.724657;,
   -59.526394; 48.542271; 29.201521;,
   -60.751598; 48.675076; 30.540615;,
   -62.371956; 48.853806; 31.690483;,
   -64.325218; 49.071583; 32.606930;,
   -66.536308; 49.320045; 33.254745;,
   -68.920265; 49.589645; 33.609032;,
   -73.687828; 48.971413; 32.610672;,
   -75.797371; 49.214043; 32.106049;,
   -77.728920; 49.437653; 31.351814;,
   -79.408241; 49.633652; 30.376957;,
   -80.770790; 49.794502; 29.218943;,
   -81.764198; 49.914024; 27.922274;,
   -82.350319; 49.987625; 26.536776;,
   -82.506599; 50.012478; 25.115696;,
   -82.227058; 49.987625; 23.713648;,
   -81.522423; 49.914024; 22.384506;,
   -80.419762; 49.794502; 21.179352;,
   -78.961479; 49.633652; 20.144497;,
   -77.203590; 49.437653; 19.319714;,
   -75.213661; 49.214043; 18.736696;,
   -73.068153; 48.971413; 18.417847;,
   -70.849541; 48.719082; 18.375423;,
   -68.643059; 48.466755; 18.611052;,
   -66.533516; 48.224121; 19.115679;,
   -64.601967; 48.000511; 19.869913;,
   -62.922661; 47.804516; 20.844769;,
   -61.560112; 47.643665; 22.002785;,
   -60.566692; 47.524143; 23.299456;,
   -59.980572; 47.450542; 24.684950;,
   -59.824291; 47.425690; 26.106030;,
   -60.103832; 47.450542; 27.508081;,
   -60.808483; 47.524143; 28.837221;,
   -61.911125; 47.643665; 30.042374;,
   -63.369423; 47.804516; 31.077229;,
   -65.127312; 48.000511; 31.902012;,
   -69.262733; 48.466755; 32.803875;,
   -73.425392; 47.924870; 31.558701;,
   -75.219414; 48.131210; 31.129551;,
   -78.290184; 48.488056; 29.659081;,
   -80.293770; 48.726494; 27.571543;,
   -80.792229; 48.789089; 26.393274;,
   -80.925133; 48.810223; 25.184746;,
   -80.687401; 48.789089; 23.992401;,
   -80.088158; 48.726494; 22.862059;,
   -79.150429; 48.624847; 21.837158;,
   -77.910255; 48.488056; 20.957088;,
   -76.415291; 48.321377; 20.255667;,
   -74.723000; 48.131210; 19.759850;,
   -72.898399; 47.924870; 19.488691;,
   -69.135170; 47.495697; 19.652998;,
   -65.698494; 47.099190; 20.723574;,
   -63.111610; 46.795715; 22.537432;,
   -62.266777; 46.694069; 23.640160;,
   -61.768318; 46.631477; 24.818426;,
   -61.635414; 46.610344; 26.026955;,
   -61.873146; 46.631477; 27.219301;,
   -62.472389; 46.694073; 28.349642;,
   -63.410118; 46.795715; 29.374540;,
   -64.650291; 46.932507; 30.254612;,
   -67.837547; 47.289356; 31.451851;,
   -69.662148; 47.495697; 31.723007;,
   -73.059914; 47.050980; 30.278858;,
   -76.882164; 47.493477; 28.786337;,
   -78.848000; 47.729996; 26.220409;,
   -78.294823; 47.680817; 23.445953;,
   -75.409065; 47.362514; 21.398123;,
   -71.163429; 46.882378; 20.767168;,
   -66.988945; 46.402248; 21.765757;,
   -64.292656; 46.083950; 24.057302;,
   -66.165367; 46.271286; 29.254244;,
   -70.103157; 46.713779; 30.407955;,
   -73.576378; 46.494999; 28.588083;,
   -76.592369; 46.851040; 26.024828;,
   -75.703835; 46.762154; 23.559078;,
   -71.299141; 46.267197; 22.268570;,
   -67.023689; 45.772236; 23.938063;,
   -66.353432; 45.683350; 26.471872;,
   -69.581352; 46.039391; 28.762510;,
   -73.917747; 46.168736; 24.839785;,
   -69.947655; 45.719765; 24.249779;,
   -71.041222; 45.829159; 27.284513;,
   -71.502220; 45.760448; 25.596159;,
   -58.895092; 54.722736; 26.146601;,
   -65.963448; 57.459702; 29.805752;,
   -58.408321; 50.993473; 29.640812;,
   -71.460106; 48.974060; 33.025723;,
   -67.245369; 48.057846; 32.301247;,
   -75.333488; 57.683109; 30.713333;,
   -78.477837; 57.020359; 30.465042;,
   -61.153637; 56.240173; 27.203470;,
   -62.031338; 56.476383; 28.191103;,
   -71.618553; 60.122124; -44.576004;,
   -71.569374; 59.057709; -45.269867;,
   -71.666725; 57.917210; -45.725853;,
   -71.921989; 56.458580; -45.895180;,
   -71.917244; 61.411762; -43.321075;,
   -71.906944; 61.372807; -43.381371;,
   -72.288506; 55.344131; -45.778572;,
   -72.557335; 54.397373; -45.416702;,
   -72.639351; 54.258495; -45.358364;,
   -72.289803; 61.991638; -42.459000;,
   -72.650139; 61.461781; -43.360085;,
   -72.825661; 55.405312; -45.786285;,
   -72.919853; 60.471516; -44.450516;,
   -73.117897; 59.149040; -45.331505;,
   -73.120888; 58.070000; -45.762077;,
   -73.035027; 56.745510; -45.940071;,
   -71.509987; 58.464993; -42.345211;,
   -71.419456; 58.868786; -43.852489;,
   -71.493889; 57.361813; -44.260670;,
   -71.584419; 56.958019; -42.753395;,
   -71.797462; 57.925636; -41.119511;,
   -71.717735; 59.020710; -41.410282;,
   -71.633720; 59.822357; -42.210529;,
   -71.567924; 60.115784; -43.305824;,
   -71.769798; 56.028908; -44.412804;,
   -71.835579; 55.735485; -43.317509;,
   -71.865517; 56.028908; -42.220646;,
   -71.851555; 56.830559; -41.416126;,
   -71.833244; 61.190746; -43.317406;,
   -72.132332; 55.135635; -44.957508;,
   -72.672188; 57.973671; -39.090023;,
   -72.517387; 60.099670; -39.654537;,
   -72.354271; 61.656013; -41.208149;,
   -72.746193; 53.721664; -43.357265;,
   -72.804298; 54.291325; -41.227798;,
   -72.798439; 55.848969; -39.666805;,
   -73.104286; 58.002819; -40.118813;,
   -72.986137; 59.625278; -40.549622;,
   -72.861671; 60.813004; -41.735264;,
   -73.063286; 55.192631; -44.998154;,
   -73.160759; 54.757893; -43.375366;,
   -73.205101; 55.192631; -41.750259;,
   -73.387947; 58.023006; -41.188953;,
   -73.308205; 59.118076; -41.479725;,
   -73.224190; 59.919727; -42.279968;,
   -73.158409; 60.213154; -43.375263;,
   -73.360283; 56.126282; -44.482246;,
   -73.426064; 55.832855; -43.386951;,
   -73.455986; 56.126282; -42.290089;,
   -73.442039; 56.927933; -41.485565;,
   -73.500099; 58.586826; -42.432102;,
   -73.409569; 58.990620; -43.939381;,
   -73.526329; 57.079853; -43.944477;,
   -73.567513; 57.483646; -42.435043;,
   -66.577324; 54.568504; 33.315144;,
   -66.751549; 53.227989; 33.883617;,
   -66.553780; 55.652641; 32.563187;,
   -66.697304; 56.696274; 31.478531;,
   -66.734032; 57.014206; 30.956039;,
   -66.917107; 57.369507; 30.440880;,
   -67.382866; 50.678146; 33.919537;,
   -67.093407; 51.469273; 34.002598;,
   -67.036568; 51.953590; 34.069248;,
   -67.496468; 50.271057; 33.757122;,
   -67.098991; 57.179153; 30.852364;,
   -67.565849; 50.698845; 33.946728;,
   -67.723366; 51.445930; 34.081745;,
   -67.721992; 52.031105; 34.171116;,
   -67.769814; 54.620289; 33.549572;,
   -67.827950; 53.283638; 34.050831;,
   -67.615913; 55.772762; 32.721031;,
   -66.203743; 53.743683; 31.937275;,
   -66.113213; 54.147476; 30.429996;,
   -66.187645; 52.640503; 30.021816;,
   -66.278175; 52.236710; 31.529091;,
   -66.491219; 53.204327; 33.162971;,
   -66.261681; 55.394478; 30.976662;,
   -66.231758; 55.101051; 29.879803;,
   -66.245705; 54.299400; 29.075281;,
   -66.299797; 53.204327; 28.778666;,
   -66.379539; 52.109249; 29.069441;,
   -66.463554; 51.307602; 29.869682;,
   -66.529335; 51.014179; 30.964977;,
   -66.559273; 51.307602; 32.061840;,
   -66.545311; 52.109249; 32.866356;,
   -66.527000; 56.469440; 30.965080;,
   -66.862221; 56.934708; 28.818441;,
   -66.889305; 55.378365; 27.256521;,
   -66.994316; 53.252361; 26.680666;,
   -67.149117; 51.126362; 27.245180;,
   -67.312233; 49.570019; 28.798792;,
   -67.439949; 49.000359; 30.925220;,
   -67.498055; 49.570019; 33.054684;,
   -67.413612; 56.091698; 29.299324;,
   -67.434288; 54.903973; 28.107347;,
   -67.514427; 53.281509; 27.667883;,
   -67.632561; 51.659050; 28.098688;,
   -67.757042; 50.471321; 29.284334;,
   -67.854515; 50.036583; 30.907120;,
   -67.898857; 50.471321; 32.532227;,
   -68.081703; 53.301697; 33.093529;,
   -68.001961; 54.396770; 32.802761;,
   -67.917946; 55.198421; 32.002518;,
   -67.852165; 55.491848; 30.907223;,
   -67.822243; 55.198421; 29.810360;,
   -67.836189; 54.396770; 29.005838;,
   -67.890282; 53.301697; 28.709227;,
   -67.970024; 52.206623; 28.999998;,
   -68.054039; 51.404972; 29.800240;,
   -68.119820; 51.111549; 30.895535;,
   -68.149742; 51.404972; 31.992397;,
   -68.135796; 52.206623; 32.796917;,
   -68.193855; 53.865520; 31.850384;,
   -68.103325; 54.269314; 30.343105;,
   -68.177757; 52.762337; 29.934925;,
   -68.268288; 52.358547; 31.442204;,
   -64.364799; 25.459278; -20.815414;,
   -64.392693; 25.713461; 9.405710;,
   -52.551048; 9.662942; -30.750586;,
   -52.455177; 10.437057; -27.293070;,
   -75.633316; 16.465374; -31.160269;,
   -53.469185; 21.991566; 23.466997;,
   -74.621910; 16.783558; 19.360786;,
   -80.515656; 31.708628; -36.833809;,
   -77.528755; 35.833092; 32.147087;,
   -180.665878; -50.355747; -42.569721;,
   -117.421936; -39.210075; -39.808430;,
   -59.902927; -14.289782; -37.297096;,
   -238.810654; -61.082439; -21.203419;,
   -239.852371; -61.082447; 2.656052;,
   -232.955307; -59.971409; 15.117817;,
   -183.791061; -50.355747; 29.008692;,
   -120.547112; -39.210075; 31.769983;,
   -63.028111; -14.289778; 34.281315;,
   -246.559891; -41.487774; -33.249626;,
   -183.746979; -29.638372; -42.704243;,
   -120.978683; -15.024296; -39.963718;,
   -87.440704; -0.328234; -38.499420;,
   -254.497116; -42.598801; -21.888304;,
   -183.735336; -36.693287; -18.798779;,
   -120.967049; -22.079216; -16.058260;,
   -77.905045; -5.958421; -14.178132;,
   -255.538834; -42.598801; 1.971166;,
   -184.777069; -36.693287; 5.060692;,
   -122.008781; -22.079212; 7.801213;,
   -78.946777; -5.958425; 9.681340;,
   -248.641769; -41.487774; 14.432930;,
   -186.872162; -29.638374; 28.874166;,
   -124.103867; -15.024296; 31.614689;,
   -90.565887; -0.328238; 33.078991;,
   -49.525921; 18.315773; -36.844028;,
   -52.651100; 18.315775; 34.734386;,
   -78.625046; 13.089802; -38.114521;,
   -72.262611; 14.242301; -13.931779;,
   -73.304344; 14.242296; 9.927693;,
   -81.750214; 13.089800; 33.463890;,
   -231.157501; -60.150249; -33.110523;,
   -182.666748; -40.886795; -48.794380;,
   -119.422791; -29.741123; -46.033089;,
   -61.903782; -4.820826; -43.521759;,
   -246.397415; -44.657425; -33.775909;,
   -183.340286; -32.808018; -48.823788;,
   -120.571991; -18.193949; -46.083263;,
   -82.650726; -2.842172; -44.427589;,
   -53.084755; 6.204860; -43.136711;,
   -186.304352; -40.876778; 34.915855;,
   -123.060410; -29.731108; 37.677147;,
   -65.541405; -4.810809; 40.188477;,
   -248.521988; -44.596413; 15.105288;,
   -186.985519; -32.747013; 34.886116;,
   -124.217224; -18.132936; 37.626640;,
   -86.295944; -2.781168; 39.282314;,
   -56.370384; 6.165616; 40.588894;,
   -77.066574; -1.367729; 39.685276;,
   -52.421062; 32.624496; -36.970432;,
   -51.363018; 21.991554; -24.772636;,
   -53.515144; 21.991564; 24.519312;,
   -55.546246; 32.624496; 34.607979;,
   -81.520187; 27.398525; -38.240925;,
   -73.057991; 17.918085; -25.719858;,
   -75.210121; 17.918077; 23.572092;,
   -84.645370; 27.398525; 33.337486;,
   -62.919121; 44.842213; -32.617504;,
   -60.454277; 26.191450; -25.169569;,
   -62.606407; 26.191458; 24.122379;,
   -65.699898; 44.809177; 31.186127;,
   -81.116280; 41.910061; -33.412010;,
   -66.005180; 25.086166; -26.668152;,
   -68.266792; 25.086159; 25.131466;,
   -81.154305; 42.287319; 30.511372;,
   -241.510590; -40.347523; -30.437096;,
   -230.831146; -38.886425; -31.149912;,
   -231.960052; -38.280670; -34.803688;,
   -240.293655; -22.084990; -31.618122;,
   -236.566452; -21.474253; -33.315437;,
   -236.218552; -21.405737; -31.897518;,
   -227.081055; -37.813171; -36.181583;,
   -225.268463; -38.422104; -36.975582;,
   -225.384735; -37.065453; -35.871407;,
   -225.402817; -37.496582; -36.434193;,
   -225.152374; -37.204880; -35.136269;,
   -226.115753; -34.079002; -35.269958;,
   -229.616913; -30.035425; -35.311131;,
   -227.655228; -29.713991; -36.204456;,
   -227.472122; -29.677927; -35.458183;,
   -229.100815; -37.769966; -35.274807;,
   -227.081070; -37.813179; -36.181583;,
   -225.268463; -38.422104; -36.975582;,
   -225.290695; -37.698738; -36.233711;,
   -227.099960; -38.310005; -36.155849;,
   -229.122635; -37.722153; -35.266651;,
   -230.143188; -37.933327; -34.800381;,
   -225.377670; -37.109024; -35.894062;,
   -219.080688; -37.228470; -38.494629;,
   -222.812515; -37.007927; -36.824089;,
   -223.154602; -37.000610; -36.670506;,
   -219.068527; -36.301643; -37.387634;,
   -219.049133; -36.002724; -36.971043;,
   -223.706345; -45.280575; -36.135044;,
   -217.167389; -44.209103; -39.112785;,
   -216.557037; -44.088902; -36.625210;,
   -222.770950; -31.243181; -37.042831;,
   -220.809265; -30.921740; -37.936153;,
   -220.626160; -30.885683; -37.189884;,
   -216.882477; -44.152988; -37.951538;,
   -217.191971; -43.023800; -37.851543;,
   -217.271454; -44.216732; -37.774403;,
   -216.846161; -44.145840; -37.803558;,
   -212.717560; -36.215660; -40.099945;,
   -216.744156; -36.303673; -38.286133;,
   -212.596802; -35.301605; -38.589371;,
   -217.288223; -44.468418; -37.758121;,
   -210.749268; -43.396954; -40.735867;,
   -210.138931; -43.276752; -38.248291;,
   -216.352829; -30.431034; -38.665913;,
   -214.391144; -30.109592; -39.559235;,
   -214.208038; -30.073536; -38.812962;,
   -234.714157; -39.247425; 12.717840;,
   -245.341888; -40.404621; 12.575024;,
   -245.959610; -46.327583; 12.339347;,
   -243.988907; -48.773407; 12.262527;,
   -243.379196; -48.686974; 13.348661;,
   -235.614365; -38.572010; 16.370064;,
   -246.245667; -49.070419; 12.230208;,
   -232.562500; -47.269585; 12.426160;,
   -233.485962; -47.363579; 17.208849;,
   -243.469330; -22.449976; 13.289442;,
   -239.364380; -21.909727; 13.348227;,
   -239.641418; -21.937925; 14.783034;,
   -228.350815; -37.530945; 16.895985;,
   -233.363541; -38.062012; 16.829195;,
   -228.706970; -37.495491; 18.646173;,
   -228.661041; -37.297585; 18.153835;,
   -228.662674; -37.210274; 18.047096;,
   -232.478943; -37.997337; 17.174406;,
   -234.007690; -44.238285; 16.583445;,
   -226.806030; -43.290478; 16.686575;,
   -227.292053; -43.339947; 19.203781;,
   -232.546463; -30.227526; 17.140934;,
   -230.385956; -29.943186; 17.171873;,
   -230.531769; -29.958025; 17.927034;,
   -222.387375; -36.150986; 19.574730;,
   -223.171692; -36.291473; 19.562052;,
   -226.489639; -37.194870; 19.496414;,
   -222.429108; -37.135101; 21.081217;,
   -222.495972; -36.472168; 20.545607;,
   -222.461227; -36.322456; 20.173170;,
   -222.422150; -36.154099; 19.754335;,
   -225.751114; -37.096611; 19.784584;,
   -227.350174; -45.446041; 19.168098;,
   -220.148529; -44.498234; 19.271231;,
   -220.634552; -44.547703; 21.788437;,
   -222.535141; -35.600037; 19.594765;,
   -225.888962; -31.435282; 19.725590;,
   -223.728455; -31.150942; 19.756531;,
   -223.874268; -31.165781; 20.511692;,
   -220.259323; -44.509510; 19.845119;,
   -220.806320; -42.470158; 19.919268;,
   -221.029572; -44.610882; 19.834087;,
   -220.311310; -44.514797; 20.114342;,
   -216.074341; -35.319572; 20.240505;,
   -220.106003; -35.755257; 20.186457;,
   -216.389038; -35.174103; 21.636675;,
   -216.358551; -35.042732; 21.309866;,
   -218.892868; -35.507240; 20.659721;,
   -221.031982; -44.633892; 19.833172;,
   -213.830322; -43.686085; 19.936304;,
   -214.316345; -43.735554; 22.453508;,
   -219.570755; -30.623135; 20.390663;,
   -217.410248; -30.338795; 20.421602;,
   -217.556061; -30.353634; 21.176765;,
   -81.400040; 31.715063; -36.804539;,
   -55.302364; 32.107040; -37.096233;,
   -60.000160; 24.987450; 24.236170;,
   -53.026501; 33.329113; -36.719395;;

   2233;
   3;1,4,7;,
   3;4,1,2;,
   3;5,2,65;,
   3;2,5,4;,
   3;3,7,6;,
   3;8,7,4;,
   3;4,9,8;,
   3;9,4,5;,
   3;7,12,11;,
   3;12,7,8;,
   3;8,13,12;,
   3;13,8,9;,
   3;14,18,15;,
   3;15,19,16;,
   3;19,15,18;,
   3;16,20,17;,
   3;20,16,19;,
   3;14,22,18;,
   3;22,14,21;,
   3;18,23,19;,
   3;23,18,22;,
   3;19,24,20;,
   3;24,19,23;,
   3;21,26,22;,
   3;26,21,25;,
   3;22,27,23;,
   3;27,22,26;,
   3;23,28,24;,
   3;28,23,27;,
   3;0,15,1;,
   3;15,0,14;,
   3;1,16,2;,
   3;16,1,15;,
   3;17,2,16;,
   3;98,101,99;,
   3;101,98,100;,
   3;80,85,81;,
   3;85,80,84;,
   3;104,107,105;,
   3;107,104,106;,
   3;13,27,12;,
   3;27,13,28;,
   3;12,26,11;,
   3;26,12,27;,
   3;11,25,10;,
   3;25,11,26;,
   3;47,50,46;,
   3;50,47,51;,
   3;46,49,45;,
   3;49,46,50;,
   3;45,48,44;,
   3;48,45,49;,
   3;6,30,3;,
   3;30,6,31;,
   3;34,14,33;,
   3;21,14,34;,
   3;21,35,25;,
   3;53,54,52;,
   3;54,53,55;,
   3;32,119,121;,
   3;21,43,35;,
   3;43,21,42;,
   3;54,55,56;,
   3;31,37,30;,
   3;37,31,38;,
   3;34,42,21;,
   3;42,34,41;,
   3;37,134,30;,
   3;134,37,135;,
   3;59,61,60;,
   3;33,41,34;,
   3;41,33,40;,
   3;46,39,47;,
   3;42,51,43;,
   3;51,42,64;,
   3;51,64,50;,
   3;56,57,54;,
   3;57,56,58;,
   3;38,45,37;,
   3;45,38,46;,
   3;41,50,42;,
   3;50,41,49;,
   3;37,44,36;,
   3;44,37,45;,
   3;59,62,61;,
   3;40,49,41;,
   3;49,40,63;,
   3;49,63,48;,
   3;25,52,10;,
   3;52,25,53;,
   3;47,58,51;,
   3;58,47,57;,
   3;10,54,32;,
   3;54,10,52;,
   3;35,53,25;,
   3;53,35,55;,
   3;32,54,39;,
   3;43,55,35;,
   3;55,43,56;,
   3;39,57,47;,
   3;57,39,54;,
   3;51,56,43;,
   3;56,51,58;,
   3;0,59,14;,
   3;48,62,44;,
   3;29,59,0;,
   3;14,60,33;,
   3;60,14,59;,
   3;36,59,29;,
   3;33,61,40;,
   3;61,33,60;,
   3;44,59,36;,
   3;59,44,62;,
   3;40,62,48;,
   3;62,40,61;,
   3;63,40,48;,
   3;64,42,50;,
   3;5,66,9;,
   3;9,67,13;,
   3;67,9,66;,
   3;20,68,17;,
   3;68,20,69;,
   3;24,69,20;,
   3;69,24,70;,
   3;28,70,24;,
   3;70,28,71;,
   3;17,65,2;,
   3;65,17,68;,
   3;13,71,28;,
   3;71,13,67;,
   3;65,73,5;,
   3;73,65,72;,
   3;88,91,87;,
   3;91,88,92;,
   3;5,74,66;,
   3;74,5,73;,
   3;70,77,69;,
   3;66,75,67;,
   3;75,66,74;,
   3;90,93,89;,
   3;93,90,94;,
   3;92,95,91;,
   3;95,92,96;,
   3;1042,74,73;,
   3;74,1042,1043;,
   3;70,84,77;,
   3;84,70,85;,
   3;100,103,101;,
   3;103,100,102;,
   3;106,110,107;,
   3;110,106,109;,
   3;69,87,68;,
   3;87,69,88;,
   3;71,89,70;,
   3;89,71,90;,
   3;77,88,69;,
   3;88,77,92;,
   3;93,70,89;,
   3;78,90,71;,
   3;77,96,92;,
   3;70,97,85;,
   3;97,70,93;,
   3;1044,80,1045;,
   3;98,80,1044;,
   3;99,80,98;,
   3;80,101,84;,
   3;101,80,99;,
   3;112,113,111;,
   3;113,112,114;,
   3;84,103,96;,
   3;103,84,101;,
   3;95,100,83;,
   3;100,95,102;,
   3;85,104,81;,
   3;104,85,106;,
   3;105,81,104;,
   3;1047,107,86;,
   3;1047,105,107;,
   3;116,117,115;,
   3;117,116,118;,
   3;86,110,108;,
   3;110,86,107;,
   3;97,106,85;,
   3;106,97,109;,
   3;96,111,95;,
   3;111,96,112;,
   3;102,114,103;,
   3;114,102,113;,
   3;95,113,102;,
   3;113,95,111;,
   3;103,112,96;,
   3;112,103,114;,
   3;108,115,97;,
   3;115,108,116;,
   3;97,117,109;,
   3;117,97,115;,
   3;109,118,110;,
   3;118,109,117;,
   3;110,116,108;,
   3;116,110,118;,
   3;68,72,65;,
   3;96,77,84;,
   3;31,120,123;,
   3;120,31,6;,
   3;122,39,38;,
   3;131,130,127;,
   3;125,129,124;,
   3;129,125,130;,
   3;126,130,125;,
   3;130,126,127;,
   3;124,127,126;,
   3;127,124,129;,
   3;124,126,125;,
   3;127,129,128;,
   3;39,119,32;,
   3;119,39,122;,
   3;39,46,38;,
   3;32,145,10;,
   3;145,120,146;,
   3;145,121,120;,
   3;32,121,145;,
   3;128,129,132;,
   3;29,136,137;,
   3;141,142,139;,
   3;143,139,142;,
   3;139,143,140;,
   3;141,140,143;,
   3;140,138,139;,
   3;141,143,142;,
   3;139,138,141;,
   3;138,140,141;,
   3;135,37,36;,
   3;36,137,135;,
   3;137,36,29;,
   3;134,3,30;,
   3;3,134,133;,
   3;133,0,3;,
   3;29,133,136;,
   3;133,29,0;,
   3;6,147,148;,
   3;147,6,7;,
   3;152,153,150;,
   3;154,150,153;,
   3;150,154,151;,
   3;151,152,149;,
   3;152,151,154;,
   3;151,149,150;,
   3;152,154,153;,
   3;149,152,150;,
   3;146,120,6;,
   3;146,6,148;,
   3;144,10,145;,
   3;156,7,157;,
   3;7,156,147;,
   3;162,158,161;,
   3;158,162,159;,
   3;163,159,162;,
   3;159,163,160;,
   3;161,160,163;,
   3;160,161,158;,
   3;160,158,159;,
   3;161,163,162;,
   3;147,10,144;,
   3;10,155,11;,
   3;147,155,10;,
   3;147,156,155;,
   3;171,167,170;,
   3;167,171,168;,
   3;172,168,171;,
   3;168,172,169;,
   3;170,169,172;,
   3;169,170,167;,
   3;169,167,168;,
   3;170,172,171;,
   3;7,155,157;,
   3;155,7,11;,
   3;164,3,165;,
   3;3,164,7;,
   3;165,3,0;,
   3;0,166,165;,
   3;166,0,1;,
   3;180,176,179;,
   3;176,180,177;,
   3;181,177,180;,
   3;177,181,178;,
   3;179,178,181;,
   3;178,179,176;,
   3;178,176,177;,
   3;179,181,180;,
   3;173,164,174;,
   3;164,173,7;,
   3;173,1,7;,
   3;175,1,173;,
   3;175,166,1;,
   3;166,174,164;,
   3;175,174,166;,
   3;230,76,225;,
   3;76,230,228;,
   3;91,186,185;,
   3;186,91,187;,
   3;237,239,238;,
   3;237,240,239;,
   3;237,241,240;,
   3;237,238,241;,
   3;238,239,243;,
   3;239,244,243;,
   3;245,239,240;,
   3;239,245,244;,
   3;240,246,245;,
   3;256,240,241;,
   3;240,256,246;,
   3;241,247,256;,
   3;241,248,247;,
   3;241,242,248;,
   3;242,241,238;,
   3;250,242,243;,
   3;242,250,249;,
   3;251,243,244;,
   3;243,251,250;,
   3;244,252,251;,
   3;253,244,245;,
   3;244,253,252;,
   3;255,246,256;,
   3;246,255,254;,
   3;257,256,247;,
   3;258,247,248;,
   3;247,258,257;,
   3;248,259,258;,
   3;248,249,259;,
   3;249,248,242;,
   3;249,261,260;,
   3;249,262,261;,
   3;262,249,250;,
   3;250,263,262;,
   3;250,264,263;,
   3;250,265,264;,
   3;265,250,251;,
   3;251,266,265;,
   3;251,267,266;,
   3;251,268,267;,
   3;268,251,252;,
   3;252,269,268;,
   3;270,252,253;,
   3;252,270,269;,
   3;936,253,935;,
   3;253,936,271;,
   3;935,273,272;,
   3;273,935,254;,
   3;254,274,273;,
   3;255,274,254;,
   3;274,255,548;,
   3;255,275,548;,
   3;255,276,275;,
   3;276,255,256;,
   3;256,277,276;,
   3;256,278,277;,
   3;256,279,278;,
   3;279,256,257;,
   3;257,280,279;,
   3;281,257,258;,
   3;257,281,280;,
   3;258,282,281;,
   3;258,283,282;,
   3;283,258,259;,
   3;259,260,283;,
   3;260,259,249;,
   3;260,285,284;,
   3;260,286,285;,
   3;286,260,261;,
   3;261,287,286;,
   3;287,261,262;,
   3;262,288,287;,
   3;288,262,263;,
   3;263,289,288;,
   3;289,263,264;,
   3;264,290,289;,
   3;290,264,265;,
   3;265,291,290;,
   3;291,265,266;,
   3;266,292,291;,
   3;292,266,267;,
   3;267,293,292;,
   3;293,267,268;,
   3;268,294,293;,
   3;294,268,269;,
   3;269,295,294;,
   3;295,269,270;,
   3;270,297,296;,
   3;297,270,271;,
   3;271,298,297;,
   3;298,271,936;,
   3;936,938,298;,
   3;926,931,272;,
   3;926,272,273;,
   3;273,300,299;,
   3;300,273,274;,
   3;274,301,300;,
   3;301,274,548;,
   3;301,548,549;,
   3;302,548,275;,
   3;548,302,549;,
   3;275,303,302;,
   3;303,275,276;,
   3;276,304,303;,
   3;304,276,277;,
   3;277,305,304;,
   3;305,277,278;,
   3;278,306,305;,
   3;306,278,279;,
   3;279,307,306;,
   3;307,279,280;,
   3;280,308,307;,
   3;308,280,281;,
   3;281,309,308;,
   3;281,310,309;,
   3;310,281,282;,
   3;282,311,310;,
   3;282,312,311;,
   3;312,282,283;,
   3;283,284,312;,
   3;284,283,260;,
   3;284,314,313;,
   3;314,284,285;,
   3;285,315,314;,
   3;315,285,286;,
   3;286,316,315;,
   3;316,286,287;,
   3;287,317,316;,
   3;317,287,288;,
   3;288,318,317;,
   3;318,288,289;,
   3;289,319,318;,
   3;319,289,290;,
   3;290,320,319;,
   3;320,290,291;,
   3;291,321,320;,
   3;321,291,292;,
   3;292,322,321;,
   3;322,292,293;,
   3;293,323,322;,
   3;323,293,294;,
   3;546,296,324;,
   3;296,325,324;,
   3;325,296,297;,
   3;297,326,325;,
   3;326,297,298;,
   3;298,327,326;,
   3;327,298,938;,
   3;327,938,939;,
   3;299,329,328;,
   3;329,299,300;,
   3;300,330,329;,
   3;330,300,301;,
   3;301,331,330;,
   3;331,301,549;,
   3;302,333,332;,
   3;333,302,303;,
   3;303,334,333;,
   3;334,303,304;,
   3;304,335,334;,
   3;335,304,305;,
   3;305,336,335;,
   3;336,305,306;,
   3;306,337,336;,
   3;337,306,307;,
   3;307,338,337;,
   3;338,307,308;,
   3;308,339,338;,
   3;339,308,309;,
   3;309,340,339;,
   3;340,309,310;,
   3;310,341,340;,
   3;341,310,311;,
   3;311,342,341;,
   3;342,311,312;,
   3;312,313,342;,
   3;313,312,284;,
   3;313,344,343;,
   3;344,313,314;,
   3;314,345,344;,
   3;345,314,315;,
   3;315,346,345;,
   3;346,315,316;,
   3;316,347,346;,
   3;347,316,317;,
   3;317,348,347;,
   3;348,317,318;,
   3;318,349,348;,
   3;349,318,319;,
   3;319,350,349;,
   3;350,319,320;,
   3;320,351,350;,
   3;351,320,321;,
   3;321,352,351;,
   3;352,321,322;,
   3;322,353,352;,
   3;353,322,323;,
   3;546,355,354;,
   3;355,546,324;,
   3;324,356,355;,
   3;356,324,325;,
   3;325,357,356;,
   3;357,325,326;,
   3;326,358,357;,
   3;358,326,327;,
   3;939,358,327;,
   3;358,939,940;,
   3;328,360,359;,
   3;360,328,329;,
   3;329,361,360;,
   3;361,329,330;,
   3;330,362,361;,
   3;362,330,331;,
   3;332,364,363;,
   3;364,332,333;,
   3;333,365,364;,
   3;365,333,334;,
   3;334,366,365;,
   3;366,334,335;,
   3;335,367,366;,
   3;367,335,336;,
   3;336,368,367;,
   3;368,336,337;,
   3;337,369,368;,
   3;369,337,338;,
   3;338,370,369;,
   3;370,338,339;,
   3;339,371,370;,
   3;371,339,340;,
   3;340,372,371;,
   3;372,340,341;,
   3;341,373,372;,
   3;373,341,342;,
   3;342,343,373;,
   3;343,342,313;,
   3;343,375,374;,
   3;375,343,344;,
   3;344,376,375;,
   3;376,344,345;,
   3;345,377,376;,
   3;377,345,346;,
   3;346,378,377;,
   3;378,346,347;,
   3;347,379,378;,
   3;379,347,348;,
   3;348,380,379;,
   3;380,348,349;,
   3;349,381,380;,
   3;381,349,350;,
   3;350,382,381;,
   3;382,350,351;,
   3;351,383,382;,
   3;383,351,352;,
   3;352,384,383;,
   3;384,352,353;,
   3;354,385,384;,
   3;354,386,385;,
   3;386,354,355;,
   3;355,387,386;,
   3;387,355,356;,
   3;356,388,387;,
   3;388,356,357;,
   3;357,389,388;,
   3;389,357,358;,
   3;940,389,358;,
   3;389,940,941;,
   3;928,390,929;,
   3;390,928,359;,
   3;359,391,390;,
   3;391,359,360;,
   3;360,392,391;,
   3;392,360,361;,
   3;361,393,392;,
   3;393,361,362;,
   3;393,362,394;,
   3;363,395,394;,
   3;395,363,364;,
   3;364,396,395;,
   3;396,364,365;,
   3;365,397,396;,
   3;397,365,366;,
   3;366,398,397;,
   3;398,366,367;,
   3;367,399,398;,
   3;399,367,368;,
   3;368,400,399;,
   3;400,368,369;,
   3;369,401,400;,
   3;401,369,370;,
   3;370,402,401;,
   3;402,370,371;,
   3;371,403,402;,
   3;403,371,372;,
   3;372,404,403;,
   3;404,372,373;,
   3;373,374,404;,
   3;374,373,343;,
   3;374,406,405;,
   3;406,374,375;,
   3;375,407,406;,
   3;407,375,376;,
   3;376,408,407;,
   3;408,376,377;,
   3;377,409,408;,
   3;409,377,378;,
   3;378,410,409;,
   3;410,378,379;,
   3;379,411,410;,
   3;411,379,380;,
   3;380,412,411;,
   3;412,380,381;,
   3;381,413,412;,
   3;413,381,382;,
   3;382,414,413;,
   3;414,382,383;,
   3;383,415,414;,
   3;415,383,384;,
   3;385,386,417;,
   3;386,418,417;,
   3;418,386,387;,
   3;387,419,418;,
   3;419,387,388;,
   3;388,420,419;,
   3;420,388,389;,
   3;390,422,421;,
   3;422,390,391;,
   3;391,423,422;,
   3;423,391,392;,
   3;392,393,423;,
   3;394,424,393;,
   3;424,394,425;,
   3;394,426,425;,
   3;426,394,395;,
   3;395,427,426;,
   3;427,395,396;,
   3;396,428,427;,
   3;428,396,397;,
   3;397,429,428;,
   3;429,397,398;,
   3;398,430,429;,
   3;430,398,399;,
   3;399,431,430;,
   3;431,399,400;,
   3;400,432,431;,
   3;432,400,401;,
   3;401,433,432;,
   3;433,401,402;,
   3;402,434,433;,
   3;434,402,403;,
   3;403,435,434;,
   3;435,403,404;,
   3;404,405,435;,
   3;405,404,374;,
   3;405,437,436;,
   3;437,405,406;,
   3;406,438,437;,
   3;438,406,407;,
   3;407,439,438;,
   3;439,407,408;,
   3;408,440,439;,
   3;440,408,409;,
   3;409,441,440;,
   3;441,409,410;,
   3;410,442,441;,
   3;442,410,411;,
   3;411,443,442;,
   3;443,411,412;,
   3;412,444,443;,
   3;444,412,413;,
   3;413,445,444;,
   3;445,413,414;,
   3;414,446,445;,
   3;446,414,415;,
   3;415,447,446;,
   3;447,415,416;,
   3;417,447,416;,
   3;447,417,448;,
   3;417,449,448;,
   3;449,417,418;,
   3;418,450,449;,
   3;450,418,419;,
   3;419,451,450;,
   3;451,419,420;,
   3;453,932,421;,
   3;932,452,933;,
   3;453,452,932;,
   3;421,454,453;,
   3;454,421,422;,
   3;422,455,454;,
   3;455,422,423;,
   3;423,456,455;,
   3;456,423,424;,
   3;424,457,456;,
   3;457,424,425;,
   3;425,458,457;,
   3;458,425,426;,
   3;426,459,458;,
   3;459,426,427;,
   3;427,460,459;,
   3;460,427,428;,
   3;428,461,460;,
   3;461,428,429;,
   3;429,462,461;,
   3;462,429,430;,
   3;430,463,462;,
   3;463,430,431;,
   3;431,464,463;,
   3;464,431,432;,
   3;432,465,464;,
   3;465,432,433;,
   3;433,466,465;,
   3;466,433,434;,
   3;434,467,466;,
   3;467,434,435;,
   3;435,436,467;,
   3;436,435,405;,
   3;436,469,468;,
   3;469,436,437;,
   3;437,470,469;,
   3;470,437,438;,
   3;438,471,470;,
   3;471,438,439;,
   3;439,472,471;,
   3;472,439,440;,
   3;440,473,472;,
   3;473,440,441;,
   3;441,474,473;,
   3;474,441,442;,
   3;442,475,474;,
   3;475,442,443;,
   3;443,476,475;,
   3;476,443,444;,
   3;444,477,476;,
   3;477,444,445;,
   3;445,478,477;,
   3;478,445,446;,
   3;446,479,478;,
   3;479,446,447;,
   3;448,449,481;,
   3;449,482,481;,
   3;482,449,450;,
   3;450,551,482;,
   3;551,450,451;,
   3;451,483,551;,
   3;483,451,452;,
   3;452,552,483;,
   3;552,452,453;,
   3;454,552,453;,
   3;552,454,550;,
   3;484,454,455;,
   3;454,484,550;,
   3;455,456,484;,
   3;456,486,485;,
   3;486,456,457;,
   3;457,487,486;,
   3;487,457,458;,
   3;458,488,487;,
   3;488,458,459;,
   3;459,489,488;,
   3;489,459,460;,
   3;460,490,489;,
   3;490,460,461;,
   3;461,491,490;,
   3;491,461,462;,
   3;462,492,491;,
   3;492,462,463;,
   3;463,493,492;,
   3;493,463,464;,
   3;464,494,493;,
   3;494,464,465;,
   3;465,495,494;,
   3;495,465,466;,
   3;466,496,495;,
   3;496,466,467;,
   3;467,468,496;,
   3;468,467,436;,
   3;468,497,521;,
   3;497,468,469;,
   3;469,498,497;,
   3;498,469,470;,
   3;498,470,471;,
   3;471,499,498;,
   3;499,471,472;,
   3;499,472,473;,
   3;473,500,499;,
   3;500,473,474;,
   3;474,501,500;,
   3;501,474,475;,
   3;475,502,501;,
   3;502,475,476;,
   3;476,503,502;,
   3;503,476,477;,
   3;477,504,503;,
   3;504,477,478;,
   3;478,505,504;,
   3;505,478,479;,
   3;479,506,505;,
   3;506,479,480;,
   3;481,482,547;,
   3;509,552,550;,
   3;550,510,509;,
   3;510,550,484;,
   3;510,484,485;,
   3;485,511,510;,
   3;511,485,486;,
   3;486,512,511;,
   3;512,486,487;,
   3;487,513,512;,
   3;513,487,488;,
   3;488,514,513;,
   3;514,488,489;,
   3;489,515,514;,
   3;515,489,490;,
   3;490,516,515;,
   3;516,490,491;,
   3;491,517,516;,
   3;517,491,492;,
   3;492,518,517;,
   3;518,492,493;,
   3;493,519,518;,
   3;519,493,494;,
   3;494,520,519;,
   3;520,494,495;,
   3;495,521,520;,
   3;521,495,496;,
   3;521,496,468;,
   3;521,522,532;,
   3;522,521,497;,
   3;522,497,498;,
   3;523,498,499;,
   3;498,523,522;,
   3;499,524,523;,
   3;524,499,500;,
   3;524,500,501;,
   3;524,501,502;,
   3;502,525,524;,
   3;525,502,503;,
   3;525,503,504;,
   3;525,504,505;,
   3;505,526,525;,
   3;526,505,506;,
   3;526,506,507;,
   3;526,507,547;,
   3;547,527,526;,
   3;527,547,508;,
   3;527,508,509;,
   3;528,509,510;,
   3;509,528,527;,
   3;529,510,511;,
   3;510,529,528;,
   3;529,511,512;,
   3;512,530,529;,
   3;530,512,513;,
   3;530,513,514;,
   3;530,514,515;,
   3;515,531,530;,
   3;531,515,516;,
   3;531,516,517;,
   3;531,517,518;,
   3;518,532,531;,
   3;532,518,519;,
   3;532,519,520;,
   3;532,520,521;,
   3;533,522,523;,
   3;522,533,540;,
   3;523,534,533;,
   3;534,523,524;,
   3;534,524,525;,
   3;535,525,526;,
   3;525,535,534;,
   3;526,536,535;,
   3;536,526,527;,
   3;536,527,528;,
   3;537,528,529;,
   3;528,537,536;,
   3;529,538,537;,
   3;538,529,530;,
   3;538,530,531;,
   3;539,531,532;,
   3;531,539,538;,
   3;540,532,522;,
   3;532,540,539;,
   3;540,541,544;,
   3;541,540,533;,
   3;541,533,534;,
   3;542,534,535;,
   3;534,542,541;,
   3;542,535,536;,
   3;543,536,537;,
   3;536,543,542;,
   3;537,544,543;,
   3;544,537,538;,
   3;544,538,539;,
   3;544,539,540;,
   3;545,541,542;,
   3;545,542,543;,
   3;545,543,544;,
   3;545,544,541;,
   3;935,245,254;,
   3;245,935,253;,
   3;270,296,295;,
   3;253,271,270;,
   3;354,323,546;,
   3;323,354,353;,
   3;546,294,295;,
   3;294,546,323;,
   3;296,546,295;,
   3;384,353,354;,
   3;385,417,416;,
   3;416,384,385;,
   3;384,416,415;,
   3;448,481,480;,
   3;480,447,448;,
   3;447,480,479;,
   3;547,507,481;,
   3;481,506,480;,
   3;506,481,507;,
   3;482,508,547;,
   3;508,482,551;,
   3;246,254,245;,
   3;302,331,549;,
   3;331,302,332;,
   3;332,362,331;,
   3;362,332,363;,
   3;394,362,363;,
   3;423,393,424;,
   3;484,456,485;,
   3;509,483,552;,
   3;483,508,551;,
   3;508,483,509;,
   3;224,76,68;,
   3;228,230,229;,
   3;225,227,226;,
   3;225,224,227;,
   3;225,76,224;,
   3;224,68,219;,
   3;219,218,220;,
   3;219,87,218;,
   3;87,219,68;,
   3;218,87,216;,
   3;216,87,213;,
   3;213,87,211;,
   3;209,212,87;,
   3;212,209,208;,
   3;211,87,212;,
   3;209,87,205;,
   3;205,87,199;,
   3;91,199,87;,
   3;199,91,200;,
   3;200,91,195;,
   3;195,190,196;,
   3;190,91,191;,
   3;190,195,91;,
   3;191,91,192;,
   3;185,192,91;,
   3;192,185,182;,
   3;182,185,183;,
   3;183,185,184;,
   3;187,91,188;,
   3;188,91,189;,
   3;189,91,193;,
   3;193,91,194;,
   3;194,91,197;,
   3;197,95,204;,
   3;197,91,95;,
   3;204,201,203;,
   3;204,95,201;,
   3;197,204,198;,
   3;202,207,206;,
   3;83,201,95;,
   3;201,83,202;,
   3;207,83,210;,
   3;207,202,83;,
   3;210,83,214;,
   3;214,83,215;,
   3;215,83,217;,
   3;217,83,223;,
   3;223,83,221;,
   3;221,76,222;,
   3;76,221,83;,
   3;236,235,234;,
   3;222,76,236;,
   3;235,236,76;,
   3;235,76,233;,
   3;231,233,228;,
   3;233,231,232;,
   3;228,233,76;,
   3;566,94,567;,
   3;94,566,568;,
   3;590,589,108;,
   3;595,603,596;,
   3;603,595,78;,
   3;94,561,560;,
   3;614,613,612;,
   3;614,612,620;,
   3;612,613,616;,
   3;613,617,616;,
   3;618,613,614;,
   3;613,618,617;,
   3;614,619,618;,
   3;628,614,620;,
   3;614,628,619;,
   3;615,620,612;,
   3;615,621,631;,
   3;615,622,621;,
   3;622,615,616;,
   3;623,616,617;,
   3;616,623,622;,
   3;617,624,623;,
   3;617,625,624;,
   3;625,617,618;,
   3;626,618,619;,
   3;618,626,625;,
   3;627,619,628;,
   3;619,627,626;,
   3;629,628,620;,
   3;620,630,629;,
   3;620,918,630;,
   3;922,633,621;,
   3;621,634,922;,
   3;634,621,622;,
   3;622,635,634;,
   3;622,636,635;,
   3;622,637,636;,
   3;637,622,623;,
   3;623,638,637;,
   3;623,639,638;,
   3;623,640,639;,
   3;640,623,624;,
   3;624,641,640;,
   3;642,624,625;,
   3;624,642,641;,
   3;625,643,642;,
   3;625,644,643;,
   3;644,625,626;,
   3;626,645,644;,
   3;626,646,645;,
   3;626,647,646;,
   3;647,626,627;,
   3;627,648,647;,
   3;627,649,648;,
   3;627,650,649;,
   3;650,627,628;,
   3;628,651,650;,
   3;628,652,651;,
   3;656,630,918;,
   3;630,656,655;,
   3;983,656,918;,
   3;918,984,983;,
   3;990,631,632;,
   3;632,658,657;,
   3;658,632,633;,
   3;633,659,658;,
   3;659,633,922;,
   3;659,922,660;,
   3;634,660,922;,
   3;660,634,923;,
   3;634,661,923;,
   3;661,634,635;,
   3;635,662,661;,
   3;662,635,636;,
   3;636,663,662;,
   3;663,636,637;,
   3;637,664,663;,
   3;664,637,638;,
   3;638,665,664;,
   3;665,638,639;,
   3;639,666,665;,
   3;666,639,640;,
   3;640,667,666;,
   3;667,640,641;,
   3;641,668,667;,
   3;668,641,642;,
   3;642,669,668;,
   3;642,670,669;,
   3;670,642,643;,
   3;643,671,670;,
   3;643,672,671;,
   3;672,643,644;,
   3;644,673,672;,
   3;673,644,645;,
   3;645,674,673;,
   3;674,645,646;,
   3;646,675,674;,
   3;675,646,647;,
   3;647,676,675;,
   3;676,647,648;,
   3;648,677,676;,
   3;677,648,649;,
   3;649,678,677;,
   3;678,649,650;,
   3;650,679,678;,
   3;679,650,651;,
   3;680,710,917;,
   3;653,681,680;,
   3;681,653,654;,
   3;681,655,682;,
   3;655,681,654;,
   3;655,683,682;,
   3;683,655,656;,
   3;656,684,683;,
   3;684,656,983;,
   3;983,982,684;,
   3;632,657,996;,
   3;657,686,685;,
   3;686,657,658;,
   3;658,687,686;,
   3;687,658,659;,
   3;659,688,687;,
   3;688,659,660;,
   3;923,688,660;,
   3;688,923,689;,
   3;661,689,923;,
   3;689,661,690;,
   3;661,691,690;,
   3;691,661,662;,
   3;662,692,691;,
   3;692,662,663;,
   3;663,693,692;,
   3;693,663,664;,
   3;664,694,693;,
   3;694,664,665;,
   3;665,695,694;,
   3;695,665,666;,
   3;666,696,695;,
   3;696,666,667;,
   3;667,697,696;,
   3;697,667,668;,
   3;668,698,697;,
   3;698,668,669;,
   3;669,699,698;,
   3;699,669,670;,
   3;670,700,699;,
   3;700,670,671;,
   3;671,701,700;,
   3;701,671,672;,
   3;672,702,701;,
   3;702,672,673;,
   3;673,703,702;,
   3;703,673,674;,
   3;674,704,703;,
   3;704,674,675;,
   3;675,705,704;,
   3;705,675,676;,
   3;676,706,705;,
   3;706,676,677;,
   3;677,707,706;,
   3;707,677,678;,
   3;678,708,707;,
   3;708,678,679;,
   3;680,711,710;,
   3;711,680,681;,
   3;681,712,711;,
   3;712,681,682;,
   3;682,713,712;,
   3;713,682,683;,
   3;683,714,713;,
   3;714,683,684;,
   3;684,980,714;,
   3;980,684,982;,
   3;996,685,994;,
   3;685,996,657;,
   3;685,716,715;,
   3;716,685,686;,
   3;686,717,716;,
   3;717,686,687;,
   3;687,718,717;,
   3;718,687,688;,
   3;688,719,718;,
   3;719,688,689;,
   3;690,719,689;,
   3;719,690,720;,
   3;690,721,720;,
   3;721,690,691;,
   3;691,722,721;,
   3;722,691,692;,
   3;692,723,722;,
   3;723,692,693;,
   3;693,724,723;,
   3;724,693,694;,
   3;694,725,724;,
   3;725,694,695;,
   3;695,726,725;,
   3;726,695,696;,
   3;696,727,726;,
   3;727,696,697;,
   3;697,728,727;,
   3;728,697,698;,
   3;698,729,728;,
   3;729,698,699;,
   3;699,730,729;,
   3;730,699,700;,
   3;700,731,730;,
   3;731,700,701;,
   3;701,732,731;,
   3;732,701,702;,
   3;702,733,732;,
   3;733,702,703;,
   3;703,734,733;,
   3;734,703,704;,
   3;704,735,734;,
   3;735,704,705;,
   3;705,736,735;,
   3;736,705,706;,
   3;706,737,736;,
   3;737,706,707;,
   3;707,738,737;,
   3;738,707,708;,
   3;708,739,738;,
   3;739,708,709;,
   3;710,711,741;,
   3;711,742,741;,
   3;742,711,712;,
   3;712,743,742;,
   3;743,712,713;,
   3;713,744,743;,
   3;744,713,714;,
   3;714,745,744;,
   3;745,714,980;,
   3;745,980,981;,
   3;994,715,995;,
   3;715,994,685;,
   3;715,747,746;,
   3;747,715,716;,
   3;716,748,747;,
   3;748,716,717;,
   3;717,749,748;,
   3;749,717,718;,
   3;718,719,749;,
   3;720,750,719;,
   3;750,720,751;,
   3;720,752,751;,
   3;752,720,721;,
   3;721,753,752;,
   3;753,721,722;,
   3;722,754,753;,
   3;754,722,723;,
   3;723,755,754;,
   3;755,723,724;,
   3;724,756,755;,
   3;756,724,725;,
   3;725,757,756;,
   3;757,725,726;,
   3;726,758,757;,
   3;758,726,727;,
   3;727,759,758;,
   3;759,727,728;,
   3;728,760,759;,
   3;760,728,729;,
   3;729,761,760;,
   3;761,729,730;,
   3;730,762,761;,
   3;762,730,731;,
   3;731,763,762;,
   3;763,731,732;,
   3;732,764,763;,
   3;764,732,733;,
   3;733,765,764;,
   3;765,733,734;,
   3;734,766,765;,
   3;766,734,735;,
   3;735,767,766;,
   3;767,735,736;,
   3;736,768,767;,
   3;768,736,737;,
   3;737,769,768;,
   3;769,737,738;,
   3;738,770,769;,
   3;770,738,739;,
   3;739,771,770;,
   3;771,739,740;,
   3;742,773,772;,
   3;773,742,743;,
   3;743,774,773;,
   3;774,743,744;,
   3;744,775,774;,
   3;775,744,745;,
   3;995,746,776;,
   3;746,995,715;,
   3;746,778,777;,
   3;778,746,747;,
   3;747,779,778;,
   3;779,747,748;,
   3;748,749,779;,
   3;749,781,780;,
   3;781,749,750;,
   3;750,782,781;,
   3;782,750,751;,
   3;751,783,782;,
   3;783,751,752;,
   3;752,784,783;,
   3;784,752,753;,
   3;753,785,784;,
   3;785,753,754;,
   3;754,786,785;,
   3;786,754,755;,
   3;755,787,786;,
   3;787,755,756;,
   3;756,788,787;,
   3;788,756,757;,
   3;757,789,788;,
   3;789,757,758;,
   3;758,790,789;,
   3;790,758,759;,
   3;759,791,790;,
   3;791,759,760;,
   3;760,792,791;,
   3;792,760,761;,
   3;761,793,792;,
   3;793,761,762;,
   3;762,794,793;,
   3;794,762,763;,
   3;763,795,794;,
   3;795,763,764;,
   3;764,796,795;,
   3;796,764,765;,
   3;765,797,796;,
   3;797,765,766;,
   3;766,798,797;,
   3;798,766,767;,
   3;767,799,798;,
   3;799,767,768;,
   3;768,800,799;,
   3;800,768,769;,
   3;769,801,800;,
   3;801,769,770;,
   3;770,802,801;,
   3;802,770,771;,
   3;771,803,802;,
   3;803,771,919;,
   3;772,804,919;,
   3;772,805,804;,
   3;805,772,773;,
   3;773,806,805;,
   3;806,773,774;,
   3;774,807,806;,
   3;807,774,775;,
   3;807,987,986;,
   3;987,807,775;,
   3;776,777,808;,
   3;777,776,746;,
   3;777,810,809;,
   3;810,777,778;,
   3;779,812,811;,
   3;812,779,780;,
   3;780,813,812;,
   3;813,780,781;,
   3;781,814,813;,
   3;814,781,782;,
   3;782,815,814;,
   3;815,782,783;,
   3;783,816,815;,
   3;816,783,784;,
   3;784,817,816;,
   3;817,784,785;,
   3;785,818,817;,
   3;818,785,786;,
   3;786,819,818;,
   3;819,786,787;,
   3;787,820,819;,
   3;820,787,788;,
   3;788,821,820;,
   3;821,788,789;,
   3;789,822,821;,
   3;822,789,790;,
   3;790,823,822;,
   3;823,790,791;,
   3;791,824,823;,
   3;824,791,792;,
   3;792,825,824;,
   3;825,792,793;,
   3;793,826,825;,
   3;826,793,794;,
   3;794,827,826;,
   3;827,794,795;,
   3;795,828,827;,
   3;828,795,796;,
   3;796,829,828;,
   3;829,796,797;,
   3;797,830,829;,
   3;830,797,798;,
   3;798,831,830;,
   3;831,798,799;,
   3;799,832,831;,
   3;832,799,800;,
   3;800,833,832;,
   3;833,800,801;,
   3;801,834,833;,
   3;834,801,802;,
   3;802,835,834;,
   3;835,802,803;,
   3;804,805,837;,
   3;805,838,837;,
   3;838,805,806;,
   3;806,839,838;,
   3;839,806,807;,
   3;989,808,840;,
   3;808,989,991;,
   3;808,809,840;,
   3;809,808,777;,
   3;809,810,920;,
   3;811,841,810;,
   3;841,811,842;,
   3;811,843,842;,
   3;843,811,812;,
   3;812,844,843;,
   3;844,812,813;,
   3;813,845,844;,
   3;845,813,814;,
   3;814,846,845;,
   3;846,814,815;,
   3;815,847,846;,
   3;847,815,816;,
   3;816,848,847;,
   3;848,816,817;,
   3;817,849,848;,
   3;849,817,818;,
   3;818,850,849;,
   3;850,818,819;,
   3;819,851,850;,
   3;851,819,820;,
   3;820,852,851;,
   3;852,820,821;,
   3;821,853,852;,
   3;853,821,822;,
   3;822,854,853;,
   3;854,822,823;,
   3;823,855,854;,
   3;855,823,824;,
   3;824,856,855;,
   3;856,824,825;,
   3;825,857,856;,
   3;857,825,826;,
   3;826,858,857;,
   3;858,826,827;,
   3;827,859,858;,
   3;859,827,828;,
   3;828,860,859;,
   3;860,828,829;,
   3;829,861,860;,
   3;861,829,830;,
   3;830,862,861;,
   3;862,830,831;,
   3;831,863,862;,
   3;863,831,832;,
   3;832,864,863;,
   3;864,832,833;,
   3;833,865,864;,
   3;865,833,834;,
   3;834,866,865;,
   3;866,834,835;,
   3;835,867,866;,
   3;867,835,836;,
   3;837,838,869;,
   3;838,921,869;,
   3;921,838,839;,
   3;839,870,921;,
   3;870,839,840;,
   3;809,870,840;,
   3;870,809,920;,
   3;871,920,841;,
   3;920,895,870;,
   3;871,895,920;,
   3;841,872,871;,
   3;872,841,842;,
   3;872,842,843;,
   3;843,873,872;,
   3;873,843,844;,
   3;873,844,845;,
   3;845,874,873;,
   3;874,845,846;,
   3;846,875,874;,
   3;875,846,847;,
   3;847,876,875;,
   3;876,847,848;,
   3;848,877,876;,
   3;877,848,849;,
   3;849,878,877;,
   3;878,849,850;,
   3;850,879,878;,
   3;879,850,851;,
   3;851,880,879;,
   3;880,851,852;,
   3;852,881,880;,
   3;881,852,853;,
   3;853,882,881;,
   3;882,853,854;,
   3;854,883,882;,
   3;883,854,855;,
   3;883,855,856;,
   3;856,884,883;,
   3;884,856,857;,
   3;884,857,858;,
   3;858,885,884;,
   3;885,858,859;,
   3;885,859,860;,
   3;860,886,885;,
   3;886,860,861;,
   3;861,887,886;,
   3;887,861,862;,
   3;862,888,887;,
   3;888,862,863;,
   3;863,889,888;,
   3;889,863,864;,
   3;864,890,889;,
   3;890,864,865;,
   3;865,891,890;,
   3;891,865,866;,
   3;866,892,891;,
   3;892,866,867;,
   3;867,893,892;,
   3;893,867,868;,
   3;896,871,872;,
   3;897,872,873;,
   3;872,897,896;,
   3;873,898,897;,
   3;898,873,874;,
   3;898,874,875;,
   3;898,875,876;,
   3;876,899,898;,
   3;899,876,877;,
   3;899,877,878;,
   3;899,878,879;,
   3;879,900,899;,
   3;900,879,880;,
   3;900,880,881;,
   3;900,881,882;,
   3;882,901,900;,
   3;901,882,883;,
   3;901,883,884;,
   3;902,884,885;,
   3;884,902,901;,
   3;885,903,902;,
   3;903,885,886;,
   3;903,886,887;,
   3;903,887,888;,
   3;888,911,903;,
   3;911,888,889;,
   3;911,889,890;,
   3;911,890,891;,
   3;891,904,911;,
   3;904,891,892;,
   3;904,892,893;,
   3;904,893,894;,
   3;905,894,895;,
   3;894,905,904;,
   3;895,896,905;,
   3;896,895,871;,
   3;906,896,897;,
   3;907,897,898;,
   3;897,907,906;,
   3;898,908,907;,
   3;908,898,899;,
   3;908,899,900;,
   3;909,900,901;,
   3;900,909,908;,
   3;909,901,902;,
   3;910,902,903;,
   3;902,910,909;,
   3;903,911,910;,
   3;912,904,905;,
   3;904,912,911;,
   3;905,906,912;,
   3;906,905,896;,
   3;913,906,907;,
   3;906,913,915;,
   3;913,907,908;,
   3;908,914,913;,
   3;914,908,909;,
   3;914,909,910;,
   3;910,915,914;,
   3;915,910,911;,
   3;915,911,912;,
   3;915,912,906;,
   3;916,915,913;,
   3;916,913,914;,
   3;916,914,915;,
   3;653,628,629;,
   3;628,653,652;,
   3;655,654,630;,
   3;629,654,653;,
   3;654,629,630;,
   3;679,652,917;,
   3;652,679,651;,
   3;917,710,709;,
   3;709,679,917;,
   3;679,709,708;,
   3;710,741,740;,
   3;710,739,709;,
   3;739,710,740;,
   3;919,740,741;,
   3;740,919,771;,
   3;653,917,652;,
   3;620,631,918;,
   3;631,620,615;,
   3;632,621,633;,
   3;621,632,631;,
   3;803,919,804;,
   3;804,837,836;,
   3;835,804,836;,
   3;804,835,803;,
   3;841,920,810;,
   3;837,869,868;,
   3;837,867,836;,
   3;867,837,868;,
   3;921,894,869;,
   3;869,893,868;,
   3;893,869,894;,
   3;870,894,921;,
   3;894,870,895;,
   3;742,919,741;,
   3;919,742,772;,
   3;749,719,750;,
   3;779,749,780;,
   3;778,811,810;,
   3;811,778,779;,
   3;567,94,569;,
   3;569,94,553;,
   3;553,94,554;,
   3;554,94,555;,
   3;555,94,556;,
   3;556,94,557;,
   3;557,94,558;,
   3;94,559,558;,
   3;559,94,560;,
   3;108,581,590;,
   3;581,108,582;,
   3;590,581,924;,
   3;579,582,108;,
   3;582,579,580;,
   3;579,108,577;,
   3;577,93,576;,
   3;108,93,577;,
   3;93,108,97;,
   3;576,93,572;,
   3;572,93,573;,
   3;573,93,563;,
   3;563,93,564;,
   3;564,93,565;,
   3;93,568,565;,
   3;568,93,94;,
   3;590,924,586;,
   3;586,925,590;,
   3;925,586,585;,
   3;599,78,86;,
   3;600,78,601;,
   3;78,602,603;,
   3;600,602,78;,
   3;78,607,601;,
   3;607,78,608;,
   3;608,78,611;,
   3;611,78,610;,
   3;610,78,609;,
   3;609,78,606;,
   3;606,78,604;,
   3;78,605,604;,
   3;605,78,599;,
   3;599,86,598;,
   3;598,86,593;,
   3;587,593,86;,
   3;593,587,594;,
   3;587,589,588;,
   3;587,108,589;,
   3;587,86,108;,
   3;561,94,562;,
   3;562,94,570;,
   3;570,94,571;,
   3;571,94,574;,
   3;574,94,575;,
   3;575,90,578;,
   3;575,94,90;,
   3;578,90,584;,
   3;584,90,583;,
   3;78,583,90;,
   3;583,78,591;,
   3;591,78,592;,
   3;592,78,597;,
   3;597,78,595;,
   3;452,934,933;,
   3;942,943,944;,
   3;942,944,945;,
   3;947,942,946;,
   3;948,942,947;,
   3;942,949,943;,
   3;949,942,948;,
   3;926,943,949;,
   3;927,943,926;,
   3;943,928,944;,
   3;928,943,927;,
   3;929,944,928;,
   3;950,944,929;,
   3;944,951,945;,
   3;951,944,950;,
   3;952,945,951;,
   3;953,945,952;,
   3;945,946,942;,
   3;946,945,953;,
   3;946,957,947;,
   3;957,946,956;,
   3;947,958,948;,
   3;958,947,957;,
   3;948,954,949;,
   3;954,948,958;,
   3;950,959,951;,
   3;959,950,955;,
   3;951,960,952;,
   3;960,951,959;,
   3;953,952,960;,
   3;956,953,961;,
   3;953,956,946;,
   3;953,967,961;,
   3;956,963,957;,
   3;963,956,962;,
   3;957,964,958;,
   3;964,957,963;,
   3;966,934,965;,
   3;934,966,959;,
   3;959,967,960;,
   3;967,959,966;,
   3;961,962,956;,
   3;962,969,963;,
   3;969,962,968;,
   3;963,970,964;,
   3;970,963,969;,
   3;964,971,936;,
   3;971,964,970;,
   3;972,937,941;,
   3;937,972,965;,
   3;965,973,966;,
   3;973,965,972;,
   3;966,974,967;,
   3;974,966,973;,
   3;967,975,961;,
   3;975,967,974;,
   3;961,968,962;,
   3;968,961,975;,
   3;968,976,969;,
   3;969,976,970;,
   3;970,977,971;,
   3;977,970,976;,
   3;971,977,938;,
   3;938,977,939;,
   3;939,978,940;,
   3;978,939,977;,
   3;940,978,941;,
   3;941,978,972;,
   3;972,978,973;,
   3;973,979,974;,
   3;979,973,978;,
   3;974,979,975;,
   3;975,976,968;,
   3;976,975,979;,
   3;977,976,978;,
   3;978,976,979;,
   3;954,935,930;,
   3;935,954,958;,
   3;954,931,926;,
   3;931,954,930;,
   3;938,936,971;,
   3;926,949,954;,
   3;929,955,950;,
   3;959,933,934;,
   3;933,959,955;,
   3;937,965,934;,
   3;932,955,929;,
   3;955,932,933;,
   3;926,273,299;,
   3;328,926,299;,
   3;926,328,927;,
   3;359,927,328;,
   3;927,359,928;,
   3;421,929,390;,
   3;929,421,932;,
   3;935,272,930;,
   3;930,272,931;,
   3;451,934,452;,
   3;451,937,934;,
   3;937,451,420;,
   3;389,937,420;,
   3;937,389,941;,
   3;936,958,964;,
   3;958,936,935;,
   3;981,775,745;,
   3;775,981,988;,
   3;992,776,808;,
   3;776,992,993;,
   3;995,776,993;,
   3;632,996,990;,
   3;997,998,999;,
   3;997,999,1000;,
   3;980,997,1001;,
   3;982,997,980;,
   3;997,1002,998;,
   3;1002,997,982;,
   3;1003,998,1002;,
   3;1004,998,1003;,
   3;998,1005,999;,
   3;1005,998,1004;,
   3;1006,999,1005;,
   3;1007,999,1006;,
   3;999,1008,1000;,
   3;1008,999,1007;,
   3;1009,1000,1008;,
   3;1010,1000,1009;,
   3;1000,1001,997;,
   3;1001,1000,1010;,
   3;1011,982,983;,
   3;982,1011,1002;,
   3;1002,1012,1003;,
   3;1012,1002,1011;,
   3;1003,1013,1004;,
   3;1013,1003,1012;,
   3;1004,1014,1005;,
   3;1014,1004,1013;,
   3;1005,1015,1006;,
   3;1015,1005,1014;,
   3;1006,1016,1007;,
   3;1016,1006,1015;,
   3;1007,1017,1008;,
   3;1017,1007,1016;,
   3;1008,1018,1009;,
   3;1018,1008,1017;,
   3;1009,987,1010;,
   3;987,1009,1018;,
   3;984,1012,1011;,
   3;1012,984,985;,
   3;985,1019,1012;,
   3;985,990,1019;,
   3;1012,1020,1013;,
   3;1020,1012,1019;,
   3;1013,1021,1014;,
   3;1021,1013,1020;,
   3;1014,1022,1015;,
   3;1022,1014,1021;,
   3;1015,1023,1016;,
   3;1023,1015,1022;,
   3;1016,1024,1017;,
   3;1024,1016,1023;,
   3;1017,1025,1018;,
   3;1025,1017,1024;,
   3;990,1030,1019;,
   3;1030,990,1029;,
   3;1019,1031,1020;,
   3;1031,1019,1030;,
   3;1020,1032,1021;,
   3;1032,1020,1031;,
   3;1021,1033,1022;,
   3;1033,1021,1032;,
   3;1022,1034,1023;,
   3;1034,1022,1033;,
   3;1023,1035,1024;,
   3;1035,1023,1034;,
   3;1024,1036,1025;,
   3;1036,1024,1035;,
   3;1025,1037,992;,
   3;1037,1025,1036;,
   3;1026,1038,1027;,
   3;1027,1038,1028;,
   3;1028,1039,1029;,
   3;1039,1028,1038;,
   3;1029,1039,1030;,
   3;1030,1039,1031;,
   3;1031,1040,1032;,
   3;1040,1031,1039;,
   3;1032,1040,1033;,
   3;1033,1040,1034;,
   3;1034,1041,1035;,
   3;1041,1034,1040;,
   3;1035,1041,1036;,
   3;1036,1041,1037;,
   3;1037,1038,1026;,
   3;1038,1037,1041;,
   3;1039,1038,1040;,
   3;1040,1038,1041;,
   3;1011,983,984;,
   3;996,1027,1028;,
   3;996,994,1027;,
   3;996,1029,990;,
   3;996,1028,1029;,
   3;981,980,1001;,
   3;988,1010,987;,
   3;988,1001,1010;,
   3;988,981,1001;,
   3;993,992,995;,
   3;1026,994,995;,
   3;994,1026,1027;,
   3;1018,986,987;,
   3;986,1018,989;,
   3;992,1018,1025;,
   3;1018,991,989;,
   3;992,991,1018;,
   3;31,122,38;,
   3;122,31,123;,
   3;238,243,242;,
   3;612,616,615;,
   3;985,631,990;,
   3;985,918,631;,
   3;984,918,985;,
   3;680,917,653;,
   3;987,775,988;,
   3;807,989,839;,
   3;989,807,986;,
   3;989,840,839;,
   3;967,953,960;,
   3;992,808,991;,
   3;992,1026,995;,
   3;1026,992,1037;,
   3;1043,1042,80;,
   3;1050,86,78;,
   3;1050,1047,86;,
   3;1047,1048,82;,
   3;1050,1048,1047;,
   3;1050,75,1048;,
   3;80,81,1043;,
   3;81,105,82;,
   3;1043,75,74;,
   3;1048,75,1043;,
   3;1044,1045,79;,
   3;105,1047,82;,
   3;1042,1045,80;,
   3;1045,1046,79;,
   3;1042,1046,1045;,
   3;1042,72,1046;,
   3;1042,73,72;,
   3;82,1043,81;,
   3;82,1048,1043;,
   3;1049,68,76;,
   3;1049,72,68;,
   3;1044,100,98;,
   3;1044,83,100;,
   3;79,83,1044;,
   3;1049,1046,72;,
   3;1046,83,79;,
   3;1049,83,1046;,
   3;1049,76,83;,
   3;1050,67,75;,
   3;1050,71,67;,
   3;1050,78,71;,
   3;1082,1051,1054;,
   3;1054,1051,1055;,
   3;1055,1057,1056;,
   3;1057,1055,1051;,
   3;1051,1058,1057;,
   3;1058,1051,1052;,
   3;1052,1059,1058;,
   3;1059,1052,1053;,
   3;1061,1066,1062;,
   3;1066,1061,1065;,
   3;1062,1067,1063;,
   3;1067,1062,1066;,
   3;1064,1069,1065;,
   3;1069,1064,1068;,
   3;1065,1070,1066;,
   3;1070,1065,1069;,
   3;1066,1071,1067;,
   3;1071,1066,1070;,
   3;1069,1074,1070;,
   3;1074,1069,1073;,
   3;1070,1075,1071;,
   3;1075,1070,1074;,
   3;1082,1087,1083;,
   3;1087,1082,1086;,
   3;1083,1088,1084;,
   3;1088,1083,1087;,
   3;1084,1089,1085;,
   3;1089,1084,1088;,
   3;1108,1113,1109;,
   3;1113,1108,1112;,
   3;1115,1111,1110;,
   3;1093,1096,1092;,
   3;1096,1093,1097;,
   3;1092,1095,1091;,
   3;1095,1092,1096;,
   3;1091,1094,1056;,
   3;1094,1091,1095;,
   3;1055,1064,1054;,
   3;1064,1055,1068;,
   3;1054,1060,1082;,
   3;1060,1054,1064;,
   3;1067,1078,1063;,
   3;1078,1067,1079;,
   3;1071,1079,1067;,
   3;1079,1071,1080;,
   3;1075,1080,1071;,
   3;1080,1075,1081;,
   3;1085,1089,1090;,
   3;1093,1099,1097;,
   3;1082,1083,1051;,
   3;1051,1084,1052;,
   3;1084,1051,1083;,
   3;1052,1085,1053;,
   3;1085,1052,1084;,
   3;1062,1087,1061;,
   3;1087,1062,1088;,
   3;1063,1088,1062;,
   3;1088,1063,1089;,
   3;1082,1060,1086;,
   3;1076,1089,1078;,
   3;1089,1076,1090;,
   3;1053,1090,1076;,
   3;1090,1053,1085;,
   3;1078,1089,1063;,
   3;1056,1057,1091;,
   3;1058,1091,1057;,
   3;1091,1058,1092;,
   3;1059,1092,1058;,
   3;1092,1059,1093;,
   3;1073,1096,1074;,
   3;1096,1073,1095;,
   3;1074,1097,1075;,
   3;1097,1074,1096;,
   3;1081,1098,1077;,
   3;1098,1081,1099;,
   3;1056,1094,1072;,
   3;1077,1093,1059;,
   3;1093,1077,1098;,
   3;1075,1099,1081;,
   3;1099,1075,1097;,
   3;1106,1079,1080;,
   3;1105,1079,1106;,
   3;1077,1102,1103;,
   3;1077,1107,1081;,
   3;1107,1077,1103;,
   3;1220,1112,1108;,
   3;1217,1218,1104;,
   3;1112,1218,1217;,
   3;1220,1218,1112;,
   3;1220,1100,1218;,
   3;1114,1105,1106;,
   3;1111,1219,1110;,
   3;1114,1107,1115;,
   3;1114,1106,1107;,
   3;1099,1093,1098;,
   3;1105,1078,1079;,
   3;1106,1081,1107;,
   3;1120,1116,1119;,
   3;1116,1120,1118;,
   3;1121,1118,1120;,
   3;1118,1121,1117;,
   3;1119,1117,1121;,
   3;1117,1119,1116;,
   3;1119,1121,1120;,
   3;1064,1117,1116;,
   3;1117,1064,1065;,
   3;1116,1060,1064;,
   3;1060,1116,1118;,
   3;1118,1131,1122;,
   3;1136,1137,1128;,
   3;1126,1128,1137;,
   3;1128,1126,1127;,
   3;1129,1130,1127;,
   3;1128,1127,1130;,
   3;1128,1130,1129;,
   3;1133,1138,1134;,
   3;1138,1127,1124;,
   3;1138,1129,1127;,
   3;1133,1129,1138;,
   3;1133,1131,1132;,
   3;1131,1133,1135;,
   3;1118,1122,1060;,
   3;1136,1118,1137;,
   3;1131,1118,1136;,
   3;1117,1137,1118;,
   3;1124,1061,1138;,
   3;1061,1126,1065;,
   3;1124,1126,1061;,
   3;1138,1140,1125;,
   3;1140,1138,1141;,
   3;1123,1087,1086;,
   3;1086,1122,1123;,
   3;1122,1086,1060;,
   3;1132,1128,1129;,
   3;1132,1136,1128;,
   3;1132,1131,1136;,
   3;1132,1129,1133;,
   3;1124,1127,1126;,
   3;1148,1144,1147;,
   3;1144,1148,1145;,
   3;1151,1145,1148;,
   3;1145,1151,1150;,
   3;1148,1149,1146;,
   3;1147,1146,1149;,
   3;1146,1147,1144;,
   3;1147,1149,1148;,
   3;1141,1138,1143;,
   3;1143,1061,1142;,
   3;1143,1138,1061;,
   3;1139,1087,1123;,
   3;1140,1123,1125;,
   3;1123,1140,1139;,
   3;1146,1152,1153;,
   3;1152,1146,1144;,
   3;1150,1151,1158;,
   3;1161,1151,1160;,
   3;1151,1161,1158;,
   3;1162,1158,1161;,
   3;1158,1162,1159;,
   3;1160,1159,1162;,
   3;1159,1160,1151;,
   3;1159,1157,1158;,
   3;1160,1162,1161;,
   3;1157,1153,1152;,
   3;1153,1157,1159;,
   3;1146,1151,1148;,
   3;1151,1146,1153;,
   3;1144,1150,1152;,
   3;1150,1144,1145;,
   3;1154,1087,1139;,
   3;1061,1154,1156;,
   3;1154,1061,1087;,
   3;1155,1139,1142;,
   3;1139,1155,1154;,
   3;1155,1142,1156;,
   3;1150,1157,1152;,
   3;1157,1150,1158;,
   3;1153,1159,1151;,
   3;1171,1172,1169;,
   3;1172,1173,1170;,
   3;1174,1170,1173;,
   3;1172,1174,1173;,
   3;1172,1170,1169;,
   3;1170,1174,1171;,
   3;1174,1172,1171;,
   3;1170,1171,1169;,
   3;1156,1142,1061;,
   3;1163,1068,1164;,
   3;1068,1163,1069;,
   3;1164,1068,1072;,
   3;1072,1168,1164;,
   3;1165,1072,1068;,
   3;1167,1072,1165;,
   3;1068,1166,1165;,
   3;1166,1068,1055;,
   3;1166,1056,1167;,
   3;1056,1166,1055;,
   3;1185,1181,1184;,
   3;1181,1185,1182;,
   3;1186,1182,1185;,
   3;1182,1186,1183;,
   3;1184,1183,1186;,
   3;1183,1184,1181;,
   3;1183,1181,1182;,
   3;1184,1186,1185;,
   3;1072,1180,1168;,
   3;1180,1072,1177;,
   3;1177,1188,1178;,
   3;1177,1072,1189;,
   3;1167,1056,1072;,
   3;1175,1168,1176;,
   3;1175,1163,1168;,
   3;1175,1069,1163;,
   3;1176,1168,1180;,
   3;1072,1190,1194;,
   3;1190,1072,1094;,
   3;1192,1191,1073;,
   3;1195,1198,1196;,
   3;1203,1196,1198;,
   3;1196,1203,1202;,
   3;1199,1200,1198;,
   3;1201,1198,1200;,
   3;1199,1201,1200;,
   3;1199,1198,1195;,
   3;1197,1198,1201;,
   3;1197,1199,1195;,
   3;1199,1197,1201;,
   3;1189,1072,1194;,
   3;1179,1069,1175;,
   3;1069,1188,1187;,
   3;1179,1188,1069;,
   3;1179,1178,1188;,
   3;1190,1073,1191;,
   3;1073,1190,1095;,
   3;1190,1094,1095;,
   3;1197,1204,1205;,
   3;1204,1197,1195;,
   3;1073,1206,1209;,
   3;1206,1073,1069;,
   3;1210,1192,1208;,
   3;1192,1210,1193;,
   3;1202,1203,1212;,
   3;1215,1203,1214;,
   3;1203,1215,1212;,
   3;1216,1212,1215;,
   3;1212,1216,1213;,
   3;1214,1213,1216;,
   3;1213,1214,1203;,
   3;1213,1211,1212;,
   3;1214,1216,1215;,
   3;1211,1205,1204;,
   3;1205,1211,1213;,
   3;1203,1198,1197;,
   3;1203,1197,1205;,
   3;1195,1202,1204;,
   3;1202,1195,1196;,
   3;1193,1069,1187;,
   3;1193,1206,1069;,
   3;1193,1207,1206;,
   3;1207,1193,1210;,
   3;1208,1073,1209;,
   3;1208,1192,1073;,
   3;1202,1211,1204;,
   3;1211,1202,1212;,
   3;1205,1213,1203;,
   3;1117,1126,1137;,
   3;1126,1117,1065;,
   3;1177,1189,1188;,
   3;1105,1114,1113;,
   3;1218,1078,1104;,
   3;1218,1076,1078;,
   3;1218,1100,1076;,
   3;1078,1105,1104;,
   3;1217,1113,1112;,
   3;1217,1105,1113;,
   3;1104,1105,1217;,
   3;1114,1109,1113;,
   3;1114,1110,1109;,
   3;1080,1081,1106;,
   3;1076,1059,1053;,
   3;1076,1077,1059;,
   3;1219,1103,1102;,
   3;1103,1219,1111;,
   3;1219,1109,1110;,
   3;1109,1102,1101;,
   3;1219,1102,1109;,
   3;1111,1107,1103;,
   3;1111,1115,1107;,
   3;1115,1110,1114;,
   3;1076,1100,1101;,
   3;1076,1101,1102;,
   3;1109,1220,1108;,
   3;1101,1220,1109;,
   3;1100,1220,1101;,
   3;1076,1102,1077;;
  MeshMaterialList {
   1;
   2233;
   0,
   0,
   0,
   0,
   0,
   0,
   0,
   0,
   0,
   0,
   0,
   0,
   0,
   0,
   0,
   0,
   0,
   0,
   0,
   0,
   0,
   0,
   0,
   0,
   0,
   0,
   0,
   0,
   0,
   0,
   0,
   0,
   0,
   0,
   0,
   0,
   0,
   0,
   0,
   0,
   0,
   0,
   0,
   0,
   0,
   0,
   0,
   0,
   0,
   0,
   0,
   0,
   0,
   0,
   0,
   0,
   0,
   0,
   0,
   0,
   0,
   0,
   0,
   0,
   0,
   0,
   0,
   0,
   0,
   0,
   0,
   0,
   0,
   0,
   0,
   0,
   0,
   0,
   0,
   0,
   0,
   0,
   0,
   0,
   0,
   0,
   0,
   0,
   0,
   0,
   0,
   0,
   0,
   0,
   0,
   0,
   0,
   0,
   0,
   0,
   0,
   0,
   0,
   0,
   0,
   0,
   0,
   0,
   0,
   0,
   0,
   0,
   0,
   0,
   0,
   0,
   0,
   0,
   0,
   0,
   0,
   0,
   0,
   0,
   0,
   0,
   0,
   0,
   0,
   0,
   0,
   0,
   0,
   0,
   0,
   0,
   0,
   0,
   0,
   0,
   0,
   0,
   0,
   0,
   0,
   0,
   0,
   0,
   0,
   0,
   0,
   0,
   0,
   0,
   0,
   0,
   0,
   0,
   0,
   0,
   0,
   0,
   0,
   0,
   0,
   0,
   0,
   0,
   0,
   0,
   0,
   0,
   0,
   0,
   0,
   0,
   0,
   0,
   0,
   0,
   0,
   0,
   0,
   0,
   0,
   0,
   0,
   0,
   0,
   0,
   0,
   0,
   0,
   0,
   0,
   0,
   0,
   0,
   0,
   0,
   0,
   0,
   0,
   0,
   0,
   0,
   0,
   0,
   0,
   0,
   0,
   0,
   0,
   0,
   0,
   0,
   0,
   0,
   0,
   0,
   0,
   0,
   0,
   0,
   0,
   0,
   0,
   0,
   0,
   0,
   0,
   0,
   0,
   0,
   0,
   0,
   0,
   0,
   0,
   0,
   0,
   0,
   0,
   0,
   0,
   0,
   0,
   0,
   0,
   0,
   0,
   0,
   0,
   0,
   0,
   0,
   0,
   0,
   0,
   0,
   0,
   0,
   0,
   0,
   0,
   0,
   0,
   0,
   0,
   0,
   0,
   0,
   0,
   0,
   0,
   0,
   0,
   0,
   0,
   0,
   0,
   0,
   0,
   0,
   0,
   0,
   0,
   0,
   0,
   0,
   0,
   0,
   0,
   0,
   0,
   0,
   0,
   0,
   0,
   0,
   0,
   0,
   0,
   0,
   0,
   0,
   0,
   0,
   0,
   0,
   0,
   0,
   0,
   0,
   0,
   0,
   0,
   0,
   0,
   0,
   0,
   0,
   0,
   0,
   0,
   0,
   0,
   0,
   0,
   0,
   0,
   0,
   0,
   0,
   0,
   0,
   0,
   0,
   0,
   0,
   0,
   0,
   0,
   0,
   0,
   0,
   0,
   0,
   0,
   0,
   0,
   0,
   0,
   0,
   0,
   0,
   0,
   0,
   0,
   0,
   0,
   0,
   0,
   0,
   0,
   0,
   0,
   0,
   0,
   0,
   0,
   0,
   0,
   0,
   0,
   0,
   0,
   0,
   0,
   0,
   0,
   0,
   0,
   0,
   0,
   0,
   0,
   0,
   0,
   0,
   0,
   0,
   0,
   0,
   0,
   0,
   0,
   0,
   0,
   0,
   0,
   0,
   0,
   0,
   0,
   0,
   0,
   0,
   0,
   0,
   0,
   0,
   0,
   0,
   0,
   0,
   0,
   0,
   0,
   0,
   0,
   0,
   0,
   0,
   0,
   0,
   0,
   0,
   0,
   0,
   0,
   0,
   0,
   0,
   0,
   0,
   0,
   0,
   0,
   0,
   0,
   0,
   0,
   0,
   0,
   0,
   0,
   0,
   0,
   0,
   0,
   0,
   0,
   0,
   0,
   0,
   0,
   0,
   0,
   0,
   0,
   0,
   0,
   0,
   0,
   0,
   0,
   0,
   0,
   0,
   0,
   0,
   0,
   0,
   0,
   0,
   0,
   0,
   0,
   0,
   0,
   0,
   0,
   0,
   0,
   0,
   0,
   0,
   0,
   0,
   0,
   0,
   0,
   0,
   0,
   0,
   0,
   0,
   0,
   0,
   0,
   0,
   0,
   0,
   0,
   0,
   0,
   0,
   0,
   0,
   0,
   0,
   0,
   0,
   0,
   0,
   0,
   0,
   0,
   0,
   0,
   0,
   0,
   0,
   0,
   0,
   0,
   0,
   0,
   0,
   0,
   0,
   0,
   0,
   0,
   0,
   0,
   0,
   0,
   0,
   0,
   0,
   0,
   0,
   0,
   0,
   0,
   0,
   0,
   0,
   0,
   0,
   0,
   0,
   0,
   0,
   0,
   0,
   0,
   0,
   0,
   0,
   0,
   0,
   0,
   0,
   0,
   0,
   0,
   0,
   0,
   0,
   0,
   0,
   0,
   0,
   0,
   0,
   0,
   0,
   0,
   0,
   0,
   0,
   0,
   0,
   0,
   0,
   0,
   0,
   0,
   0,
   0,
   0,
   0,
   0,
   0,
   0,
   0,
   0,
   0,
   0,
   0,
   0,
   0,
   0,
   0,
   0,
   0,
   0,
   0,
   0,
   0,
   0,
   0,
   0,
   0,
   0,
   0,
   0,
   0,
   0,
   0,
   0,
   0,
   0,
   0,
   0,
   0,
   0,
   0,
   0,
   0,
   0,
   0,
   0,
   0,
   0,
   0,
   0,
   0,
   0,
   0,
   0,
   0,
   0,
   0,
   0,
   0,
   0,
   0,
   0,
   0,
   0,
   0,
   0,
   0,
   0,
   0,
   0,
   0,
   0,
   0,
   0,
   0,
   0,
   0,
   0,
   0,
   0,
   0,
   0,
   0,
   0,
   0,
   0,
   0,
   0,
   0,
   0,
   0,
   0,
   0,
   0,
   0,
   0,
   0,
   0,
   0,
   0,
   0,
   0,
   0,
   0,
   0,
   0,
   0,
   0,
   0,
   0,
   0,
   0,
   0,
   0,
   0,
   0,
   0,
   0,
   0,
   0,
   0,
   0,
   0,
   0,
   0,
   0,
   0,
   0,
   0,
   0,
   0,
   0,
   0,
   0,
   0,
   0,
   0,
   0,
   0,
   0,
   0,
   0,
   0,
   0,
   0,
   0,
   0,
   0,
   0,
   0,
   0,
   0,
   0,
   0,
   0,
   0,
   0,
   0,
   0,
   0,
   0,
   0,
   0,
   0,
   0,
   0,
   0,
   0,
   0,
   0,
   0,
   0,
   0,
   0,
   0,
   0,
   0,
   0,
   0,
   0,
   0,
   0,
   0,
   0,
   0,
   0,
   0,
   0,
   0,
   0,
   0,
   0,
   0,
   0,
   0,
   0,
   0,
   0,
   0,
   0,
   0,
   0,
   0,
   0,
   0,
   0,
   0,
   0,
   0,
   0,
   0,
   0,
   0,
   0,
   0,
   0,
   0,
   0,
   0,
   0,
   0,
   0,
   0,
   0,
   0,
   0,
   0,
   0,
   0,
   0,
   0,
   0,
   0,
   0,
   0,
   0,
   0,
   0,
   0,
   0,
   0,
   0,
   0,
   0,
   0,
   0,
   0,
   0,
   0,
   0,
   0,
   0,
   0,
   0,
   0,
   0,
   0,
   0,
   0,
   0,
   0,
   0,
   0,
   0,
   0,
   0,
   0,
   0,
   0,
   0,
   0,
   0,
   0,
   0,
   0,
   0,
   0,
   0,
   0,
   0,
   0,
   0,
   0,
   0,
   0,
   0,
   0,
   0,
   0,
   0,
   0,
   0,
   0,
   0,
   0,
   0,
   0,
   0,
   0,
   0,
   0,
   0,
   0,
   0,
   0,
   0,
   0,
   0,
   0,
   0,
   0,
   0,
   0,
   0,
   0,
   0,
   0,
   0,
   0,
   0,
   0,
   0,
   0,
   0,
   0,
   0,
   0,
   0,
   0,
   0,
   0,
   0,
   0,
   0,
   0,
   0,
   0,
   0,
   0,
   0,
   0,
   0,
   0,
   0,
   0,
   0,
   0,
   0,
   0,
   0,
   0,
   0,
   0,
   0,
   0,
   0,
   0,
   0,
   0,
   0,
   0,
   0,
   0,
   0,
   0,
   0,
   0,
   0,
   0,
   0,
   0,
   0,
   0,
   0,
   0,
   0,
   0,
   0,
   0,
   0,
   0,
   0,
   0,
   0,
   0,
   0,
   0,
   0,
   0,
   0,
   0,
   0,
   0,
   0,
   0,
   0,
   0,
   0,
   0,
   0,
   0,
   0,
   0,
   0,
   0,
   0,
   0,
   0,
   0,
   0,
   0,
   0,
   0,
   0,
   0,
   0,
   0,
   0,
   0,
   0,
   0,
   0,
   0,
   0,
   0,
   0,
   0,
   0,
   0,
   0,
   0,
   0,
   0,
   0,
   0,
   0,
   0,
   0,
   0,
   0,
   0,
   0,
   0,
   0,
   0,
   0,
   0,
   0,
   0,
   0,
   0,
   0,
   0,
   0,
   0,
   0,
   0,
   0,
   0,
   0,
   0,
   0,
   0,
   0,
   0,
   0,
   0,
   0,
   0,
   0,
   0,
   0,
   0,
   0,
   0,
   0,
   0,
   0,
   0,
   0,
   0,
   0,
   0,
   0,
   0,
   0,
   0,
   0,
   0,
   0,
   0,
   0,
   0,
   0,
   0,
   0,
   0,
   0,
   0,
   0,
   0,
   0,
   0,
   0,
   0,
   0,
   0,
   0,
   0,
   0,
   0,
   0,
   0,
   0,
   0,
   0,
   0,
   0,
   0,
   0,
   0,
   0,
   0,
   0,
   0,
   0,
   0,
   0,
   0,
   0,
   0,
   0,
   0,
   0,
   0,
   0,
   0,
   0,
   0,
   0,
   0,
   0,
   0,
   0,
   0,
   0,
   0,
   0,
   0,
   0,
   0,
   0,
   0,
   0,
   0,
   0,
   0,
   0,
   0,
   0,
   0,
   0,
   0,
   0,
   0,
   0,
   0,
   0,
   0,
   0,
   0,
   0,
   0,
   0,
   0,
   0,
   0,
   0,
   0,
   0,
   0,
   0,
   0,
   0,
   0,
   0,
   0,
   0,
   0,
   0,
   0,
   0,
   0,
   0,
   0,
   0,
   0,
   0,
   0,
   0,
   0,
   0,
   0,
   0,
   0,
   0,
   0,
   0,
   0,
   0,
   0,
   0,
   0,
   0,
   0,
   0,
   0,
   0,
   0,
   0,
   0,
   0,
   0,
   0,
   0,
   0,
   0,
   0,
   0,
   0,
   0,
   0,
   0,
   0,
   0,
   0,
   0,
   0,
   0,
   0,
   0,
   0,
   0,
   0,
   0,
   0,
   0,
   0,
   0,
   0,
   0,
   0,
   0,
   0,
   0,
   0,
   0,
   0,
   0,
   0,
   0,
   0,
   0,
   0,
   0,
   0,
   0,
   0,
   0,
   0,
   0,
   0,
   0,
   0,
   0,
   0,
   0,
   0,
   0,
   0,
   0,
   0,
   0,
   0,
   0,
   0,
   0,
   0,
   0,
   0,
   0,
   0,
   0,
   0,
   0,
   0,
   0,
   0,
   0,
   0,
   0,
   0,
   0,
   0,
   0,
   0,
   0,
   0,
   0,
   0,
   0,
   0,
   0,
   0,
   0,
   0,
   0,
   0,
   0,
   0,
   0,
   0,
   0,
   0,
   0,
   0,
   0,
   0,
   0,
   0,
   0,
   0,
   0,
   0,
   0,
   0,
   0,
   0,
   0,
   0,
   0,
   0,
   0,
   0,
   0,
   0,
   0,
   0,
   0,
   0,
   0,
   0,
   0,
   0,
   0,
   0,
   0,
   0,
   0,
   0,
   0,
   0,
   0,
   0,
   0,
   0,
   0,
   0,
   0,
   0,
   0,
   0,
   0,
   0,
   0,
   0,
   0,
   0,
   0,
   0,
   0,
   0,
   0,
   0,
   0,
   0,
   0,
   0,
   0,
   0,
   0,
   0,
   0,
   0,
   0,
   0,
   0,
   0,
   0,
   0,
   0,
   0,
   0,
   0,
   0,
   0,
   0,
   0,
   0,
   0,
   0,
   0,
   0,
   0,
   0,
   0,
   0,
   0,
   0,
   0,
   0,
   0,
   0,
   0,
   0,
   0,
   0,
   0,
   0,
   0,
   0,
   0,
   0,
   0,
   0,
   0,
   0,
   0,
   0,
   0,
   0,
   0,
   0,
   0,
   0,
   0,
   0,
   0,
   0,
   0,
   0,
   0,
   0,
   0,
   0,
   0,
   0,
   0,
   0,
   0,
   0,
   0,
   0,
   0,
   0,
   0,
   0,
   0,
   0,
   0,
   0,
   0,
   0,
   0,
   0,
   0,
   0,
   0,
   0,
   0,
   0,
   0,
   0,
   0,
   0,
   0,
   0,
   0,
   0,
   0,
   0,
   0,
   0,
   0,
   0,
   0,
   0,
   0,
   0,
   0,
   0,
   0,
   0,
   0,
   0,
   0,
   0,
   0,
   0,
   0,
   0,
   0,
   0,
   0,
   0,
   0,
   0,
   0,
   0,
   0,
   0,
   0,
   0,
   0,
   0,
   0,
   0,
   0,
   0,
   0,
   0,
   0,
   0,
   0,
   0,
   0,
   0,
   0,
   0,
   0,
   0,
   0,
   0,
   0,
   0,
   0,
   0,
   0,
   0,
   0,
   0,
   0,
   0,
   0,
   0,
   0,
   0,
   0,
   0,
   0,
   0,
   0,
   0,
   0,
   0,
   0,
   0,
   0,
   0,
   0,
   0,
   0,
   0,
   0,
   0,
   0,
   0,
   0,
   0,
   0,
   0,
   0,
   0,
   0,
   0,
   0,
   0,
   0,
   0,
   0,
   0,
   0,
   0,
   0,
   0,
   0,
   0,
   0,
   0,
   0,
   0,
   0,
   0,
   0,
   0,
   0,
   0,
   0,
   0,
   0,
   0,
   0,
   0,
   0,
   0,
   0,
   0,
   0,
   0,
   0,
   0,
   0,
   0,
   0,
   0,
   0,
   0,
   0,
   0,
   0,
   0,
   0,
   0,
   0,
   0,
   0,
   0,
   0,
   0,
   0,
   0,
   0,
   0,
   0,
   0,
   0,
   0,
   0,
   0,
   0,
   0,
   0,
   0,
   0,
   0,
   0,
   0,
   0,
   0,
   0,
   0,
   0,
   0,
   0,
   0,
   0,
   0,
   0,
   0,
   0,
   0,
   0,
   0,
   0,
   0,
   0,
   0,
   0,
   0,
   0,
   0,
   0,
   0,
   0,
   0,
   0,
   0,
   0,
   0,
   0,
   0,
   0,
   0,
   0,
   0,
   0,
   0,
   0,
   0,
   0,
   0,
   0,
   0,
   0,
   0,
   0,
   0,
   0,
   0,
   0,
   0,
   0,
   0,
   0,
   0,
   0,
   0,
   0,
   0,
   0,
   0,
   0,
   0,
   0,
   0,
   0,
   0,
   0,
   0,
   0,
   0,
   0,
   0,
   0,
   0,
   0,
   0,
   0,
   0,
   0,
   0,
   0,
   0,
   0,
   0,
   0,
   0,
   0,
   0,
   0,
   0,
   0,
   0,
   0,
   0,
   0,
   0,
   0,
   0,
   0,
   0,
   0,
   0,
   0,
   0,
   0,
   0,
   0,
   0,
   0,
   0,
   0,
   0,
   0,
   0,
   0,
   0,
   0,
   0,
   0,
   0,
   0,
   0,
   0,
   0,
   0,
   0,
   0,
   0,
   0,
   0,
   0,
   0,
   0,
   0,
   0,
   0,
   0,
   0,
   0,
   0,
   0,
   0,
   0,
   0,
   0,
   0,
   0,
   0,
   0,
   0,
   0,
   0,
   0,
   0,
   0,
   0,
   0,
   0,
   0,
   0,
   0,
   0,
   0,
   0,
   0,
   0,
   0,
   0,
   0,
   0,
   0,
   0,
   0,
   0,
   0,
   0,
   0,
   0,
   0,
   0,
   0,
   0,
   0,
   0,
   0,
   0,
   0,
   0,
   0,
   0,
   0,
   0,
   0,
   0,
   0,
   0,
   0,
   0,
   0,
   0,
   0,
   0,
   0,
   0,
   0,
   0,
   0,
   0,
   0,
   0,
   0,
   0,
   0,
   0,
   0,
   0,
   0,
   0,
   0,
   0,
   0,
   0,
   0,
   0,
   0,
   0,
   0,
   0,
   0,
   0,
   0,
   0,
   0,
   0,
   0,
   0,
   0,
   0,
   0,
   0,
   0,
   0,
   0,
   0,
   0,
   0,
   0,
   0,
   0,
   0,
   0,
   0,
   0,
   0,
   0,
   0,
   0,
   0,
   0,
   0,
   0,
   0,
   0,
   0,
   0,
   0,
   0,
   0,
   0,
   0,
   0,
   0,
   0,
   0,
   0,
   0,
   0,
   0,
   0,
   0,
   0,
   0,
   0,
   0,
   0,
   0,
   0,
   0,
   0,
   0,
   0,
   0,
   0,
   0,
   0,
   0,
   0,
   0,
   0,
   0,
   0,
   0,
   0,
   0,
   0,
   0,
   0,
   0,
   0,
   0,
   0,
   0,
   0,
   0,
   0,
   0,
   0,
   0,
   0,
   0,
   0,
   0,
   0,
   0,
   0,
   0,
   0,
   0,
   0,
   0,
   0,
   0,
   0,
   0,
   0,
   0,
   0,
   0,
   0,
   0,
   0,
   0,
   0,
   0,
   0,
   0,
   0,
   0,
   0,
   0,
   0,
   0,
   0,
   0,
   0,
   0,
   0,
   0,
   0,
   0,
   0,
   0,
   0,
   0,
   0,
   0,
   0,
   0,
   0,
   0,
   0,
   0,
   0,
   0,
   0,
   0,
   0,
   0,
   0,
   0,
   0,
   0,
   0,
   0,
   0,
   0,
   0,
   0,
   0,
   0,
   0,
   0,
   0,
   0,
   0,
   0,
   0,
   0,
   0,
   0,
   0,
   0,
   0,
   0,
   0,
   0,
   0,
   0,
   0,
   0,
   0,
   0,
   0,
   0,
   0,
   0,
   0,
   0,
   0,
   0,
   0,
   0,
   0,
   0,
   0,
   0,
   0,
   0,
   0,
   0,
   0,
   0,
   0,
   0,
   0,
   0,
   0,
   0,
   0,
   0,
   0,
   0,
   0,
   0,
   0,
   0,
   0,
   0,
   0,
   0,
   0,
   0,
   0,
   0,
   0,
   0,
   0,
   0,
   0,
   0,
   0,
   0,
   0,
   0,
   0,
   0,
   0,
   0,
   0,
   0,
   0,
   0,
   0,
   0,
   0,
   0,
   0,
   0,
   0,
   0,
   0,
   0,
   0,
   0,
   0,
   0,
   0,
   0,
   0,
   0,
   0,
   0,
   0,
   0,
   0,
   0,
   0,
   0,
   0,
   0,
   0,
   0,
   0,
   0,
   0,
   0,
   0,
   0,
   0,
   0,
   0,
   0,
   0,
   0,
   0,
   0,
   0,
   0,
   0,
   0,
   0,
   0,
   0,
   0,
   0,
   0,
   0,
   0,
   0,
   0,
   0,
   0,
   0,
   0,
   0,
   0,
   0,
   0,
   0,
   0,
   0,
   0,
   0,
   0,
   0,
   0,
   0,
   0,
   0,
   0,
   0,
   0,
   0,
   0,
   0,
   0,
   0,
   0,
   0,
   0,
   0,
   0,
   0,
   0,
   0,
   0,
   0,
   0,
   0,
   0,
   0,
   0,
   0,
   0,
   0,
   0,
   0,
   0,
   0,
   0,
   0,
   0;
   {x_mat_x7_-_Default}
  }
  MeshNormals {
   1523;
   -0.024563;0.153339;-0.987868;,
   -0.209295;-0.974315;0.083105;,
   -0.084250;-0.995169;0.050413;,
   -0.050575;0.620383;-0.782666;,
   -0.187139;-0.927436;0.323793;,
   0.065424;0.438793;-0.896203;,
   -0.412589;-0.909574;0.049456;,
   -0.029485;-0.994268;0.102768;,
   -0.227598;-0.951022;0.209181;,
   -0.502171;-0.863769;-0.041568;,
   -0.121538;-0.991770;-0.040270;,
   0.004032;-0.979068;-0.203492;,
   -0.189875;-0.962071;-0.195874;,
   -0.423513;-0.071188;0.903089;,
   -0.156754;-0.984020;-0.084451;,
   -0.134384;-0.990927;0.002322;,
   0.093899;0.373231;0.922974;,
   -0.119911;-0.979537;-0.161645;,
   0.028552;0.584228;0.811087;,
   -0.180370;-0.900198;-0.396370;,
   0.160548;0.462148;0.872149;,
   0.489095;0.872127;-0.013418;,
   0.143770;0.039202;-0.988834;,
   0.339981;0.796971;-0.499250;,
   0.007472;0.471144;-0.882025;,
   0.049721;0.853206;-0.519198;,
   0.008798;0.549224;-0.835629;,
   0.228511;0.827743;-0.512468;,
   0.143737;0.422571;-0.894859;,
   0.202146;0.946285;-0.252350;,
   0.073288;0.960229;-0.269423;,
   0.243563;0.908617;-0.339253;,
   0.420346;0.905689;-0.055114;,
   0.050181;0.976746;0.208443;,
   0.069067;0.961669;0.265372;,
   0.306288;0.914156;0.265529;,
   0.826887;0.548125;-0.125766;,
   -0.360617;0.067181;0.930292;,
   0.236628;0.908574;0.344240;,
   0.197521;0.567122;0.799599;,
   0.041708;0.857894;0.512132;,
   0.028160;0.500699;0.865163;,
   0.299149;0.854196;0.425274;,
   0.158289;0.404730;0.900632;,
   -0.299301;-0.029007;-0.953718;,
   -0.409001;-0.888500;0.208053;,
   -0.443528;-0.891846;0.088848;,
   -0.349394;-0.924272;-0.153773;,
   -0.249996;-0.942899;-0.220099;,
   -0.304508;-0.052272;0.951074;,
   0.543718;0.736665;0.402113;,
   -0.016856;0.337280;-0.941254;,
   0.448032;0.878898;0.163726;,
   0.708197;0.648516;-0.279078;,
   -0.094696;0.043512;0.994555;,
   -0.120295;-0.973582;0.194080;,
   -0.299300;-0.029008;-0.953718;,
   -0.087033;-0.986431;0.139207;,
   -0.076657;-0.989189;-0.125019;,
   -0.161151;-0.961882;-0.220937;,
   -0.304508;-0.052272;0.951074;,
   0.501700;0.703310;0.503639;,
   -0.468853;0.531240;-0.705664;,
   0.219538;0.950284;0.220823;,
   0.223521;0.959887;-0.169278;,
   0.187964;0.981489;0.036720;,
   0.310093;0.883588;-0.350878;,
   -0.665088;0.746763;-0.001646;,
   -0.331454;0.418380;0.845633;,
   -0.695208;0.154711;-0.701961;,
   -0.223532;-0.960384;0.166418;,
   -0.972806;0.172897;-0.154127;,
   -0.249463;-0.964601;0.085518;,
   -0.988569;0.124643;0.084820;,
   -0.227622;-0.964708;-0.132389;,
   -0.644075;0.034222;0.764196;,
   -0.182914;-0.959698;-0.213361;,
   -0.799912;0.379710;-0.464716;,
   -0.943982;0.266289;-0.194903;,
   0.448475;0.811455;0.374714;,
   -0.957332;0.227581;0.178109;,
   0.123510;0.958270;-0.257804;,
   -0.616729;0.014386;0.787044;,
   0.187964;0.981489;0.036720;,
   -0.435278;0.029455;0.899814;,
   -0.149480;-0.116334;0.981897;,
   -0.165384;-0.198207;0.966107;,
   0.093270;-0.169412;0.981122;,
   -0.472310;-0.007021;0.881404;,
   -0.547263;-0.020039;0.836721;,
   -0.421842;-0.177893;0.889046;,
   -0.085372;0.054335;-0.994867;,
   -0.105585;0.251371;-0.962114;,
   -0.317529;0.307651;-0.896954;,
   -0.435298;0.150639;-0.887594;,
   0.829493;0.025796;0.557922;,
   -0.738633;0.601816;-0.303709;,
   0.893602;0.446467;0.046288;,
   -0.855168;0.446796;0.262793;,
   0.110839;0.859960;-0.498180;,
   -0.400810;-0.707181;0.582449;,
   0.334866;0.252248;-0.907874;,
   -0.349047;-0.864801;-0.360951;,
   -0.393532;-0.803976;-0.445819;,
   0.304466;0.196539;0.932026;,
   0.284701;0.782710;-0.553453;,
   0.066488;0.074525;-0.995000;,
   -0.957831;0.252987;-0.136223;,
   0.308485;0.951228;0.001758;,
   -0.840220;0.522805;-0.143895;,
   0.081612;0.639222;0.764679;,
   0.293275;0.893528;0.339997;,
   -0.294562;0.295825;-0.908692;,
   0.331386;0.905015;0.266703;,
   0.226493;0.454426;0.861509;,
   -0.874524;0.438412;0.207369;,
   -0.243656;-0.081936;0.966394;,
   -0.383616;-0.451647;0.805515;,
   0.167397;-0.297537;-0.939920;,
   -0.463396;-0.751424;0.469708;,
   -0.409102;-0.846755;-0.340061;,
   -0.277808;-0.586303;-0.760967;,
   0.130590;-0.627256;0.767786;,
   0.043619;0.365220;-0.929899;,
   0.117560;0.940126;0.319912;,
   0.074473;0.596095;0.799453;,
   0.182439;0.233460;0.955098;,
   -0.305142;-0.946680;0.103372;,
   -0.057176;-0.267316;-0.961911;,
   0.988295;-0.144679;-0.048387;,
   -0.355937;-0.625689;0.694134;,
   0.986305;-0.162758;-0.026696;,
   -0.335990;-0.654482;-0.677321;,
   -0.094251;-0.354796;0.930181;,
   -0.349496;-0.746867;-0.565722;,
   0.037270;-0.141364;-0.989256;,
   0.989493;-0.126484;-0.070040;,
   0.115188;0.940879;0.318556;,
   0.196905;0.699202;0.687273;,
   0.988295;-0.144679;-0.048387;,
   0.107567;0.878205;-0.466031;,
   0.053991;-0.003284;-0.998536;,
   0.147503;0.391760;-0.908167;,
   0.111698;-0.244927;0.963086;,
   -0.724793;0.669248;-0.163655;,
   0.401649;0.253793;-0.879925;,
   -0.506277;0.845873;-0.167877;,
   0.012664;0.501297;0.865183;,
   -0.755620;0.655008;-0.001732;,
   -0.631618;0.685424;0.362288;,
   -0.295835;0.032610;0.954682;,
   -0.428630;0.885304;-0.180314;,
   0.596481;0.774780;-0.209588;,
   0.005047;0.509389;-0.860522;,
   -0.425488;0.887792;-0.175460;,
   0.591863;0.776434;-0.216445;,
   0.041458;0.329475;0.943254;,
   -0.445931;0.727808;-0.521000;,
   0.703590;0.665118;0.250158;,
   -0.723876;0.682025;0.104143;,
   0.219271;0.407962;0.886277;,
   0.772784;0.611278;0.170717;,
   0.591863;0.776434;-0.216445;,
   -0.157039;-0.175220;-0.971924;,
   0.587204;0.778033;-0.223286;,
   0.217321;0.813664;0.539186;,
   -0.497182;0.758008;-0.422178;,
   0.074799;0.368921;-0.926446;,
   0.081704;0.214412;-0.973320;,
   -0.533473;0.683086;0.498798;,
   0.503387;0.664320;0.552522;,
   0.926547;-0.205397;-0.315154;,
   -0.205057;-0.686871;0.697252;,
   0.060129;0.006001;-0.998173;,
   0.800648;-0.153949;-0.579018;,
   0.027759;-0.132224;0.990831;,
   0.964820;-0.123648;-0.232022;,
   0.047123;-0.351385;-0.935044;,
   0.923959;-0.147601;-0.352865;,
   0.062951;0.032396;0.997491;,
   0.962870;-0.167686;-0.211573;,
   0.096286;-0.378654;-0.920516;,
   0.944947;-0.116486;-0.305788;,
   0.326859;0.839326;0.434391;,
   0.092800;0.427700;0.899145;,
   0.921307;-0.201187;0.332742;,
   0.028445;-0.122288;-0.992087;,
   0.811662;-0.215902;0.542762;,
   -0.210316;-0.714628;-0.667138;,
   -0.002798;-0.196679;0.980464;,
   0.976449;-0.066376;0.205283;,
   0.058453;0.001604;-0.998289;,
   0.081704;0.214412;-0.973320;,
   0.937490;-0.147070;0.315409;,
   0.106630;-0.180454;0.977786;,
   -0.551493;-0.643490;0.530826;,
   -0.505058;0.639000;0.580169;,
   0.139370;-0.382063;0.913567;,
   0.701180;0.596219;0.390985;,
   0.813594;0.324151;-0.482692;,
   0.012635;0.028483;-0.999514;,
   0.944070;-0.242714;0.223206;,
   0.633952;-0.274777;0.722913;,
   0.103425;-0.477529;0.872508;,
   0.893100;-0.306726;0.329076;,
   -0.257346;0.553854;-0.791845;,
   -0.147512;0.534432;-0.832240;,
   0.092800;0.427700;0.899145;,
   0.059171;0.099001;-0.993327;,
   0.971517;-0.189680;-0.142043;,
   0.024915;0.392157;-0.919561;,
   0.958602;-0.205870;-0.196722;,
   0.036946;0.407898;0.912280;,
   -0.335590;0.642995;0.688430;,
   0.060949;0.619636;-0.782519;,
   -0.132426;0.593838;0.793612;,
   0.043539;-0.428675;0.902409;,
   0.043925;0.566668;0.822775;,
   0.103258;0.527272;-0.843399;,
   0.978138;-0.174356;0.113341;,
   0.044804;0.561476;0.826279;,
   0.944070;-0.242714;0.223206;,
   -0.052793;-0.470367;0.880891;,
   -0.094235;-0.960936;-0.260233;,
   -0.586207;-0.795664;-0.152578;,
   -0.387331;-0.897297;-0.211738;,
   0.015017;-0.969388;-0.245076;,
   -0.338097;-0.905893;-0.255045;,
   -0.898180;0.065169;-0.434770;,
   -0.325256;-0.945519;-0.014204;,
   0.170468;-0.207613;0.963243;,
   -0.325256;-0.945519;-0.014204;,
   0.817746;-0.409739;-0.404234;,
   -0.325256;-0.945519;-0.014204;,
   0.817742;-0.409743;-0.404238;,
   0.254016;-0.118391;-0.959927;,
   -0.898180;0.065169;-0.434771;,
   0.170470;-0.207620;0.963241;,
   0.799677;-0.409575;0.439051;,
   0.254015;-0.118391;-0.959927;,
   -0.535600;-0.838266;0.102189;,
   -0.330725;-0.929711;0.162046;,
   -0.049743;-0.982117;0.181580;,
   -0.612299;-0.763880;0.203907;,
   -0.230452;-0.949086;0.214773;,
   0.382320;0.923879;0.016694;,
   -0.954371;0.133917;0.266913;,
   0.706635;-0.440084;0.554069;,
   0.382320;0.923879;0.016694;,
   0.322739;-0.254740;-0.911563;,
   0.382320;0.923879;0.016694;,
   -0.954370;0.133919;0.266914;,
   -0.382319;-0.923880;-0.016688;,
   0.706635;-0.440084;0.554069;,
   -0.382319;-0.923880;-0.016688;,
   0.322735;-0.254737;-0.911565;,
   -0.382319;-0.923880;-0.016688;,
   -0.207093;-0.970593;-0.122722;,
   -0.373264;-0.912691;-0.166344;,
   -0.556960;-0.822478;-0.115433;,
   -0.196749;-0.979707;-0.038259;,
   -0.401326;-0.914334;-0.054132;,
   -0.898180;0.065169;-0.434771;,
   0.325259;0.945518;0.014201;,
   0.170468;-0.207612;0.963243;,
   0.325259;0.945518;0.014201;,
   0.817746;-0.409737;-0.404237;,
   0.325259;0.945518;0.014201;,
   -0.898179;0.065172;-0.434772;,
   -0.325256;-0.945519;-0.014208;,
   0.170468;-0.207612;0.963243;,
   -0.325256;-0.945519;-0.014208;,
   0.817746;-0.409738;-0.404234;,
   -0.325256;-0.945519;-0.014208;,
   -0.202122;-0.979270;-0.013291;,
   -0.187712;-0.980232;0.062527;,
   -0.292421;-0.951140;-0.099116;,
   -0.898180;0.065169;-0.434771;,
   0.325258;0.945519;0.014201;,
   0.170471;-0.207614;0.963243;,
   0.325258;0.945519;0.014201;,
   0.817745;-0.409737;-0.404237;,
   0.325258;0.945519;0.014201;,
   -0.898180;0.065168;-0.434771;,
   -0.325260;-0.945518;-0.014202;,
   0.170470;-0.207614;0.963243;,
   -0.325260;-0.945518;-0.014202;,
   0.817746;-0.409738;-0.404236;,
   -0.325260;-0.945518;-0.014202;,
   -0.158010;-0.986746;0.036961;,
   -0.113285;-0.990193;0.081754;,
   -0.124487;-0.991611;0.034777;,
   -0.954371;0.133917;0.266913;,
   0.382319;0.923880;0.016692;,
   0.706630;-0.440083;0.554077;,
   0.382319;0.923880;0.016692;,
   0.322738;-0.254740;-0.911563;,
   0.382319;0.923880;0.016692;,
   -0.954371;0.133917;0.266913;,
   -0.382320;-0.923879;-0.016697;,
   0.706630;-0.440083;0.554077;,
   -0.382320;-0.923879;-0.016697;,
   0.322742;-0.254743;-0.911561;,
   -0.382320;-0.923879;-0.016697;,
   -0.128195;-0.991709;0.008933;,
   -0.142599;-0.989506;0.023328;,
   -0.141529;-0.989929;-0.003014;,
   -0.954371;0.133917;0.266913;,
   0.382319;0.923880;0.016693;,
   0.706633;-0.440083;0.554073;,
   0.382319;0.923880;0.016693;,
   0.322740;-0.254741;-0.911563;,
   0.382319;0.923880;0.016693;,
   -0.954370;0.133919;0.266913;,
   -0.382320;-0.923879;-0.016694;,
   0.706633;-0.440083;0.554073;,
   -0.382320;-0.923879;-0.016694;,
   0.322738;-0.254739;-0.911563;,
   -0.382320;-0.923879;-0.016694;,
   -0.015125;0.989976;-0.140425;,
   0.030497;0.954329;-0.297198;,
   0.051085;0.930699;-0.362201;,
   -0.004776;0.841857;-0.539679;,
   -0.023768;0.460416;-0.887385;,
   0.106251;0.457187;-0.883001;,
   0.120160;0.459591;-0.879964;,
   0.138997;0.464346;-0.874679;,
   -0.174165;0.665413;-0.725873;,
   -0.076920;0.521064;-0.850045;,
   0.000088;0.729390;-0.684098;,
   0.162596;0.472043;-0.866452;,
   0.211946;0.495596;-0.842297;,
   -0.274333;0.733849;-0.621456;,
   -0.254543;0.834655;-0.488424;,
   0.085242;0.336416;-0.937848;,
   0.476666;0.751263;-0.456502;,
   0.091148;0.266052;-0.959640;,
   -0.443606;0.771282;-0.456441;,
   -0.140605;-0.041619;-0.989191;,
   0.314384;0.023972;-0.948993;,
   0.559444;0.596614;-0.575390;,
   0.283394;0.482626;-0.828710;,
   0.365281;-0.325698;-0.872061;,
   0.625699;0.374748;-0.684153;,
   0.375737;0.301655;-0.876257;,
   -0.845249;0.133051;-0.517543;,
   -0.042367;-0.236448;-0.970720;,
   0.190501;0.185647;-0.963973;,
   0.370656;0.632509;-0.680108;,
   -0.061243;0.417444;-0.906636;,
   0.366715;0.397933;-0.840933;,
   0.171413;0.151915;-0.973416;,
   0.157360;0.121638;-0.980021;,
   0.398944;0.607299;-0.687046;,
   0.140094;0.078007;-0.987060;,
   0.230080;0.509785;-0.828964;,
   -0.006574;0.016359;-0.999845;,
   -0.398833;-0.576733;-0.712960;,
   0.130224;0.824087;-0.551291;,
   0.279328;0.681924;-0.675985;,
   0.126412;0.035127;-0.991356;,
   -0.219699;0.370390;-0.902521;,
   -0.634140;0.352361;-0.688264;,
   -0.267800;-0.723035;-0.636792;,
   -0.267800;-0.723035;-0.636792;,
   0.139178;0.408661;-0.902012;,
   -0.181111;-0.717541;-0.672558;,
   -0.344441;-0.036031;-0.938116;,
   0.086606;0.723555;0.684812;,
   0.093863;0.713850;0.693979;,
   0.252013;0.940227;-0.229048;,
   -0.027494;0.722483;0.690842;,
   0.306570;0.501072;-0.809284;,
   0.404831;0.021613;-0.914136;,
   0.113095;0.993572;0.004939;,
   0.049647;0.992314;0.113348;,
   0.038753;0.996221;-0.077729;,
   0.188321;0.976732;-0.102610;,
   0.183576;0.978338;0.095681;,
   0.038695;0.964333;0.261849;,
   -0.060377;0.991462;0.115575;,
   -0.063256;0.989393;-0.130770;,
   0.087419;0.953798;-0.287451;,
   0.237754;0.944039;-0.228612;,
   0.268959;0.948045;0.169918;,
   0.155881;0.945201;0.286873;,
   0.008117;0.893287;0.449414;,
   -0.114246;0.939775;0.322136;,
   -0.193974;0.978038;0.076268;,
   -0.168667;0.964572;-0.202858;,
   -0.036017;0.918758;-0.393176;,
   0.210751;0.883129;-0.419126;,
   0.332098;0.882883;-0.332007;,
   0.368556;0.927415;-0.063787;,
   0.377705;0.900659;0.214833;,
   0.243766;0.883570;0.399852;,
   0.137809;0.878512;0.457412;,
   0.008595;0.789201;0.614074;,
   -0.079180;0.823955;0.561096;,
   -0.147567;0.847143;0.510463;,
   -0.214924;0.866573;0.450399;,
   -0.259482;0.899120;0.352494;,
   -0.300199;0.922944;0.240946;,
   -0.333332;0.935067;0.120579;,
   -0.327615;0.944726;-0.012725;,
   -0.311440;0.938781;-0.147292;,
   -0.277781;0.909105;-0.310428;,
   -0.186610;0.883850;-0.428937;,
   -0.077426;0.828843;-0.554098;,
   0.115149;0.778755;-0.616669;,
   0.176650;0.785816;-0.592696;,
   0.290825;0.789509;-0.540460;,
   0.450143;0.816990;-0.360415;,
   0.500208;0.834187;-0.232214;,
   0.535084;0.837372;-0.111772;,
   0.531535;0.846760;0.021628;,
   0.514287;0.843283;0.156150;,
   0.474637;0.820331;0.319023;,
   0.366113;0.805447;0.466065;,
   0.240949;0.781785;0.575114;,
   0.130946;0.793019;0.594957;,
   0.044495;0.672863;0.738428;,
   -0.051991;0.664457;0.745516;,
   -0.143097;0.687611;0.711839;,
   -0.231758;0.718294;0.656004;,
   -0.316057;0.754812;0.574776;,
   -0.392048;0.793843;0.464878;,
   -0.453317;0.829958;0.325075;,
   -0.491718;0.856083;0.159173;,
   -0.500089;0.865699;-0.021835;,
   -0.475974;0.856083;-0.201423;,
   -0.423259;0.829957;-0.363348;,
   -0.336025;0.807877;-0.484172;,
   -0.290774;0.741367;-0.604835;,
   -0.173701;0.718294;-0.673708;,
   -0.051993;0.698118;-0.714093;,
   0.194405;0.643097;-0.740698;,
   0.294765;0.644813;-0.705217;,
   0.398175;0.663049;-0.633895;,
   0.537863;0.706979;-0.459221;,
   0.628605;0.710001;-0.317419;,
   0.671709;0.725197;-0.151312;,
   0.681827;0.730907;0.029769;,
   0.655966;0.725197;0.209280;,
   0.598549;0.709998;0.371001;,
   0.505792;0.711808;0.487344;,
   0.426952;0.670075;0.607215;,
   0.324626;0.677473;0.660036;,
   0.232178;0.644812;0.728224;,
   0.135649;0.643057;0.753709;,
   0.014915;0.468889;0.883131;,
   -0.093903;0.485526;0.869165;,
   -0.202493;0.510592;0.835639;,
   -0.311639;0.544044;0.779036;,
   -0.420406;0.585043;0.693530;,
   -0.524536;0.630899;0.571689;,
   -0.614474;0.675665;0.407306;,
   -0.675062;0.709692;0.201563;,
   -0.690606;0.722602;-0.030153;,
   -0.654926;0.709692;-0.259632;,
   -0.576636;0.675666;-0.459311;,
   -0.367893;0.588623;-0.719845;,
   -0.242555;0.544043;-0.803234;,
   -0.128893;0.510593;-0.850107;,
   -0.010730;0.510339;-0.859906;,
   0.189295;0.478051;-0.857691;,
   0.312996;0.460199;-0.830813;,
   0.426803;0.467708;-0.774008;,
   0.528302;0.507820;-0.680452;,
   0.653544;0.502456;-0.566055;,
   0.751056;0.524249;-0.401345;,
   0.817512;0.541771;-0.195343;,
   0.835298;0.548586;0.036473;,
   0.797377;0.541769;0.265849;,
   0.713217;0.524251;0.465277;,
   0.601721;0.502456;0.620862;,
   0.479863;0.482372;0.732836;,
   0.357720;0.467707;0.808261;,
   0.239395;0.460198;0.854931;,
   0.125477;0.460508;0.878742;,
   -0.014103;0.247258;0.968847;,
   -0.134268;0.263665;0.955224;,
   -0.256151;0.285760;0.923433;,
   -0.382177;0.314015;0.869100;,
   -0.513066;0.348496;0.784419;,
   -0.645392;0.387925;0.658015;,
   -0.767316;0.427941;0.477591;,
   -0.855270;0.459671;0.239199;,
   -0.880731;0.472053;-0.038452;,
   -0.831165;0.459674;-0.312832;,
   -0.722773;0.427938;-0.542650;,
   -0.582493;0.398068;-0.708691;,
   -0.449936;0.389404;-0.803693;,
   -0.304975;0.314015;-0.899102;,
   -0.174694;0.285763;-0.942243;,
   -0.050503;0.263665;-0.963291;,
   0.190769;0.236144;-0.952808;,
   0.314851;0.229933;-0.920869;,
   0.443942;0.228607;-0.866403;,
   0.579140;0.231959;-0.781532;,
   0.716797;0.239397;-0.654897;,
   0.844394;0.249215;-0.474226;,
   0.936963;0.258025;-0.235633;,
   0.964246;0.261644;0.042098;,
   0.912859;0.258030;0.316400;,
   0.799850;0.249210;0.546017;,
   0.656991;0.239398;0.714879;,
   0.508820;0.231958;0.829034;,
   0.366740;0.228605;0.901799;,
   0.233394;0.229933;0.944806;,
   0.107391;0.236105;0.965775;,
   -0.043620;-0.000000;0.999048;,
   -0.168157;0.014242;0.985657;,
   -0.295720;0.028917;0.954837;,
   -0.429530;0.044409;0.901960;,
   -0.571234;0.060955;0.818521;,
   -0.718090;0.078302;0.691532;,
   -0.857419;0.095084;0.505759;,
   -0.961085;0.108138;0.254206;,
   -0.992626;0.113207;-0.043341;,
   -0.935274;0.108132;-0.337003;,
   -0.810076;0.095085;-0.578564;,
   -0.655088;0.078300;-0.751485;,
   -0.497722;0.060953;-0.865192;,
   -0.349285;0.044409;-0.935964;,
   -0.211376;0.028915;-0.976977;,
   -0.081611;0.014242;-0.996563;,
   0.154475;0.008289;-0.987962;,
   0.295721;-0.028916;-0.954837;,
   0.429530;-0.044411;-0.901960;,
   0.571235;-0.060955;-0.818520;,
   0.718091;-0.078302;-0.691530;,
   0.857419;-0.095086;-0.505759;,
   0.961086;-0.108134;-0.254206;,
   0.992626;-0.113203;0.043340;,
   0.935273;-0.108139;0.337003;,
   0.810076;-0.095083;0.578564;,
   0.655089;-0.078301;0.751484;,
   0.497722;-0.060951;0.865192;,
   0.349285;-0.044409;0.935964;,
   0.211376;-0.028916;0.976977;,
   0.081612;-0.014243;0.996562;,
   -0.070392;-0.247259;0.966389;,
   -0.191155;-0.236104;0.952740;,
   -0.314850;-0.229933;0.920869;,
   -0.443942;-0.228604;0.866404;,
   -0.579139;-0.231956;0.781534;,
   -0.716798;-0.239396;0.654898;,
   -0.844394;-0.249212;0.474227;,
   -0.936963;-0.258027;0.235632;,
   -0.964245;-0.261648;-0.042099;,
   -0.912861;-0.258024;-0.316400;,
   -0.799849;-0.249213;-0.546017;,
   -0.656992;-0.239396;-0.714878;,
   -0.508819;-0.231956;-0.829035;,
   -0.366740;-0.228606;-0.901799;,
   -0.233394;-0.229933;-0.944806;,
   -0.107391;-0.236106;-0.965775;,
   0.134267;-0.263666;-0.955224;,
   0.256152;-0.285762;-0.923432;,
   0.382177;-0.314015;-0.869100;,
   0.513066;-0.348499;-0.784418;,
   0.645394;-0.387923;-0.658014;,
   0.767316;-0.427940;-0.477592;,
   0.855268;-0.459673;-0.239200;,
   0.880730;-0.472055;0.038454;,
   0.831167;-0.459670;0.312833;,
   0.722771;-0.427940;0.542650;,
   0.585587;-0.387926;0.711759;,
   0.442748;-0.348499;0.826149;,
   0.304974;-0.314014;0.899103;,
   0.174693;-0.285762;0.942243;,
   0.050504;-0.263665;0.963291;,
   -0.091829;-0.468888;0.878471;,
   -0.201587;-0.460507;0.864463;,
   -0.312996;-0.460198;0.830814;,
   -0.426802;-0.467708;0.774008;,
   -0.541908;-0.482372;0.688225;,
   -0.653544;-0.502456;0.566055;,
   -0.751055;-0.524251;0.401344;,
   -0.817513;-0.541770;0.195341;,
   -0.835300;-0.548583;-0.036471;,
   -0.797376;-0.541771;-0.265848;,
   -0.713219;-0.524248;-0.465278;,
   -0.601721;-0.502457;-0.620862;,
   -0.479862;-0.482372;-0.732837;,
   -0.357720;-0.467706;-0.808262;,
   -0.220293;-0.488204;-0.844469;,
   -0.123654;-0.498006;-0.858312;,
   -0.000485;-0.499601;-0.866255;,
   0.089418;-0.506843;-0.857388;,
   0.176537;-0.533575;-0.827123;,
   0.311640;-0.544042;-0.779037;,
   0.420406;-0.585043;-0.693530;,
   0.524536;-0.630900;-0.571689;,
   0.614476;-0.675664;-0.407305;,
   0.675063;-0.709692;-0.201562;,
   0.690605;-0.722604;0.030152;,
   0.654926;-0.709692;0.259633;,
   0.576637;-0.675665;0.459312;,
   0.472714;-0.630899;0.615230;,
   0.358361;-0.585045;0.727530;,
   0.242555;-0.544045;0.803233;,
   0.128892;-0.510593;0.850107;,
   0.017792;-0.485525;0.874042;,
   -0.108685;-0.672863;0.731740;,
   -0.200822;-0.643057;0.739018;,
   -0.294763;-0.644812;0.705218;,
   -0.380916;-0.677474;0.629231;,
   -0.478247;-0.670078;0.567694;,
   -0.546342;-0.711809;0.441405;,
   -0.628607;-0.709998;0.317421;,
   -0.671709;-0.725197;0.151313;,
   -0.681827;-0.730908;-0.029770;,
   -0.655966;-0.725197;-0.209278;,
   -0.598549;-0.709998;-0.371001;,
   -0.518936;-0.689949;-0.504654;,
   -0.426951;-0.670076;-0.607215;,
   -0.329934;-0.654237;-0.680527;,
   -0.221865;-0.644438;-0.731762;,
   -0.049236;-0.662043;-0.747847;,
   0.231066;-0.717993;-0.656578;,
   0.300502;-0.774695;-0.556369;,
   0.392048;-0.793843;-0.464878;,
   0.453316;-0.829958;-0.325075;,
   0.491719;-0.856082;-0.159171;,
   0.500090;-0.865698;0.021834;,
   0.475974;-0.856083;0.201422;,
   0.423261;-0.829958;0.363346;,
   0.350041;-0.793842;0.497279;,
   0.264759;-0.754810;0.600137;,
   0.173702;-0.718295;0.673707;,
   0.080512;-0.687610;0.721603;,
   -0.013182;-0.664458;0.747210;,
   -0.169673;-0.776931;0.606291;,
   -0.286115;-0.794926;0.535006;,
   -0.409899;-0.811525;0.416426;,
   -0.492439;-0.828204;0.267549;,
   -0.535084;-0.837373;0.111771;,
   -0.531535;-0.846760;-0.021628;,
   -0.514287;-0.843283;-0.156148;,
   -0.485178;-0.827641;-0.282157;,
   -0.424996;-0.821470;-0.380218;,
   -0.359156;-0.808046;-0.466979;,
   -0.283499;-0.787698;-0.546955;,
   -0.123488;-0.776888;-0.617410;,
   0.007807;-0.801140;-0.598426;,
   0.153166;-0.844466;-0.513242;,
   0.258271;-0.883011;-0.391902;,
   0.299398;-0.922497;-0.243640;,
   0.323457;-0.939038;-0.116548;,
   0.337753;-0.941119;0.014747;,
   0.312068;-0.939038;0.144296;,
   0.277025;-0.922497;0.268806;,
   0.236108;-0.894014;0.380778;,
   0.169317;-0.873173;0.457058;,
   0.100978;-0.846665;0.522458;,
   0.034094;-0.816242;0.576703;,
   -0.066876;-0.804510;0.590162;,
   -0.171856;-0.881718;0.439361;,
   -0.319526;-0.886511;0.334668;,
   -0.417049;-0.902826;0.104763;,
   -0.377943;-0.904131;-0.199262;,
   -0.257382;-0.875314;-0.409366;,
   -0.128788;-0.871428;-0.473314;,
   0.024097;-0.913876;-0.405278;,
   0.153374;-0.958629;-0.239806;,
   0.202979;-0.979091;0.013443;,
   0.131985;-0.954229;0.268377;,
   -0.008209;-0.904422;0.426561;,
   -0.230404;-0.943771;0.237085;,
   -0.297418;-0.954730;-0.005822;,
   -0.242142;-0.944885;-0.220364;,
   -0.087506;-0.955935;-0.280235;,
   0.041611;-0.986408;-0.158961;,
   0.084855;-0.995381;0.044913;,
   0.007575;-0.969502;0.244968;,
   -0.104084;-0.954453;0.279617;,
   -0.178097;-0.978468;0.104319;,
   -0.176061;-0.979038;-0.102406;,
   -0.050460;-0.992711;-0.109449;,
   -0.041585;-0.995523;0.084875;,
   -0.113402;-0.993534;-0.005427;,
   -0.459167;0.625612;-0.630694;,
   -0.214521;-0.789967;-0.574397;,
   0.396941;0.785093;-0.475466;,
   0.480882;0.680940;-0.552334;,
   0.126539;-0.706773;-0.696032;,
   -0.143762;-0.640396;-0.754471;,
   0.056536;-0.648721;-0.758923;,
   0.240188;0.377532;0.894304;,
   0.230080;0.373828;0.898508;,
   0.220607;0.370892;0.902093;,
   0.211414;0.369017;0.905058;,
   0.203138;0.367927;0.907395;,
   0.192748;0.367284;0.909918;,
   0.076221;0.376325;0.923347;,
   -0.094387;0.385925;0.917689;,
   -0.153800;0.389480;0.908103;,
   -0.153802;0.389481;0.908102;,
   0.622906;0.700735;0.347792;,
   0.609510;0.704963;0.362664;,
   0.663671;0.682186;0.306860;,
   0.510887;0.525500;0.680327;,
   0.269906;0.391876;0.879536;,
   0.688302;0.597269;0.411715;,
   0.746196;0.632657;0.207211;,
   0.253714;0.383339;0.888077;,
   -0.153799;0.389480;0.908103;,
   -0.153803;0.389481;0.908102;,
   0.666030;0.686977;0.290632;,
   0.634935;0.696958;0.333327;,
   -0.153750;0.389458;0.908121;,
   -0.153806;0.389483;0.908101;,
   0.707951;0.668887;0.226706;,
   0.765551;0.602859;0.224704;,
   -0.153798;0.389477;0.908104;,
   0.664295;0.524005;0.533039;,
   0.907761;0.350882;0.229897;,
   0.761974;0.607759;0.223662;,
   0.840030;0.508041;0.190376;,
   -0.153802;0.389483;0.908101;,
   -0.153799;0.389477;0.908104;,
   -0.632852;-0.660215;-0.404493;,
   -0.654209;0.721886;-0.225589;,
   0.061601;-0.318150;0.946037;,
   0.739325;0.085349;0.667918;,
   0.444121;0.484631;0.753585;,
   -0.037832;-0.381455;0.923613;,
   0.582987;0.543656;0.603792;,
   -0.153801;0.389481;0.908102;,
   -0.153795;0.389483;0.908103;,
   0.450464;0.004203;0.892785;,
   0.700466;-0.255827;0.666259;,
   0.250690;0.004003;0.968059;,
   -0.262325;-0.379553;0.887201;,
   -0.153803;0.389481;0.908102;,
   0.273067;0.115282;0.955063;,
   0.399099;-0.046480;0.915729;,
   0.677725;0.009969;0.735248;,
   0.191990;0.463433;0.865083;,
   -0.061916;0.423812;0.903631;,
   0.178852;0.050386;0.982585;,
   -0.103767;0.818108;0.565625;,
   0.187999;0.451605;0.872187;,
   0.151701;0.546496;0.823607;,
   -0.067550;0.476279;0.876696;,
   0.526812;0.180102;0.830682;,
   0.185551;0.503835;0.843636;,
   0.216239;0.466508;0.857678;,
   0.239845;0.442911;0.863889;,
   0.078004;0.991628;0.102903;,
   0.036833;0.996729;-0.071931;,
   0.186888;0.980126;-0.066534;,
   0.062755;0.958587;0.277800;,
   -0.064039;0.992287;0.106139;,
   -0.061731;0.989939;-0.127321;,
   0.083716;0.959523;-0.268899;,
   0.234659;0.943462;-0.234126;,
   0.233117;0.958571;0.163702;,
   -0.038467;0.906478;0.420496;,
   -0.160983;0.953072;0.256395;,
   -0.197682;0.980228;-0.008631;,
   -0.134191;0.951582;-0.276557;,
   0.012523;0.906176;-0.422715;,
   0.176572;0.881511;-0.437906;,
   0.328812;0.887093;-0.323959;,
   0.386553;0.920014;-0.064434;,
   0.398686;0.908582;0.124614;,
   0.353622;0.888994;0.290931;,
   0.141268;0.893292;0.426701;,
   0.098473;0.782134;0.615280;,
   -0.033824;0.800494;0.598386;,
   -0.207283;0.864145;0.458571;,
   -0.268397;0.894014;0.358752;,
   -0.299399;0.922497;0.243640;,
   -0.323458;0.939037;0.116549;,
   -0.337753;0.941119;-0.014748;,
   -0.312070;0.939037;-0.144295;,
   -0.277027;0.922496;-0.268807;,
   -0.223132;0.883011;-0.412921;,
   -0.108080;0.845021;-0.523696;,
   0.016101;0.801377;-0.597943;,
   0.117416;0.794678;-0.595567;,
   0.191707;0.780797;-0.594646;,
   0.262955;0.790549;-0.553071;,
   0.334747;0.797275;-0.502291;,
   0.404681;0.800481;-0.442112;,
   0.455304;0.821220;-0.343942;,
   0.500208;0.834188;-0.232214;,
   0.535083;0.837373;-0.111772;,
   0.551193;0.834313;0.010424;,
   0.526176;0.841489;0.122617;,
   0.470981;0.839392;0.271291;,
   0.430561;0.814301;0.389270;,
   0.344009;0.802587;0.487351;,
   0.053807;0.648034;0.759708;,
   -0.051991;0.664456;0.745517;,
   -0.133267;0.708346;0.693171;,
   -0.225988;0.737628;0.636266;,
   -0.378691;0.786916;0.487192;,
   -0.453317;0.829958;0.325074;,
   -0.491718;0.856083;0.159173;,
   -0.500088;0.865699;-0.021836;,
   -0.475974;0.856083;-0.201423;,
   -0.423260;0.829958;-0.363347;,
   -0.350041;0.793843;-0.497277;,
   -0.250869;0.774694;-0.580444;,
   -0.173701;0.718294;-0.673708;,
   -0.073277;0.709846;-0.700535;,
   0.013183;0.664457;-0.747210;,
   0.106944;0.649547;-0.752762;,
   0.200823;0.643057;-0.739018;,
   0.294763;0.644811;-0.705219;,
   0.387989;0.654236;-0.649184;,
   0.478248;0.670076;-0.567694;,
   0.560945;0.689950;-0.457503;,
   0.628605;0.710000;-0.317420;,
   0.661520;0.738864;-0.128343;,
   0.657069;0.725487;0.204764;,
   0.598550;0.709997;0.371001;,
   0.518936;0.689949;0.504654;,
   0.426952;0.670076;0.607215;,
   0.313029;0.654384;0.688327;,
   0.042299;0.489283;0.871099;,
   -0.093903;0.485525;0.869165;,
   -0.202493;0.510591;0.835640;,
   -0.311639;0.544043;0.779037;,
   -0.417761;0.610677;0.672718;,
   -0.524535;0.630900;0.571688;,
   -0.614474;0.675665;0.407306;,
   -0.675062;0.709693;0.201563;,
   -0.690605;0.722603;-0.030153;,
   -0.654926;0.709693;-0.259632;,
   -0.576636;0.675666;-0.459310;,
   -0.472714;0.630901;-0.615228;,
   -0.358359;0.585044;-0.727532;,
   -0.242555;0.544042;-0.803234;,
   -0.128892;0.510592;-0.850107;,
   -0.017793;0.485526;-0.874041;,
   0.091829;0.468889;-0.878471;,
   0.201587;0.460506;-0.864463;,
   0.312996;0.460198;-0.830813;,
   0.426803;0.467706;-0.774009;,
   0.541907;0.482372;-0.688225;,
   0.653543;0.502457;-0.566055;,
   0.751056;0.524248;-0.401345;,
   0.817512;0.541770;-0.195343;,
   0.835299;0.548585;0.036470;,
   0.797375;0.541772;0.265849;,
   0.713218;0.524250;0.465277;,
   0.601721;0.502456;0.620862;,
   0.479863;0.482372;0.732836;,
   0.335806;0.454526;0.825010;,
   0.014345;0.266708;0.963671;,
   -0.134269;0.263665;0.955224;,
   -0.256151;0.285761;0.923432;,
   -0.382176;0.314013;0.869101;,
   -0.513066;0.348496;0.784419;,
   -0.645392;0.387922;0.658016;,
   -0.767316;0.427940;0.477591;,
   -0.855270;0.459671;0.239199;,
   -0.880731;0.472052;-0.038452;,
   -0.831165;0.459674;-0.312833;,
   -0.722773;0.427938;-0.542650;,
   -0.585587;0.387924;-0.711760;,
   -0.442747;0.348496;-0.826151;,
   -0.304974;0.314015;-0.899103;,
   -0.174694;0.285763;-0.942243;,
   -0.050504;0.263666;-0.963291;,
   0.070392;0.247258;-0.966389;,
   0.191155;0.236105;-0.952740;,
   0.314851;0.229934;-0.920869;,
   0.443942;0.228607;-0.866403;,
   0.579139;0.231959;-0.781533;,
   0.716798;0.239395;-0.654898;,
   0.844394;0.249215;-0.474226;,
   0.936963;0.258025;-0.235633;,
   0.964246;0.261644;0.042096;,
   0.910119;0.217118;0.352908;,
   0.801348;0.241091;0.547464;,
   0.656991;0.239397;0.714879;,
   0.508820;0.231957;0.829035;,
   0.366740;0.228603;0.901799;,
   0.240779;0.268418;0.932726;,
   -0.022857;0.034341;0.999149;,
   -0.168158;0.014241;0.985657;,
   -0.295720;0.028916;0.954837;,
   -0.429530;0.044410;0.901960;,
   -0.571235;0.060955;0.818520;,
   -0.718090;0.078302;0.691532;,
   -0.857418;0.095083;0.505760;,
   -0.961086;0.108138;0.254206;,
   -0.992626;0.113207;-0.043341;,
   -0.935274;0.108132;-0.337003;,
   -0.810075;0.095087;-0.578565;,
   -0.655089;0.078298;-0.751484;,
   -0.497722;0.060953;-0.865192;,
   -0.349284;0.044409;-0.935964;,
   -0.211376;0.028915;-0.976977;,
   -0.081612;0.014242;-0.996562;,
   0.043620;0.000000;-0.999048;,
   0.168158;-0.014242;-0.985657;,
   0.295720;-0.028916;-0.954837;,
   0.429531;-0.044410;-0.901959;,
   0.571235;-0.060956;-0.818520;,
   0.718091;-0.078302;-0.691530;,
   0.857418;-0.095086;-0.505760;,
   0.961086;-0.108134;-0.254207;,
   0.992626;-0.113203;0.043341;,
   0.917491;-0.138752;0.372771;,
   0.655087;-0.078299;0.751485;,
   0.497721;-0.060951;0.865193;,
   0.349284;-0.044409;0.935964;,
   0.211376;-0.028917;0.976977;,
   0.083275;-0.000740;0.996526;,
   -0.070392;-0.247258;0.966389;,
   -0.191156;-0.236105;0.952740;,
   -0.314850;-0.229934;0.920869;,
   -0.443941;-0.228605;0.866404;,
   -0.579139;-0.231955;0.781534;,
   -0.716797;-0.239395;0.654898;,
   -0.844394;-0.249211;0.474228;,
   -0.936963;-0.258027;0.235632;,
   -0.964245;-0.261648;-0.042099;,
   -0.912861;-0.258024;-0.316400;,
   -0.799849;-0.249213;-0.546017;,
   -0.656992;-0.239394;-0.714879;,
   -0.508819;-0.231957;-0.829035;,
   -0.366740;-0.228606;-0.901799;,
   -0.233394;-0.229933;-0.944806;,
   -0.107391;-0.236106;-0.965775;,
   0.014102;-0.247259;-0.968847;,
   0.134268;-0.263665;-0.955224;,
   0.256151;-0.285762;-0.923432;,
   0.382177;-0.314016;-0.869100;,
   0.513067;-0.348498;-0.784418;,
   0.645393;-0.387924;-0.658015;,
   0.767315;-0.427939;-0.477593;,
   0.855269;-0.459672;-0.239201;,
   0.880731;-0.472054;0.038455;,
   0.831167;-0.459670;0.312833;,
   0.748989;-0.394095;0.532640;,
   0.585586;-0.387926;0.711760;,
   0.442747;-0.348498;0.826150;,
   0.304974;-0.314015;0.899103;,
   0.174696;-0.285762;0.942243;,
   0.050502;-0.263666;0.963291;,
   -0.091829;-0.468889;0.878471;,
   -0.201588;-0.460507;0.864463;,
   -0.312996;-0.460198;0.830814;,
   -0.426802;-0.467708;0.774009;,
   -0.541907;-0.482373;0.688225;,
   -0.653543;-0.502456;0.566055;,
   -0.751055;-0.524251;0.401344;,
   -0.817513;-0.541770;0.195341;,
   -0.835300;-0.548584;-0.036471;,
   -0.797376;-0.541772;-0.265848;,
   -0.713219;-0.524248;-0.465277;,
   -0.601721;-0.502458;-0.620861;,
   -0.479862;-0.482372;-0.732836;,
   -0.357719;-0.467706;-0.808263;,
   -0.239395;-0.460198;-0.854932;,
   -0.125477;-0.460507;-0.878743;,
   -0.014916;-0.468889;-0.883131;,
   0.093902;-0.485527;-0.869164;,
   0.202493;-0.510592;-0.835639;,
   0.311640;-0.544042;-0.779037;,
   0.420406;-0.585043;-0.693530;,
   0.524536;-0.630900;-0.571688;,
   0.614475;-0.675664;-0.407306;,
   0.675062;-0.709692;-0.201563;,
   0.690605;-0.722604;0.030152;,
   0.654926;-0.709691;0.259634;,
   0.576636;-0.675666;0.459312;,
   0.472714;-0.630900;0.615229;,
   0.358361;-0.585044;0.727531;,
   0.218679;-0.563994;0.796298;,
   0.114972;-0.540226;0.833629;,
   0.017792;-0.485527;0.874041;,
   -0.193812;-0.643098;0.740852;,
   -0.294762;-0.644810;0.705220;,
   -0.380917;-0.677473;0.629232;,
   -0.478248;-0.670077;0.567693;,
   -0.546342;-0.711809;0.441405;,
   -0.628606;-0.709999;0.317421;,
   -0.671709;-0.725198;0.151313;,
   -0.681826;-0.730908;-0.029770;,
   -0.655966;-0.725198;-0.209278;,
   -0.598549;-0.709999;-0.371000;,
   -0.518936;-0.689949;-0.504654;,
   -0.426951;-0.670077;-0.607215;,
   -0.329933;-0.654237;-0.680528;,
   -0.232177;-0.644811;-0.728225;,
   -0.135648;-0.643057;-0.753709;,
   -0.044496;-0.672863;-0.738428;,
   0.051991;-0.664457;-0.745516;,
   0.134054;-0.709846;-0.691482;,
   0.231758;-0.718295;-0.656003;,
   0.300502;-0.774695;-0.556369;,
   0.392048;-0.793844;-0.464877;,
   0.453316;-0.829958;-0.325075;,
   0.491718;-0.856083;-0.159172;,
   0.500089;-0.865699;0.021834;,
   0.475973;-0.856083;0.201423;,
   0.423260;-0.829957;0.363348;,
   0.350041;-0.793843;0.497277;,
   0.264760;-0.754811;0.600135;,
   0.158480;-0.737976;0.655954;,
   -0.002619;-0.655824;0.754909;,
   -0.163784;-0.771682;0.614558;,
   -0.286115;-0.794925;0.535006;,
   -0.409899;-0.811525;0.416425;,
   -0.492439;-0.828204;0.267549;,
   -0.535083;-0.837373;0.111770;,
   -0.531534;-0.846761;-0.021629;,
   -0.514287;-0.843283;-0.156148;,
   -0.485178;-0.827641;-0.282155;,
   -0.424996;-0.821470;-0.380217;,
   -0.359155;-0.808045;-0.466980;,
   -0.291938;-0.789010;-0.540588;,
   -0.215353;-0.790581;-0.573240;,
   -0.114834;-0.779851;-0.615342;,
   0.014465;-0.803116;-0.595647;,
   0.158208;-0.852428;-0.498335;,
   0.250029;-0.890057;-0.381162;,
   0.309195;-0.918235;-0.247475;,
   0.293923;-0.951380;-0.092114;,
   0.303570;-0.952710;0.013732;,
   0.291667;-0.946387;0.138857;,
   0.242779;-0.938308;0.246244;,
   0.227774;-0.899120;0.373767;,
   0.158650;-0.854864;0.494003;,
   0.053026;-0.833602;0.549814;,
   -0.067330;-0.782682;0.618769;,
   -0.195323;-0.877130;0.438739;,
   -0.317351;-0.894433;0.315082;,
   -0.408717;-0.908799;0.083876;,
   -0.380852;-0.901286;-0.206482;,
   -0.244687;-0.887635;-0.390170;,
   -0.080815;-0.884524;-0.459442;,
   0.062278;-0.922593;-0.380714;,
   0.181152;-0.961096;-0.208516;,
   0.091566;-0.939124;0.331152;,
   -0.045289;-0.894240;0.445290;,
   -0.194596;-0.947317;0.254407;,
   -0.295099;-0.953429;0.062360;,
   -0.255401;-0.951307;-0.172585;,
   -0.089716;-0.951510;-0.294243;,
   0.035582;-0.988807;-0.144893;,
   0.117216;-0.990540;0.071350;,
   -0.040726;-0.962615;0.267793;,
   -0.190613;-0.980565;-0.046457;,
   -0.069220;-0.990587;-0.118089;,
   -0.076053;-0.992640;0.094248;,
   -0.106086;-0.994349;0.004080;,
   0.670051;0.740945;0.045076;,
   0.249596;0.876625;0.411377;,
   0.823235;-0.058969;0.564629;,
   -0.108078;-0.664657;0.739291;,
   0.091720;-0.683788;0.723893;,
   -0.125272;0.826943;0.548154;,
   -0.313665;0.754179;0.576913;,
   0.572900;-0.058544;-0.817532;,
   -0.436436;-0.218218;0.872872;,
   0.128587;0.647469;-0.751166;,
   -0.976151;-0.204353;0.073272;,
   -0.994376;-0.032245;0.100878;,
   0.140327;0.453835;-0.879967;,
   0.120110;0.192689;-0.973881;,
   -0.988383;0.069054;0.135390;,
   0.096140;-0.017940;-0.995206;,
   -0.953292;0.234753;0.190069;,
   -0.933508;-0.355559;-0.046267;,
   0.085729;0.843461;-0.530306;,
   0.076180;0.775686;-0.626505;,
   -0.933945;-0.344056;0.096816;,
   0.073989;-0.253639;-0.964465;,
   -0.904077;0.340402;0.258403;,
   -0.000779;-0.364450;-0.931223;,
   -0.878781;0.454749;0.144729;,
   -0.058163;-0.357239;-0.932200;,
   0.742870;0.602834;0.291092;,
   0.100704;0.873136;-0.476962;,
   -0.609582;-0.753737;-0.245541;,
   0.006585;0.815652;-0.578506;,
   0.904638;-0.425793;-0.018190;,
   0.928605;0.193239;0.316784;,
   -0.045834;-0.239974;-0.969697;,
   0.027464;0.641447;-0.766676;,
   0.943235;-0.299154;0.144273;,
   0.049713;0.460191;-0.886427;,
   0.974386;-0.130607;0.183065;,
   0.010353;0.253639;-0.967243;,
   0.978190;-0.021247;0.206625;,
   -0.018316;0.007054;-0.999807;,
   0.964193;0.083331;0.251768;,
   -0.989761;0.003370;-0.142691;,
   -0.998615;-0.034351;0.039858;,
   -0.989065;0.123582;0.080492;,
   -0.982032;0.159844;-0.100311;,
   -0.951648;0.056402;-0.301970;,
   -0.958348;-0.075676;-0.275393;,
   -0.969398;-0.175722;-0.171434;,
   -0.984096;-0.174730;-0.032003;,
   -0.953080;0.293608;0.073714;,
   -0.946861;0.318635;-0.043891;,
   -0.940201;0.291691;-0.175895;,
   -0.878333;0.234450;-0.416610;,
   -0.948706;-0.311634;-0.053299;,
   -0.919150;0.363739;0.151187;,
   -0.416093;0.072546;-0.906424;,
   -0.033967;-0.496121;-0.867589;,
   -0.062178;-0.897655;-0.436291;,
   -0.663239;0.747426;0.038319;,
   -0.227502;0.521486;-0.822371;,
   0.727597;0.391679;-0.563196;,
   0.945353;-0.043552;-0.323127;,
   0.931444;-0.238498;-0.274829;,
   0.920164;-0.372727;-0.119890;,
   0.938702;0.251421;0.235851;,
   0.946193;0.317498;0.062559;,
   0.879532;0.326810;-0.345858;,
   0.976457;-0.029523;-0.213683;,
   0.969741;-0.179136;-0.165872;,
   0.963257;-0.257695;-0.075690;,
   0.947684;-0.316735;0.039673;,
   0.967175;0.141151;0.211304;,
   0.984212;0.171042;0.045508;,
   0.987490;0.138903;-0.074627;,
   0.981569;0.059537;-0.181598;,
   0.991324;-0.108295;-0.074490;,
   0.978846;-0.170122;0.113664;,
   0.989884;0.011066;0.141445;,
   0.998629;0.008491;-0.051658;,
   0.249031;0.470504;0.846528;,
   -0.964006;-0.056882;-0.259724;,
   0.167731;0.238507;0.956546;,
   -0.937591;0.068406;-0.340947;,
   0.270942;0.631887;0.726161;,
   -0.965801;-0.198078;-0.167313;,
   0.273497;0.785656;0.554927;,
   -0.929516;-0.331328;-0.161931;,
   0.248121;0.835731;0.489888;,
   -0.931873;-0.362764;-0.003906;,
   0.502026;-0.830517;0.241272;,
   0.210983;0.860621;0.463484;,
   0.111190;-0.272689;0.955656;,
   -0.855332;0.371077;-0.361537;,
   0.128720;-0.150016;0.980268;,
   -0.906145;0.284784;-0.312729;,
   0.144598;-0.021370;0.989260;,
   -0.923696;0.152519;-0.351460;,
   0.091877;-0.391003;0.915792;,
   0.091847;0.704716;-0.703519;,
   0.168085;0.810613;0.560940;,
   0.904943;-0.418152;0.078905;,
   0.111183;-0.272687;0.955657;,
   0.933213;0.255613;-0.252538;,
   0.128710;-0.150018;0.980270;,
   0.954868;0.132744;-0.265718;,
   0.144597;-0.021372;0.989260;,
   0.942912;0.048117;-0.329548;,
   0.088774;0.427313;0.899735;,
   0.950064;-0.207233;-0.233309;,
   0.083904;0.186888;0.978792;,
   0.959463;-0.013031;-0.281534;,
   0.123252;0.657816;0.743026;,
   0.930630;-0.344047;-0.124737;,
   -0.987762;-0.033298;-0.152373;,
   -0.999161;-0.038553;0.013809;,
   -0.991432;0.117918;0.056192;,
   -0.982032;0.159844;-0.100312;,
   -0.953035;0.069077;-0.294877;,
   -0.981978;-0.185301;-0.037192;,
   -0.980416;-0.174107;0.092037;,
   -0.980681;-0.073100;0.181440;,
   -0.974033;0.061488;0.217895;,
   -0.962270;0.193257;0.191542;,
   -0.954945;0.282575;0.090727;,
   -0.946860;0.318636;-0.043892;,
   -0.936087;0.295035;-0.191559;,
   -0.945815;0.177735;-0.271742;,
   -0.951806;-0.300940;-0.059170;,
   -0.765998;-0.588391;0.258929;,
   -0.109447;-0.496118;0.861329;,
   -0.084818;0.002527;0.996393;,
   -0.048511;0.501168;0.863989;,
   -0.010253;0.866195;0.499602;,
   0.019702;0.999806;0.000862;,
   0.062688;0.796465;-0.601426;,
   0.894948;-0.397807;0.202033;,
   0.903946;-0.238501;0.354964;,
   0.912917;-0.056860;0.404166;,
   0.926142;0.124781;0.355937;,
   0.940079;0.257746;0.223200;,
   0.950991;0.306417;0.041523;,
   0.958539;0.239565;-0.154310;,
   0.977252;-0.037512;-0.208736;,
   0.964361;-0.198694;-0.174723;,
   0.959010;-0.271888;-0.079858;,
   0.941921;-0.335014;0.023456;,
   0.942809;-0.298928;0.147488;,
   0.954402;-0.176810;0.240530;,
   0.960327;-0.056870;0.273017;,
   0.966244;0.060610;0.250396;,
   0.977228;0.138904;0.160409;,
   0.984434;0.171039;0.040441;,
   0.985919;0.148359;-0.077160;,
   0.981370;0.081309;-0.174074;,
   0.991432;-0.117919;-0.056193;,
   0.982033;-0.159839;0.100309;,
   0.989762;-0.003377;0.142688;,
   0.999161;0.038553;-0.013809;,
   -0.483192;-0.736325;0.473657;,
   -0.458174;-0.752975;-0.472341;,
   -0.355037;-0.910120;0.213614;,
   0.042178;-0.182420;-0.982316;,
   -0.368073;-0.827094;0.424779;,
   -0.253024;-0.792598;0.554767;,
   -0.043815;-0.326806;-0.944075;,
   0.017211;-0.339300;0.940521;,
   -0.082265;-0.497284;0.863679;,
   -0.156159;-0.650110;-0.743621;,
   -0.004034;-0.380141;-0.924920;,
   0.043284;-0.424370;0.904454;,
   0.145745;-0.919132;-0.365997;,
   0.272405;-0.838045;-0.472733;,
   0.369026;-0.804931;-0.464657;,
   0.895849;-0.368361;-0.248525;,
   0.191933;-0.980954;0.029836;,
   -0.713240;-0.607985;-0.348773;,
   0.191128;-0.981540;-0.007066;,
   -0.749685;-0.628560;0.207087;,
   0.041469;-0.884188;0.465287;,
   -0.276184;-0.278878;0.919755;,
   -0.210992;-0.214399;-0.953685;,
   -0.694289;-0.573090;0.435351;,
   0.110420;-0.917328;0.382513;,
   0.229358;-0.835907;0.498653;,
   0.326084;-0.802925;0.498980;,
   0.879943;-0.285328;0.379852;,
   -0.661658;-0.564831;-0.493128;,
   -0.215499;-0.170687;0.961471;,
   -0.241338;0.851961;-0.464670;,
   -0.227303;0.911982;-0.341501;,
   -0.322208;0.946658;-0.004527;,
   -0.566316;0.795008;-0.217367;,
   -0.125804;0.991014;0.045428;,
   -0.726986;-0.627316;-0.279225;,
   -0.144852;0.976232;0.161211;,
   -0.292054;0.947444;0.130590;,
   -0.693421;0.685180;0.222925;,
   -0.136257;0.989394;-0.050328;,
   -0.749685;-0.628560;0.207086;,
   -0.110029;0.971591;-0.209534;,
   -0.297511;0.933802;-0.198751;,
   -0.703704;0.662471;-0.256774;,
   -0.210992;-0.214399;-0.953685;,
   -0.298102;0.809565;0.505707;,
   -0.694289;-0.573089;0.435353;,
   -0.229042;0.957159;0.177160;,
   -0.327936;0.927542;0.179229;,
   -0.591076;0.801938;0.086747;,
   -0.031845;0.293245;-0.955507;,
   0.998211;-0.019159;0.056629;,
   -0.084881;0.237374;0.967703;,
   0.992809;-0.116292;0.028409;,
   -0.873468;0.399043;-0.278958;,
   -0.980070;0.174985;0.094037;,
   -0.934246;0.270486;-0.232427;,
   -0.803102;0.535155;-0.261985;,
   -0.591194;0.365090;0.719166;,
   0.087888;-0.888339;-0.450698;,
   -0.417380;-0.292953;-0.860216;,
   -0.215499;-0.170687;0.961471;,
   -0.128841;-0.014351;-0.991561;,
   0.040978;-0.542792;-0.838867;,
   0.043619;0.000000;-0.999048;,
   0.190283;-0.510886;-0.838324;,
   0.043619;-0.000000;-0.999048;,
   0.250495;-0.494286;-0.832426;,
   0.520289;-0.389620;-0.759931;,
   -0.186152;-0.224197;-0.956600;,
   -0.215499;-0.170687;0.961471;,
   -0.244721;0.394573;-0.885677;,
   -0.148947;-0.085471;-0.985144;,
   -0.262229;0.720867;-0.641550;,
   0.043619;0.000000;-0.999048;,
   -0.272130;0.826134;-0.493404;,
   0.043619;-0.000000;-0.999048;,
   -0.272490;0.539771;-0.796490;,
   0.043619;0.000000;-0.999048;,
   -0.110045;0.483536;-0.868379;,
   0.828454;-0.390110;-0.401845;,
   -0.210562;-0.101806;0.972265;,
   -0.036290;-0.535456;0.843783;,
   -0.043619;-0.000000;0.999048;,
   0.114074;-0.503478;0.856444;,
   -0.043619;-0.000000;0.999048;,
   0.173741;-0.487257;0.855801;,
   0.876259;-0.480743;0.032509;,
   -0.320047;0.148736;0.935654;,
   -0.210992;-0.214399;-0.953685;,
   -0.174401;-0.011011;0.984613;,
   -0.283175;0.804160;0.522627;,
   -0.043619;-0.000000;0.999048;,
   -0.289303;0.852507;0.435357;,
   -0.043619;0.000000;0.999048;,
   -0.290805;0.829070;0.477572;,
   -0.112575;0.274262;0.955043;,
   0.610797;-0.487574;-0.623858;,
   -0.211981;0.401519;0.890981;,
   0.013670;0.163695;-0.986416;,
   0.976169;0.198291;0.088179;,
   0.763229;0.518391;0.385684;,
   0.529361;0.763255;0.370430;,
   0.961346;0.267607;0.064816;,
   0.963418;0.267593;0.014799;,
   0.342553;0.680263;-0.647997;,
   0.418654;0.907962;0.018279;,
   0.980092;0.198204;-0.011580;,
   -0.062060;0.104244;0.992614;,
   0.529937;0.558097;-0.638510;,
   -0.491154;0.083711;-0.867041;,
   -0.865600;-0.136247;0.481844;,
   -0.973911;-0.014508;0.226466;,
   -0.714528;0.698911;-0.031197;,
   -0.670683;0.173819;0.721090;,
   -0.941833;0.018067;-0.335594;,
   -0.714528;0.698911;-0.031197;,
   -0.331944;0.496076;-0.802323;,
   -0.066720;0.137465;0.988257;,
   -0.410533;0.226592;-0.883243;,
   -0.784172;-0.163953;-0.598493;,
   -0.198949;0.310949;0.929371;,
   -0.011411;0.326879;-0.944997;,
   0.675335;0.348756;0.649840;,
   -0.305615;0.318008;0.897480;,
   0.349664;0.858007;0.376244;,
   -0.001696;0.299677;-0.954039;,
   0.118558;0.992934;0.005176;,
   0.313772;0.402055;-0.860174;,
   -0.077781;0.205192;0.975626;,
   -0.375197;0.034313;0.926310;,
   -0.013662;0.320571;-0.947126;,
   -0.356275;0.220200;0.908064;,
   -0.475203;0.879632;-0.020748;,
   -0.475203;0.879632;-0.020748;,
   -0.341170;0.202033;-0.918034;,
   -0.231523;0.151872;-0.960902;,
   -0.075760;0.203067;0.976230;,
   -0.968989;0.079695;0.233901;,
   -0.181747;0.983340;0.003264;,
   0.767089;0.261466;0.585841;,
   -0.128340;0.974411;0.184533;,
   0.403766;0.189915;-0.894933;,
   -0.241266;0.918211;-0.314132;,
   -0.968989;0.079695;0.233901;,
   -0.164891;0.986286;-0.007201;,
   0.403766;0.189915;-0.894933;,
   -0.164891;0.986286;-0.007201;,
   0.767089;0.261465;0.585841;,
   -0.164891;0.986286;-0.007201;,
   -0.232546;0.474208;-0.849146;,
   -0.272201;0.518408;-0.810654;,
   0.930281;0.276310;-0.241310;,
   -0.225382;0.881169;-0.415624;,
   -0.231466;0.648022;-0.725597;,
   0.767093;0.261468;0.585836;,
   -0.123363;0.961364;0.246091;,
   0.767090;0.261466;0.585839;,
   -0.968989;0.079695;0.233900;,
   -0.164890;0.986286;-0.007205;,
   0.403765;0.189914;-0.894934;,
   -0.164890;0.986286;-0.007205;,
   0.767090;0.261465;0.585840;,
   -0.164890;0.986286;-0.007205;,
   -0.225752;0.483961;-0.845469;,
   -0.409931;-0.031628;-0.911568;,
   -0.409931;-0.031628;-0.911568;,
   0.403792;0.189900;-0.894925;,
   0.930218;0.276315;-0.241546;,
   -0.409931;-0.031632;-0.911568;,
   -0.409931;-0.031635;-0.911568;,
   -0.247577;0.725055;-0.642651;,
   -0.968989;0.079695;0.233900;,
   -0.166402;0.972992;0.159993;,
   0.930218;0.276315;-0.241546;,
   -0.234092;0.627695;-0.742428;,
   -0.278143;0.673436;-0.684924;,
   -0.254228;0.631357;-0.732637;,
   -0.234186;0.795062;-0.559493;,
   -0.234612;0.753280;-0.614432;,
   -0.234201;0.795022;-0.559544;,
   -0.968989;0.079696;0.233900;,
   0.164892;-0.986285;0.007202;,
   0.403770;0.189916;-0.894931;,
   0.164893;-0.986285;0.007203;,
   0.767089;0.261466;0.585841;,
   0.164898;-0.986284;0.007198;,
   -0.968988;0.079698;0.233901;,
   -0.164890;0.986286;-0.007196;,
   0.403770;0.189916;-0.894931;,
   -0.164890;0.986286;-0.007196;,
   0.767089;0.261466;0.585841;,
   -0.164890;0.986286;-0.007196;,
   0.930200;0.276347;-0.241578;,
   -0.409930;-0.031633;-0.911568;,
   0.164872;-0.986289;0.007123;,
   0.930200;0.276347;-0.241578;,
   -0.968988;0.079701;0.233900;,
   0.164898;-0.986284;0.007198;,
   -0.968991;0.079692;0.233893;,
   0.164898;-0.986284;0.007198;,
   0.058214;0.060581;0.996464;,
   0.930196;0.276352;-0.241589;,
   -0.254751;0.799267;-0.544311;,
   -0.244827;0.769957;-0.589259;,
   -0.233680;0.772772;-0.590099;,
   0.164891;-0.986286;0.007201;,
   -0.968991;0.079692;0.233893;,
   0.403766;0.189917;-0.894933;,
   0.164891;-0.986286;0.007201;,
   0.767088;0.261464;0.585844;,
   0.164891;-0.986286;0.007201;,
   -0.968989;0.079695;0.233900;,
   -0.164890;0.986286;-0.007196;,
   0.403766;0.189915;-0.894933;,
   -0.164890;0.986286;-0.007196;,
   0.767089;0.261465;0.585842;,
   -0.164890;0.986286;-0.007196;,
   -0.098736;0.978019;-0.183659;,
   -0.208009;0.977475;0.035702;,
   -0.694289;-0.573089;0.435353;,
   -0.694288;-0.573091;0.435352;,
   -0.694288;-0.573089;0.435354;,
   -0.217372;0.973091;0.076435;,
   -0.976386;0.109247;-0.186376;,
   0.130402;-0.991445;0.005694;,
   0.744619;0.222598;-0.629279;,
   0.130402;-0.991445;0.005694;,
   0.455301;0.193149;0.869134;,
   0.130402;-0.991445;0.005694;,
   -0.976386;0.109246;-0.186376;,
   -0.130402;0.991445;-0.005694;,
   0.744619;0.222598;-0.629279;,
   -0.130402;0.991445;-0.005694;,
   0.455301;0.193149;0.869134;,
   -0.130402;0.991445;-0.005694;,
   -0.099012;0.940008;-0.326469;,
   -0.229735;0.972147;0.046390;,
   -0.253287;0.905533;0.340376;,
   -0.275843;0.832499;0.480475;,
   -0.177243;0.983952;0.020559;,
   -0.275840;0.832510;0.480458;,
   -0.976386;0.109246;-0.186376;,
   0.130402;-0.991445;0.005694;,
   0.744620;0.222597;-0.629278;,
   0.130402;-0.991445;0.005694;,
   0.455303;0.193150;0.869133;,
   0.130402;-0.991445;0.005694;,
   -0.976386;0.109247;-0.186375;,
   -0.130400;0.991445;-0.005697;,
   0.744620;0.222597;-0.629278;,
   -0.130400;0.991445;-0.005697;,
   0.455300;0.193148;0.869135;,
   -0.130400;0.991445;-0.005697;,
   -0.066976;0.975404;-0.210001;,
   -0.218799;0.973110;0.071996;,
   -0.253287;0.905535;0.340371;,
   -0.309267;0.601818;0.736321;,
   -0.281333;0.772132;0.569793;,
   -0.253287;0.905533;0.340376;,
   -0.117930;0.988911;-0.090262;,
   -0.281332;0.772141;0.569782;,
   -0.976386;0.109246;-0.186376;,
   0.130403;-0.991445;0.005693;,
   0.744620;0.222597;-0.629278;,
   0.130402;-0.991445;0.005695;,
   0.455299;0.193149;0.869135;,
   0.130408;-0.991444;0.005692;,
   0.744620;0.222597;-0.629278;,
   -0.976386;0.109246;-0.186377;,
   -0.130400;0.991445;-0.005697;,
   0.744620;0.222598;-0.629278;,
   -0.130400;0.991445;-0.005697;,
   0.455299;0.193149;0.869135;,
   -0.130400;0.991445;-0.005697;,
   0.950269;0.248034;0.188331;,
   0.009203;0.038798;-0.999205;,
   0.130402;-0.991445;0.005703;,
   0.950266;0.248025;0.188358;,
   -0.976386;0.109245;-0.186376;,
   0.130408;-0.991444;0.005692;,
   -0.976333;0.109710;-0.186380;,
   0.130408;-0.991444;0.005692;,
   -0.363614;0.001033;0.931549;,
   0.950264;0.248031;0.188357;,
   -0.100572;0.947945;-0.302134;,
   -0.118471;0.960558;-0.251581;,
   -0.253285;0.905540;0.340358;,
   -0.188697;0.981434;0.034368;,
   -0.203206;0.974425;0.095933;,
   0.130402;-0.991445;0.005694;,
   -0.976333;0.109710;-0.186380;,
   0.744620;0.222597;-0.629278;,
   0.130402;-0.991445;0.005694;,
   0.455302;0.193149;0.869134;,
   0.130402;-0.991445;0.005694;,
   -0.976386;0.109246;-0.186376;,
   -0.130400;0.991445;-0.005697;,
   0.744620;0.222598;-0.629278;,
   -0.130400;0.991445;-0.005697;,
   0.455300;0.193148;0.869135;,
   -0.130400;0.991445;-0.005697;,
   -0.015350;0.316089;-0.948606;,
   -0.660053;0.028251;0.750687;,
   -0.000660;0.241876;-0.970307;,
   0.432611;0.508452;-0.744529;,
   0.418653;0.907962;0.018279;,
   -0.014098;0.322817;-0.946356;,
   0.603609;0.547917;0.579174;;
   2233;
   3;2,7,10;,
   3;7,2,4;,
   3;8,4,100;,
   3;4,8,7;,
   3;6,10,9;,
   3;11,10,7;,
   3;7,12,11;,
   3;12,7,8;,
   3;10,17,15;,
   3;17,10,11;,
   3;11,19,17;,
   3;19,11,12;,
   3;21,29,23;,
   3;23,30,25;,
   3;30,23,29;,
   3;25,31,27;,
   3;31,25,30;,
   3;21,33,29;,
   3;33,21,32;,
   3;29,34,30;,
   3;34,29,33;,
   3;30,35,31;,
   3;35,30,34;,
   3;32,38,33;,
   3;38,32,36;,
   3;33,40,34;,
   3;40,33,38;,
   3;34,42,35;,
   3;42,34,40;,
   3;0,24,3;,
   3;24,0,22;,
   3;3,26,5;,
   3;26,3,24;,
   3;28,5,26;,
   3;171,178,174;,
   3;178,171,176;,
   3;129,139,131;,
   3;139,129,136;,
   3;185,193,187;,
   3;193,185,190;,
   3;20,41,18;,
   3;41,20,43;,
   3;18,39,16;,
   3;39,18,41;,
   3;16,37,13;,
   3;37,16,39;,
   3;75,80,73;,
   3;80,75,82;,
   3;73,78,71;,
   3;78,73,80;,
   3;71,77,69;,
   3;77,71,78;,
   3;9,46,6;,
   3;46,9,47;,
   3;52,21,50;,
   3;32,21,52;,
   3;32,53,36;,
   3;85,86,84;,
   3;86,85,87;,
   3;48,223,225;,
   3;32,66,53;,
   3;66,32,64;,
   3;86,87,88;,
   3;47,57,46;,
   3;57,47,58;,
   3;52,64,32;,
   3;64,52,63;,
   3;57,241,46;,
   3;241,57,242;,
   3;91,93,92;,
   3;50,63,52;,
   3;63,50,61;,
   3;74,59,76;,
   3;65,83,67;,
   3;83,65,97;,
   3;82,98,80;,
   3;88,89,86;,
   3;89,88,90;,
   3;58,72,57;,
   3;72,58,74;,
   3;63,81,64;,
   3;81,63,79;,
   3;57,70,55;,
   3;70,57,72;,
   3;91,94,93;,
   3;61,79,63;,
   3;79,61,95;,
   3;78,96,77;,
   3;37,84,13;,
   3;84,37,85;,
   3;75,90,82;,
   3;90,75,89;,
   3;13,86,49;,
   3;86,13,84;,
   3;54,85,37;,
   3;85,54,87;,
   3;49,86,60;,
   3;68,87,54;,
   3;87,68,88;,
   3;60,89,75;,
   3;89,60,86;,
   3;82,88,68;,
   3;88,82,90;,
   3;0,91,22;,
   3;77,94,69;,
   3;44,91,0;,
   3;22,92,51;,
   3;92,22,91;,
   3;56,91,44;,
   3;51,93,62;,
   3;93,51,92;,
   3;69,91,56;,
   3;91,69,94;,
   3;62,94,77;,
   3;94,62,93;,
   3;96,62,77;,
   3;99,64,81;,
   3;8,102,12;,
   3;12,103,19;,
   3;103,12,102;,
   3;31,105,27;,
   3;105,31,108;,
   3;35,108,31;,
   3;108,35,111;,
   3;42,111,35;,
   3;111,42,113;,
   3;28,101,5;,
   3;101,28,106;,
   3;20,114,43;,
   3;114,20,104;,
   3;100,119,8;,
   3;119,100,117;,
   3;146,151,144;,
   3;151,146,154;,
   3;8,120,102;,
   3;120,8,119;,
   3;111,124,108;,
   3;102,121,103;,
   3;121,102,120;,
   3;149,157,148;,
   3;157,149,159;,
   3;155,162,152;,
   3;162,155,164;,
   3;1214,120,119;,
   3;120,1214,1215;,
   3;111,137,124;,
   3;137,111,140;,
   3;176,182,178;,
   3;182,176,180;,
   3;190,202,193;,
   3;202,190,199;,
   3;109,144,107;,
   3;144,109,146;,
   3;115,148,112;,
   3;148,115,149;,
   3;125,147,110;,
   3;147,125,156;,
   3;157,112,148;,
   3;126,150,116;,
   3;125,165,156;,
   3;112,167,140;,
   3;167,112,157;,
   3;1216,130,1218;,
   3;172,130,1216;,
   3;175,130,172;,
   3;130,179,138;,
   3;179,130,175;,
   3;206,208,205;,
   3;208,206,210;,
   3;138,183,165;,
   3;183,138,179;,
   3;163,177,135;,
   3;177,163,181;,
   3;141,186,132;,
   3;186,141,191;,
   3;188,132,186;,
   3;1221,194,143;,
   3;1221,189,194;,
   3;215,217,213;,
   3;217,215,220;,
   3;143,203,195;,
   3;203,143,194;,
   3;168,192,142;,
   3;192,168,200;,
   3;166,205,163;,
   3;205,166,206;,
   3;180,211,182;,
   3;211,180,209;,
   3;163,208,181;,
   3;208,163,205;,
   3;184,207,165;,
   3;207,184,212;,
   3;196,213,169;,
   3;213,196,215;,
   3;167,218,199;,
   3;218,167,214;,
   3;201,221,204;,
   3;221,201,219;,
   3;202,216,197;,
   3;216,202,222;,
   3;106,118,101;,
   3;165,125,138;,
   3;47,224,227;,
   3;224,47,9;,
   3;226,59,58;,
   3;238,237,234;,
   3;230,236,228;,
   3;236,230,237;,
   3;232,237,230;,
   3;237,232,234;,
   3;228,234,232;,
   3;234,228,236;,
   3;229,233,231;,
   3;234,236,235;,
   3;59,223,48;,
   3;223,59,226;,
   3;59,74,58;,
   3;48,258,14;,
   3;258,224,259;,
   3;258,225,224;,
   3;48,225,258;,
   3;235,236,239;,
   3;45,243,244;,
   3;251,253,247;,
   3;255,247,253;,
   3;247,255,249;,
   3;251,249,255;,
   3;250,245,248;,
   3;252,256,254;,
   3;247,246,251;,
   3;246,249,251;,
   3;242,57,55;,
   3;55,244,242;,
   3;244,55,45;,
   3;241,6,46;,
   3;6,241,240;,
   3;240,1,6;,
   3;45,240,243;,
   3;240,45,1;,
   3;9,260,261;,
   3;260,9,10;,
   3;268,270,264;,
   3;272,264,270;,
   3;264,272,266;,
   3;266,268,262;,
   3;268,266,272;,
   3;267,263,265;,
   3;269,273,271;,
   3;262,268,264;,
   3;259,224,9;,
   3;259,9,261;,
   3;257,14,258;,
   3;275,10,276;,
   3;10,275,260;,
   3;285,277,283;,
   3;277,285,279;,
   3;287,279,285;,
   3;279,287,281;,
   3;283,281,287;,
   3;281,283,277;,
   3;282,278,280;,
   3;284,288,286;,
   3;260,14,257;,
   3;14,274,15;,
   3;260,274,14;,
   3;260,275,274;,
   3;300,292,298;,
   3;292,300,294;,
   3;302,294,300;,
   3;294,302,296;,
   3;298,296,302;,
   3;296,298,292;,
   3;297,293,295;,
   3;299,303,301;,
   3;10,274,276;,
   3;274,10,15;,
   3;289,6,290;,
   3;6,289,10;,
   3;290,6,1;,
   3;1,291,290;,
   3;291,1,2;,
   3;315,307,313;,
   3;307,315,309;,
   3;317,309,315;,
   3;309,317,311;,
   3;313,311,317;,
   3;311,313,307;,
   3;312,308,310;,
   3;314,318,316;,
   3;304,289,305;,
   3;289,304,10;,
   3;304,2,10;,
   3;306,2,304;,
   3;306,291,2;,
   3;291,305,289;,
   3;306,305,291;,
   3;367,123,362;,
   3;123,367,365;,
   3;153,323,322;,
   3;323,153,324;,
   3;374,376,375;,
   3;374,377,376;,
   3;374,378,377;,
   3;374,375,378;,
   3;375,376,380;,
   3;376,381,380;,
   3;382,376,377;,
   3;376,382,381;,
   3;377,383,382;,
   3;393,377,378;,
   3;377,393,383;,
   3;378,384,393;,
   3;378,385,384;,
   3;378,379,385;,
   3;379,378,375;,
   3;387,379,380;,
   3;379,387,386;,
   3;388,380,381;,
   3;380,388,387;,
   3;381,389,388;,
   3;390,381,382;,
   3;381,390,389;,
   3;392,383,393;,
   3;383,392,391;,
   3;394,393,384;,
   3;395,384,385;,
   3;384,395,394;,
   3;385,396,395;,
   3;385,386,396;,
   3;386,385,379;,
   3;386,398,397;,
   3;386,399,398;,
   3;399,386,387;,
   3;387,400,399;,
   3;387,401,400;,
   3;387,402,401;,
   3;402,387,388;,
   3;388,403,402;,
   3;388,404,403;,
   3;388,405,404;,
   3;405,388,389;,
   3;389,406,405;,
   3;407,389,390;,
   3;389,407,406;,
   3;1085,390,1083;,
   3;390,1085,408;,
   3;1083,410,409;,
   3;410,1083,391;,
   3;391,411,410;,
   3;392,411,391;,
   3;411,392,685;,
   3;392,412,685;,
   3;392,413,412;,
   3;413,392,393;,
   3;393,414,413;,
   3;393,415,414;,
   3;393,416,415;,
   3;416,393,394;,
   3;394,417,416;,
   3;418,394,395;,
   3;394,418,417;,
   3;395,419,418;,
   3;395,420,419;,
   3;420,395,396;,
   3;396,397,420;,
   3;397,396,386;,
   3;397,422,421;,
   3;397,423,422;,
   3;423,397,398;,
   3;398,424,423;,
   3;424,398,399;,
   3;399,425,424;,
   3;425,399,400;,
   3;400,426,425;,
   3;426,400,401;,
   3;401,427,426;,
   3;427,401,402;,
   3;402,428,427;,
   3;428,402,403;,
   3;403,429,428;,
   3;429,403,404;,
   3;404,430,429;,
   3;430,404,405;,
   3;405,431,430;,
   3;431,405,406;,
   3;406,432,431;,
   3;432,406,407;,
   3;407,434,433;,
   3;434,407,408;,
   3;408,435,434;,
   3;435,408,1085;,
   3;1085,1089,435;,
   3;1065,1075,409;,
   3;1065,409,410;,
   3;410,437,436;,
   3;437,410,411;,
   3;411,438,437;,
   3;438,411,685;,
   3;438,685,686;,
   3;439,685,412;,
   3;685,439,686;,
   3;412,440,439;,
   3;440,412,413;,
   3;413,441,440;,
   3;441,413,414;,
   3;414,442,441;,
   3;442,414,415;,
   3;415,443,442;,
   3;443,415,416;,
   3;416,444,443;,
   3;444,416,417;,
   3;417,445,444;,
   3;445,417,418;,
   3;418,446,445;,
   3;418,447,446;,
   3;447,418,419;,
   3;419,448,447;,
   3;419,449,448;,
   3;449,419,420;,
   3;420,421,449;,
   3;421,420,397;,
   3;421,451,450;,
   3;451,421,422;,
   3;422,452,451;,
   3;452,422,423;,
   3;423,453,452;,
   3;453,423,424;,
   3;424,454,453;,
   3;454,424,425;,
   3;425,455,454;,
   3;455,425,426;,
   3;426,456,455;,
   3;456,426,427;,
   3;427,457,456;,
   3;457,427,428;,
   3;428,458,457;,
   3;458,428,429;,
   3;429,459,458;,
   3;459,429,430;,
   3;430,460,459;,
   3;460,430,431;,
   3;683,433,461;,
   3;433,462,461;,
   3;462,433,434;,
   3;434,463,462;,
   3;463,434,435;,
   3;435,464,463;,
   3;464,435,1089;,
   3;464,1089,1091;,
   3;436,466,465;,
   3;466,436,437;,
   3;437,467,466;,
   3;467,437,438;,
   3;438,468,467;,
   3;468,438,686;,
   3;439,470,469;,
   3;470,439,440;,
   3;440,471,470;,
   3;471,440,441;,
   3;441,472,471;,
   3;472,441,442;,
   3;442,473,472;,
   3;473,442,443;,
   3;443,474,473;,
   3;474,443,444;,
   3;444,475,474;,
   3;475,444,445;,
   3;445,476,475;,
   3;476,445,446;,
   3;446,477,476;,
   3;477,446,447;,
   3;447,478,477;,
   3;478,447,448;,
   3;448,479,478;,
   3;479,448,449;,
   3;449,450,479;,
   3;450,449,421;,
   3;450,481,480;,
   3;481,450,451;,
   3;451,482,481;,
   3;482,451,452;,
   3;452,483,482;,
   3;483,452,453;,
   3;453,484,483;,
   3;484,453,454;,
   3;454,485,484;,
   3;485,454,455;,
   3;455,486,485;,
   3;486,455,456;,
   3;456,487,486;,
   3;487,456,457;,
   3;457,488,487;,
   3;488,457,458;,
   3;458,489,488;,
   3;489,458,459;,
   3;459,490,489;,
   3;490,459,460;,
   3;683,492,491;,
   3;492,683,461;,
   3;461,493,492;,
   3;493,461,462;,
   3;462,494,493;,
   3;494,462,463;,
   3;463,495,494;,
   3;495,463,464;,
   3;1091,495,464;,
   3;495,1091,1093;,
   3;465,497,496;,
   3;497,465,466;,
   3;466,498,497;,
   3;498,466,467;,
   3;467,499,498;,
   3;499,467,468;,
   3;469,501,500;,
   3;501,469,470;,
   3;470,502,501;,
   3;502,470,471;,
   3;471,503,502;,
   3;503,471,472;,
   3;472,504,503;,
   3;504,472,473;,
   3;473,505,504;,
   3;505,473,474;,
   3;474,506,505;,
   3;506,474,475;,
   3;475,507,506;,
   3;507,475,476;,
   3;476,508,507;,
   3;508,476,477;,
   3;477,509,508;,
   3;509,477,478;,
   3;478,510,509;,
   3;510,478,479;,
   3;479,480,510;,
   3;480,479,450;,
   3;480,512,511;,
   3;512,480,481;,
   3;481,513,512;,
   3;513,481,482;,
   3;482,514,513;,
   3;514,482,483;,
   3;483,515,514;,
   3;515,483,484;,
   3;484,516,515;,
   3;516,484,485;,
   3;485,517,516;,
   3;517,485,486;,
   3;486,518,517;,
   3;518,486,487;,
   3;487,519,518;,
   3;519,487,488;,
   3;488,520,519;,
   3;520,488,489;,
   3;489,521,520;,
   3;521,489,490;,
   3;491,522,521;,
   3;491,523,522;,
   3;523,491,492;,
   3;492,524,523;,
   3;524,492,493;,
   3;493,525,524;,
   3;525,493,494;,
   3;494,526,525;,
   3;526,494,495;,
   3;1093,526,495;,
   3;526,1093,1095;,
   3;1069,527,1071;,
   3;527,1069,496;,
   3;496,528,527;,
   3;528,496,497;,
   3;497,529,528;,
   3;529,497,498;,
   3;498,530,529;,
   3;530,498,499;,
   3;530,499,531;,
   3;500,532,531;,
   3;532,500,501;,
   3;501,533,532;,
   3;533,501,502;,
   3;502,534,533;,
   3;534,502,503;,
   3;503,535,534;,
   3;535,503,504;,
   3;504,536,535;,
   3;536,504,505;,
   3;505,537,536;,
   3;537,505,506;,
   3;506,538,537;,
   3;538,506,507;,
   3;507,539,538;,
   3;539,507,508;,
   3;508,540,539;,
   3;540,508,509;,
   3;509,541,540;,
   3;541,509,510;,
   3;510,511,541;,
   3;511,510,480;,
   3;511,543,542;,
   3;543,511,512;,
   3;512,544,543;,
   3;544,512,513;,
   3;513,545,544;,
   3;545,513,514;,
   3;514,546,545;,
   3;546,514,515;,
   3;515,547,546;,
   3;547,515,516;,
   3;516,548,547;,
   3;548,516,517;,
   3;517,549,548;,
   3;549,517,518;,
   3;518,550,549;,
   3;550,518,519;,
   3;519,551,550;,
   3;551,519,520;,
   3;520,552,551;,
   3;552,520,521;,
   3;522,523,554;,
   3;523,555,554;,
   3;555,523,524;,
   3;524,556,555;,
   3;556,524,525;,
   3;525,557,556;,
   3;557,525,526;,
   3;527,559,558;,
   3;559,527,528;,
   3;528,560,559;,
   3;560,528,529;,
   3;529,530,560;,
   3;531,561,530;,
   3;561,531,562;,
   3;531,563,562;,
   3;563,531,532;,
   3;532,564,563;,
   3;564,532,533;,
   3;533,565,564;,
   3;565,533,534;,
   3;534,566,565;,
   3;566,534,535;,
   3;535,567,566;,
   3;567,535,536;,
   3;536,568,567;,
   3;568,536,537;,
   3;537,569,568;,
   3;569,537,538;,
   3;538,570,569;,
   3;570,538,539;,
   3;539,571,570;,
   3;571,539,540;,
   3;540,572,571;,
   3;572,540,541;,
   3;541,542,572;,
   3;542,541,511;,
   3;542,574,573;,
   3;574,542,543;,
   3;543,575,574;,
   3;575,543,544;,
   3;544,576,575;,
   3;576,544,545;,
   3;545,577,576;,
   3;577,545,546;,
   3;546,578,577;,
   3;578,546,547;,
   3;547,579,578;,
   3;579,547,548;,
   3;548,580,579;,
   3;580,548,549;,
   3;549,581,580;,
   3;581,549,550;,
   3;550,582,581;,
   3;582,550,551;,
   3;551,583,582;,
   3;583,551,552;,
   3;552,584,583;,
   3;584,552,553;,
   3;554,584,553;,
   3;584,554,585;,
   3;554,586,585;,
   3;586,554,555;,
   3;555,587,586;,
   3;587,555,556;,
   3;556,588,587;,
   3;588,556,557;,
   3;590,1077,558;,
   3;1077,589,1079;,
   3;590,589,1077;,
   3;558,591,590;,
   3;591,558,559;,
   3;559,592,591;,
   3;592,559,560;,
   3;560,593,592;,
   3;593,560,561;,
   3;561,594,593;,
   3;594,561,562;,
   3;562,595,594;,
   3;595,562,563;,
   3;563,596,595;,
   3;596,563,564;,
   3;564,597,596;,
   3;597,564,565;,
   3;565,598,597;,
   3;598,565,566;,
   3;566,599,598;,
   3;599,566,567;,
   3;567,600,599;,
   3;600,567,568;,
   3;568,601,600;,
   3;601,568,569;,
   3;569,602,601;,
   3;602,569,570;,
   3;570,603,602;,
   3;603,570,571;,
   3;571,604,603;,
   3;604,571,572;,
   3;572,573,604;,
   3;573,572,542;,
   3;573,606,605;,
   3;606,573,574;,
   3;574,607,606;,
   3;607,574,575;,
   3;575,608,607;,
   3;608,575,576;,
   3;576,609,608;,
   3;609,576,577;,
   3;577,610,609;,
   3;610,577,578;,
   3;578,611,610;,
   3;611,578,579;,
   3;579,612,611;,
   3;612,579,580;,
   3;580,613,612;,
   3;613,580,581;,
   3;581,614,613;,
   3;614,581,582;,
   3;582,615,614;,
   3;615,582,583;,
   3;583,616,615;,
   3;616,583,584;,
   3;585,586,618;,
   3;586,619,618;,
   3;619,586,587;,
   3;587,688,619;,
   3;688,587,588;,
   3;588,620,688;,
   3;620,588,589;,
   3;589,689,620;,
   3;689,589,590;,
   3;591,689,590;,
   3;689,591,687;,
   3;621,591,592;,
   3;591,621,687;,
   3;592,593,621;,
   3;593,623,622;,
   3;623,593,594;,
   3;594,624,623;,
   3;624,594,595;,
   3;595,625,624;,
   3;625,595,596;,
   3;596,626,625;,
   3;626,596,597;,
   3;597,627,626;,
   3;627,597,598;,
   3;598,628,627;,
   3;628,598,599;,
   3;599,629,628;,
   3;629,599,600;,
   3;600,630,629;,
   3;630,600,601;,
   3;601,631,630;,
   3;631,601,602;,
   3;602,632,631;,
   3;632,602,603;,
   3;603,633,632;,
   3;633,603,604;,
   3;604,605,633;,
   3;605,604,573;,
   3;605,634,658;,
   3;634,605,606;,
   3;606,635,634;,
   3;635,606,607;,
   3;635,607,608;,
   3;608,636,635;,
   3;636,608,609;,
   3;636,609,610;,
   3;610,637,636;,
   3;637,610,611;,
   3;611,638,637;,
   3;638,611,612;,
   3;612,639,638;,
   3;639,612,613;,
   3;613,640,639;,
   3;640,613,614;,
   3;614,641,640;,
   3;641,614,615;,
   3;615,642,641;,
   3;642,615,616;,
   3;616,643,642;,
   3;643,616,617;,
   3;618,619,684;,
   3;646,689,687;,
   3;687,647,646;,
   3;647,687,621;,
   3;647,621,622;,
   3;622,648,647;,
   3;648,622,623;,
   3;623,649,648;,
   3;649,623,624;,
   3;624,650,649;,
   3;650,624,625;,
   3;625,651,650;,
   3;651,625,626;,
   3;626,652,651;,
   3;652,626,627;,
   3;627,653,652;,
   3;653,627,628;,
   3;628,654,653;,
   3;654,628,629;,
   3;629,655,654;,
   3;655,629,630;,
   3;630,656,655;,
   3;656,630,631;,
   3;631,657,656;,
   3;657,631,632;,
   3;632,658,657;,
   3;658,632,633;,
   3;658,633,605;,
   3;658,659,669;,
   3;659,658,634;,
   3;659,634,635;,
   3;660,635,636;,
   3;635,660,659;,
   3;636,661,660;,
   3;661,636,637;,
   3;661,637,638;,
   3;661,638,639;,
   3;639,662,661;,
   3;662,639,640;,
   3;662,640,641;,
   3;662,641,642;,
   3;642,663,662;,
   3;663,642,643;,
   3;663,643,644;,
   3;663,644,684;,
   3;684,664,663;,
   3;664,684,645;,
   3;664,645,646;,
   3;665,646,647;,
   3;646,665,664;,
   3;666,647,648;,
   3;647,666,665;,
   3;666,648,649;,
   3;649,667,666;,
   3;667,649,650;,
   3;667,650,651;,
   3;667,651,652;,
   3;652,668,667;,
   3;668,652,653;,
   3;668,653,654;,
   3;668,654,655;,
   3;655,669,668;,
   3;669,655,656;,
   3;669,656,657;,
   3;669,657,658;,
   3;670,659,660;,
   3;659,670,677;,
   3;660,671,670;,
   3;671,660,661;,
   3;671,661,662;,
   3;672,662,663;,
   3;662,672,671;,
   3;663,673,672;,
   3;673,663,664;,
   3;673,664,665;,
   3;674,665,666;,
   3;665,674,673;,
   3;666,675,674;,
   3;675,666,667;,
   3;675,667,668;,
   3;676,668,669;,
   3;668,676,675;,
   3;677,669,659;,
   3;669,677,676;,
   3;677,678,681;,
   3;678,677,670;,
   3;678,670,671;,
   3;679,671,672;,
   3;671,679,678;,
   3;679,672,673;,
   3;680,673,674;,
   3;673,680,679;,
   3;674,681,680;,
   3;681,674,675;,
   3;681,675,676;,
   3;681,676,677;,
   3;682,678,679;,
   3;682,679,680;,
   3;682,680,681;,
   3;682,681,678;,
   3;1083,382,391;,
   3;382,1083,390;,
   3;407,433,432;,
   3;390,408,407;,
   3;491,460,683;,
   3;460,491,490;,
   3;683,431,432;,
   3;431,683,460;,
   3;433,683,432;,
   3;521,490,491;,
   3;522,554,553;,
   3;553,521,522;,
   3;521,553,552;,
   3;585,618,617;,
   3;617,584,585;,
   3;584,617,616;,
   3;684,644,618;,
   3;618,643,617;,
   3;643,618,644;,
   3;619,645,684;,
   3;645,619,688;,
   3;383,391,382;,
   3;439,468,686;,
   3;468,439,469;,
   3;469,499,468;,
   3;499,469,500;,
   3;531,499,500;,
   3;560,530,561;,
   3;621,593,622;,
   3;646,620,689;,
   3;620,645,688;,
   3;645,620,646;,
   3;361,123,106;,
   3;365,367,366;,
   3;362,364,363;,
   3;362,361,364;,
   3;362,123,361;,
   3;361,106,356;,
   3;356,355,357;,
   3;356,145,355;,
   3;145,356,106;,
   3;355,145,353;,
   3;353,145,350;,
   3;350,145,348;,
   3;346,349,145;,
   3;349,346,345;,
   3;348,145,349;,
   3;346,145,342;,
   3;342,145,336;,
   3;153,336,145;,
   3;336,153,337;,
   3;337,153,332;,
   3;332,327,333;,
   3;327,153,328;,
   3;327,332,153;,
   3;328,153,329;,
   3;322,329,153;,
   3;329,322,319;,
   3;319,322,320;,
   3;320,322,321;,
   3;324,153,325;,
   3;325,153,326;,
   3;326,153,330;,
   3;330,153,331;,
   3;331,153,334;,
   3;334,163,341;,
   3;334,153,163;,
   3;341,338,340;,
   3;341,163,338;,
   3;334,341,335;,
   3;339,344,343;,
   3;135,338,163;,
   3;338,135,339;,
   3;344,135,347;,
   3;344,339,135;,
   3;347,135,351;,
   3;351,135,352;,
   3;352,135,354;,
   3;354,135,360;,
   3;360,135,358;,
   3;358,123,359;,
   3;123,358,135;,
   3;373,372,371;,
   3;359,123,373;,
   3;372,373,123;,
   3;372,123,370;,
   3;368,370,365;,
   3;370,368,369;,
   3;365,370,123;,
   3;703,160,704;,
   3;160,703,705;,
   3;729,727,198;,
   3;734,742,735;,
   3;742,734,126;,
   3;160,698,697;,
   3;753,752,751;,
   3;753,751,759;,
   3;751,752,755;,
   3;752,756,755;,
   3;757,752,753;,
   3;752,757,756;,
   3;753,758,757;,
   3;767,753,759;,
   3;753,767,758;,
   3;754,759,751;,
   3;754,760,770;,
   3;754,761,760;,
   3;761,754,755;,
   3;762,755,756;,
   3;755,762,761;,
   3;756,763,762;,
   3;756,764,763;,
   3;764,756,757;,
   3;765,757,758;,
   3;757,765,764;,
   3;766,758,767;,
   3;758,766,765;,
   3;768,767,759;,
   3;759,769,768;,
   3;759,1057,769;,
   3;1061,772,760;,
   3;760,773,1061;,
   3;773,760,761;,
   3;761,774,773;,
   3;761,775,774;,
   3;761,776,775;,
   3;776,761,762;,
   3;762,777,776;,
   3;762,778,777;,
   3;762,779,778;,
   3;779,762,763;,
   3;763,780,779;,
   3;781,763,764;,
   3;763,781,780;,
   3;764,782,781;,
   3;764,783,782;,
   3;783,764,765;,
   3;765,784,783;,
   3;765,785,784;,
   3;765,786,785;,
   3;786,765,766;,
   3;766,787,786;,
   3;766,788,787;,
   3;766,789,788;,
   3;789,766,767;,
   3;767,790,789;,
   3;767,791,790;,
   3;795,769,1057;,
   3;769,795,794;,
   3;1141,795,1057;,
   3;1057,1143,1141;,
   3;1155,770,771;,
   3;771,797,796;,
   3;797,771,772;,
   3;772,798,797;,
   3;798,772,1061;,
   3;798,1061,799;,
   3;773,799,1061;,
   3;799,773,1062;,
   3;773,800,1062;,
   3;800,773,774;,
   3;774,801,800;,
   3;801,774,775;,
   3;775,802,801;,
   3;802,775,776;,
   3;776,803,802;,
   3;803,776,777;,
   3;777,804,803;,
   3;804,777,778;,
   3;778,805,804;,
   3;805,778,779;,
   3;779,806,805;,
   3;806,779,780;,
   3;780,807,806;,
   3;807,780,781;,
   3;781,808,807;,
   3;781,809,808;,
   3;809,781,782;,
   3;782,810,809;,
   3;782,811,810;,
   3;811,782,783;,
   3;783,812,811;,
   3;812,783,784;,
   3;784,813,812;,
   3;813,784,785;,
   3;785,814,813;,
   3;814,785,786;,
   3;786,815,814;,
   3;815,786,787;,
   3;787,816,815;,
   3;816,787,788;,
   3;788,817,816;,
   3;817,788,789;,
   3;789,818,817;,
   3;818,789,790;,
   3;819,849,1056;,
   3;792,820,819;,
   3;820,792,793;,
   3;820,794,821;,
   3;794,820,793;,
   3;794,822,821;,
   3;822,794,795;,
   3;795,823,822;,
   3;823,795,1141;,
   3;1141,1139,823;,
   3;771,796,1167;,
   3;796,825,824;,
   3;825,796,797;,
   3;797,826,825;,
   3;826,797,798;,
   3;798,827,826;,
   3;827,798,799;,
   3;1062,827,799;,
   3;827,1062,828;,
   3;800,828,1062;,
   3;828,800,829;,
   3;800,830,829;,
   3;830,800,801;,
   3;801,831,830;,
   3;831,801,802;,
   3;802,832,831;,
   3;832,802,803;,
   3;803,833,832;,
   3;833,803,804;,
   3;804,834,833;,
   3;834,804,805;,
   3;805,835,834;,
   3;835,805,806;,
   3;806,836,835;,
   3;836,806,807;,
   3;807,837,836;,
   3;837,807,808;,
   3;808,838,837;,
   3;838,808,809;,
   3;809,839,838;,
   3;839,809,810;,
   3;810,840,839;,
   3;840,810,811;,
   3;811,841,840;,
   3;841,811,812;,
   3;812,842,841;,
   3;842,812,813;,
   3;813,843,842;,
   3;843,813,814;,
   3;814,844,843;,
   3;844,814,815;,
   3;815,845,844;,
   3;845,815,816;,
   3;816,846,845;,
   3;846,816,817;,
   3;817,847,846;,
   3;847,817,818;,
   3;819,850,849;,
   3;850,819,820;,
   3;820,851,850;,
   3;851,820,821;,
   3;821,852,851;,
   3;852,821,822;,
   3;822,853,852;,
   3;853,822,823;,
   3;823,1135,853;,
   3;1135,823,1139;,
   3;1167,824,1163;,
   3;824,1167,796;,
   3;824,855,854;,
   3;855,824,825;,
   3;825,856,855;,
   3;856,825,826;,
   3;826,857,856;,
   3;857,826,827;,
   3;827,858,857;,
   3;858,827,828;,
   3;829,858,828;,
   3;858,829,859;,
   3;829,860,859;,
   3;860,829,830;,
   3;830,861,860;,
   3;861,830,831;,
   3;831,862,861;,
   3;862,831,832;,
   3;832,863,862;,
   3;863,832,833;,
   3;833,864,863;,
   3;864,833,834;,
   3;834,865,864;,
   3;865,834,835;,
   3;835,866,865;,
   3;866,835,836;,
   3;836,867,866;,
   3;867,836,837;,
   3;837,868,867;,
   3;868,837,838;,
   3;838,869,868;,
   3;869,838,839;,
   3;839,870,869;,
   3;870,839,840;,
   3;840,871,870;,
   3;871,840,841;,
   3;841,872,871;,
   3;872,841,842;,
   3;842,873,872;,
   3;873,842,843;,
   3;843,874,873;,
   3;874,843,844;,
   3;844,875,874;,
   3;875,844,845;,
   3;845,876,875;,
   3;876,845,846;,
   3;846,877,876;,
   3;877,846,847;,
   3;847,878,877;,
   3;878,847,848;,
   3;849,850,880;,
   3;850,881,880;,
   3;881,850,851;,
   3;851,882,881;,
   3;882,851,852;,
   3;852,883,882;,
   3;883,852,853;,
   3;853,884,883;,
   3;884,853,1135;,
   3;884,1135,1137;,
   3;1163,854,1165;,
   3;854,1163,824;,
   3;854,886,885;,
   3;886,854,855;,
   3;855,887,886;,
   3;887,855,856;,
   3;856,888,887;,
   3;888,856,857;,
   3;857,858,888;,
   3;859,889,858;,
   3;889,859,890;,
   3;859,891,890;,
   3;891,859,860;,
   3;860,892,891;,
   3;892,860,861;,
   3;861,893,892;,
   3;893,861,862;,
   3;862,894,893;,
   3;894,862,863;,
   3;863,895,894;,
   3;895,863,864;,
   3;864,896,895;,
   3;896,864,865;,
   3;865,897,896;,
   3;897,865,866;,
   3;866,898,897;,
   3;898,866,867;,
   3;867,899,898;,
   3;899,867,868;,
   3;868,900,899;,
   3;900,868,869;,
   3;869,901,900;,
   3;901,869,870;,
   3;870,902,901;,
   3;902,870,871;,
   3;871,903,902;,
   3;903,871,872;,
   3;872,904,903;,
   3;904,872,873;,
   3;873,905,904;,
   3;905,873,874;,
   3;874,906,905;,
   3;906,874,875;,
   3;875,907,906;,
   3;907,875,876;,
   3;876,908,907;,
   3;908,876,877;,
   3;877,909,908;,
   3;909,877,878;,
   3;878,910,909;,
   3;910,878,879;,
   3;881,912,911;,
   3;912,881,882;,
   3;882,913,912;,
   3;913,882,883;,
   3;883,914,913;,
   3;914,883,884;,
   3;1165,885,915;,
   3;885,1165,854;,
   3;885,917,916;,
   3;917,885,886;,
   3;886,918,917;,
   3;918,886,887;,
   3;887,888,918;,
   3;888,920,919;,
   3;920,888,889;,
   3;889,921,920;,
   3;921,889,890;,
   3;890,922,921;,
   3;922,890,891;,
   3;891,923,922;,
   3;923,891,892;,
   3;892,924,923;,
   3;924,892,893;,
   3;893,925,924;,
   3;925,893,894;,
   3;894,926,925;,
   3;926,894,895;,
   3;895,927,926;,
   3;927,895,896;,
   3;896,928,927;,
   3;928,896,897;,
   3;897,929,928;,
   3;929,897,898;,
   3;898,930,929;,
   3;930,898,899;,
   3;899,931,930;,
   3;931,899,900;,
   3;900,932,931;,
   3;932,900,901;,
   3;901,933,932;,
   3;933,901,902;,
   3;902,934,933;,
   3;934,902,903;,
   3;903,935,934;,
   3;935,903,904;,
   3;904,936,935;,
   3;936,904,905;,
   3;905,937,936;,
   3;937,905,906;,
   3;906,938,937;,
   3;938,906,907;,
   3;907,939,938;,
   3;939,907,908;,
   3;908,940,939;,
   3;940,908,909;,
   3;909,941,940;,
   3;941,909,910;,
   3;910,942,941;,
   3;942,910,1058;,
   3;911,943,1058;,
   3;911,944,943;,
   3;944,911,912;,
   3;912,945,944;,
   3;945,912,913;,
   3;913,946,945;,
   3;946,913,914;,
   3;946,1149,1147;,
   3;1149,946,914;,
   3;915,916,947;,
   3;916,915,885;,
   3;916,949,948;,
   3;949,916,917;,
   3;918,951,950;,
   3;951,918,919;,
   3;919,952,951;,
   3;952,919,920;,
   3;920,953,952;,
   3;953,920,921;,
   3;921,954,953;,
   3;954,921,922;,
   3;922,955,954;,
   3;955,922,923;,
   3;923,956,955;,
   3;956,923,924;,
   3;924,957,956;,
   3;957,924,925;,
   3;925,958,957;,
   3;958,925,926;,
   3;926,959,958;,
   3;959,926,927;,
   3;927,960,959;,
   3;960,927,928;,
   3;928,961,960;,
   3;961,928,929;,
   3;929,962,961;,
   3;962,929,930;,
   3;930,963,962;,
   3;963,930,931;,
   3;931,964,963;,
   3;964,931,932;,
   3;932,965,964;,
   3;965,932,933;,
   3;933,966,965;,
   3;966,933,934;,
   3;934,967,966;,
   3;967,934,935;,
   3;935,968,967;,
   3;968,935,936;,
   3;936,969,968;,
   3;969,936,937;,
   3;937,970,969;,
   3;970,937,938;,
   3;938,971,970;,
   3;971,938,939;,
   3;939,972,971;,
   3;972,939,940;,
   3;940,973,972;,
   3;973,940,941;,
   3;941,974,973;,
   3;974,941,942;,
   3;943,944,976;,
   3;944,977,976;,
   3;977,944,945;,
   3;945,978,977;,
   3;978,945,946;,
   3;1153,947,979;,
   3;947,1153,1157;,
   3;947,948,979;,
   3;948,947,916;,
   3;948,949,1059;,
   3;950,980,949;,
   3;980,950,981;,
   3;950,982,981;,
   3;982,950,951;,
   3;951,983,982;,
   3;983,951,952;,
   3;952,984,983;,
   3;984,952,953;,
   3;953,985,984;,
   3;985,953,954;,
   3;954,986,985;,
   3;986,954,955;,
   3;955,987,986;,
   3;987,955,956;,
   3;956,988,987;,
   3;988,956,957;,
   3;957,989,988;,
   3;989,957,958;,
   3;958,990,989;,
   3;990,958,959;,
   3;959,991,990;,
   3;991,959,960;,
   3;960,992,991;,
   3;992,960,961;,
   3;961,993,992;,
   3;993,961,962;,
   3;962,994,993;,
   3;994,962,963;,
   3;963,995,994;,
   3;995,963,964;,
   3;964,996,995;,
   3;996,964,965;,
   3;965,997,996;,
   3;997,965,966;,
   3;966,998,997;,
   3;998,966,967;,
   3;967,999,998;,
   3;999,967,968;,
   3;968,1000,999;,
   3;1000,968,969;,
   3;969,1001,1000;,
   3;1001,969,970;,
   3;970,1002,1001;,
   3;1002,970,971;,
   3;971,1003,1002;,
   3;1003,971,972;,
   3;972,1004,1003;,
   3;1004,972,973;,
   3;973,1005,1004;,
   3;1005,973,974;,
   3;974,1006,1005;,
   3;1006,974,975;,
   3;976,977,1008;,
   3;977,1060,1008;,
   3;1060,977,978;,
   3;978,1009,1060;,
   3;1009,978,979;,
   3;948,1009,979;,
   3;1009,948,1059;,
   3;1010,1059,980;,
   3;1059,1034,1009;,
   3;1010,1034,1059;,
   3;980,1011,1010;,
   3;1011,980,981;,
   3;1011,981,982;,
   3;982,1012,1011;,
   3;1012,982,983;,
   3;1012,983,984;,
   3;984,1013,1012;,
   3;1013,984,985;,
   3;985,1014,1013;,
   3;1014,985,986;,
   3;986,1015,1014;,
   3;1015,986,987;,
   3;987,1016,1015;,
   3;1016,987,988;,
   3;988,1017,1016;,
   3;1017,988,989;,
   3;989,1018,1017;,
   3;1018,989,990;,
   3;990,1019,1018;,
   3;1019,990,991;,
   3;991,1020,1019;,
   3;1020,991,992;,
   3;992,1021,1020;,
   3;1021,992,993;,
   3;993,1022,1021;,
   3;1022,993,994;,
   3;1022,994,995;,
   3;995,1023,1022;,
   3;1023,995,996;,
   3;1023,996,997;,
   3;997,1024,1023;,
   3;1024,997,998;,
   3;1024,998,999;,
   3;999,1025,1024;,
   3;1025,999,1000;,
   3;1000,1026,1025;,
   3;1026,1000,1001;,
   3;1001,1027,1026;,
   3;1027,1001,1002;,
   3;1002,1028,1027;,
   3;1028,1002,1003;,
   3;1003,1029,1028;,
   3;1029,1003,1004;,
   3;1004,1030,1029;,
   3;1030,1004,1005;,
   3;1005,1031,1030;,
   3;1031,1005,1006;,
   3;1006,1032,1031;,
   3;1032,1006,1007;,
   3;1035,1010,1011;,
   3;1036,1011,1012;,
   3;1011,1036,1035;,
   3;1012,1037,1036;,
   3;1037,1012,1013;,
   3;1037,1013,1014;,
   3;1037,1014,1015;,
   3;1015,1038,1037;,
   3;1038,1015,1016;,
   3;1038,1016,1017;,
   3;1038,1017,1018;,
   3;1018,1039,1038;,
   3;1039,1018,1019;,
   3;1039,1019,1020;,
   3;1039,1020,1021;,
   3;1021,1040,1039;,
   3;1040,1021,1022;,
   3;1040,1022,1023;,
   3;1041,1023,1024;,
   3;1023,1041,1040;,
   3;1024,1042,1041;,
   3;1042,1024,1025;,
   3;1042,1025,1026;,
   3;1042,1026,1027;,
   3;1027,1050,1042;,
   3;1050,1027,1028;,
   3;1050,1028,1029;,
   3;1050,1029,1030;,
   3;1030,1043,1050;,
   3;1043,1030,1031;,
   3;1043,1031,1032;,
   3;1043,1032,1033;,
   3;1044,1033,1034;,
   3;1033,1044,1043;,
   3;1034,1035,1044;,
   3;1035,1034,1010;,
   3;1045,1035,1036;,
   3;1046,1036,1037;,
   3;1036,1046,1045;,
   3;1037,1047,1046;,
   3;1047,1037,1038;,
   3;1047,1038,1039;,
   3;1048,1039,1040;,
   3;1039,1048,1047;,
   3;1048,1040,1041;,
   3;1049,1041,1042;,
   3;1041,1049,1048;,
   3;1042,1050,1049;,
   3;1051,1043,1044;,
   3;1043,1051,1050;,
   3;1044,1045,1051;,
   3;1045,1044,1035;,
   3;1052,1045,1046;,
   3;1045,1052,1054;,
   3;1052,1046,1047;,
   3;1047,1053,1052;,
   3;1053,1047,1048;,
   3;1053,1048,1049;,
   3;1049,1054,1053;,
   3;1054,1049,1050;,
   3;1054,1050,1051;,
   3;1054,1051,1045;,
   3;1055,1054,1052;,
   3;1055,1052,1053;,
   3;1055,1053,1054;,
   3;792,767,768;,
   3;767,792,791;,
   3;794,793,769;,
   3;768,793,792;,
   3;793,768,769;,
   3;818,791,1056;,
   3;791,818,790;,
   3;1056,849,848;,
   3;848,818,1056;,
   3;818,848,847;,
   3;849,880,879;,
   3;849,878,848;,
   3;878,849,879;,
   3;1058,879,880;,
   3;879,1058,910;,
   3;792,1056,791;,
   3;759,770,1057;,
   3;770,759,754;,
   3;771,760,772;,
   3;760,771,770;,
   3;942,1058,943;,
   3;943,976,975;,
   3;974,943,975;,
   3;943,974,942;,
   3;980,1059,949;,
   3;976,1008,1007;,
   3;976,1006,975;,
   3;1006,976,1007;,
   3;1060,1033,1008;,
   3;1008,1032,1007;,
   3;1032,1008,1033;,
   3;1009,1033,1060;,
   3;1033,1009,1034;,
   3;881,1058,880;,
   3;1058,881,911;,
   3;888,858,889;,
   3;918,888,919;,
   3;917,950,949;,
   3;950,917,918;,
   3;704,160,707;,
   3;707,160,690;,
   3;690,160,691;,
   3;691,160,692;,
   3;692,160,693;,
   3;693,160,694;,
   3;694,160,695;,
   3;160,696,695;,
   3;696,160,697;,
   3;198,719,729;,
   3;719,198,720;,
   3;729,719,1063;,
   3;717,720,198;,
   3;720,717,718;,
   3;717,198,715;,
   3;715,158,714;,
   3;198,158,715;,
   3;158,198,170;,
   3;714,158,710;,
   3;710,158,711;,
   3;711,158,700;,
   3;700,158,701;,
   3;701,158,702;,
   3;158,706,702;,
   3;706,158,161;,
   3;729,1063,724;,
   3;724,1064,729;,
   3;1064,724,723;,
   3;738,126,143;,
   3;739,126,740;,
   3;126,741,742;,
   3;739,741,126;,
   3;126,746,740;,
   3;746,126,747;,
   3;747,126,750;,
   3;750,126,749;,
   3;749,126,748;,
   3;748,126,745;,
   3;745,126,743;,
   3;126,744,743;,
   3;744,126,738;,
   3;738,143,737;,
   3;737,143,732;,
   3;725,732,143;,
   3;732,725,733;,
   3;725,728,726;,
   3;725,195,728;,
   3;725,143,195;,
   3;698,160,699;,
   3;699,160,708;,
   3;708,160,709;,
   3;709,160,712;,
   3;712,160,713;,
   3;713,150,716;,
   3;713,160,150;,
   3;716,150,722;,
   3;722,150,721;,
   3;126,721,150;,
   3;721,126,730;,
   3;730,126,731;,
   3;731,126,736;,
   3;736,126,734;,
   3;589,1081,1079;,
   3;1097,1098,1099;,
   3;1097,1099,1100;,
   3;1102,1097,1101;,
   3;1103,1097,1102;,
   3;1097,1104,1098;,
   3;1104,1097,1103;,
   3;1066,1098,1104;,
   3;1067,1098,1066;,
   3;1098,1070,1099;,
   3;1070,1098,1067;,
   3;1072,1099,1070;,
   3;1105,1099,1072;,
   3;1099,1106,1100;,
   3;1106,1099,1105;,
   3;1107,1100,1106;,
   3;1108,1100,1107;,
   3;1100,1101,1097;,
   3;1101,1100,1108;,
   3;1101,1112,1102;,
   3;1112,1101,1111;,
   3;1102,1113,1103;,
   3;1113,1102,1112;,
   3;1103,1109,1104;,
   3;1109,1103,1113;,
   3;1105,1114,1106;,
   3;1114,1105,1110;,
   3;1106,1115,1107;,
   3;1115,1106,1114;,
   3;1108,1107,1115;,
   3;1111,1108,1116;,
   3;1108,1111,1101;,
   3;1108,1122,1116;,
   3;1111,1118,1112;,
   3;1118,1111,1117;,
   3;1112,1119,1113;,
   3;1119,1112,1118;,
   3;1121,1082,1120;,
   3;1082,1121,1114;,
   3;1114,1122,1115;,
   3;1122,1114,1121;,
   3;1116,1117,1111;,
   3;1117,1124,1118;,
   3;1124,1117,1123;,
   3;1118,1125,1119;,
   3;1125,1118,1124;,
   3;1119,1126,1086;,
   3;1126,1119,1125;,
   3;1127,1087,1096;,
   3;1087,1127,1120;,
   3;1120,1128,1121;,
   3;1128,1120,1127;,
   3;1121,1129,1122;,
   3;1129,1121,1128;,
   3;1122,1130,1116;,
   3;1130,1122,1129;,
   3;1116,1123,1117;,
   3;1123,1116,1130;,
   3;1123,1131,1124;,
   3;1124,1131,1125;,
   3;1125,1132,1126;,
   3;1132,1125,1131;,
   3;1126,1132,1090;,
   3;1090,1132,1092;,
   3;1092,1133,1094;,
   3;1133,1092,1132;,
   3;1094,1133,1096;,
   3;1096,1133,1127;,
   3;1127,1133,1128;,
   3;1128,1134,1129;,
   3;1134,1128,1133;,
   3;1129,1134,1130;,
   3;1130,1131,1123;,
   3;1131,1130,1134;,
   3;1132,1131,1133;,
   3;1133,1131,1134;,
   3;1109,1084,1073;,
   3;1084,1109,1113;,
   3;1109,1076,1066;,
   3;1076,1109,1073;,
   3;1090,1086,1126;,
   3;1066,1104,1109;,
   3;1072,1110,1105;,
   3;1114,1080,1082;,
   3;1080,1114,1110;,
   3;1087,1120,1082;,
   3;1078,1110,1072;,
   3;1110,1078,1080;,
   3;1065,410,436;,
   3;465,1065,436;,
   3;1065,465,1068;,
   3;496,1068,465;,
   3;1068,496,1069;,
   3;558,1071,527;,
   3;1071,558,1077;,
   3;1083,409,1074;,
   3;1074,409,1075;,
   3;588,1081,589;,
   3;588,1088,1081;,
   3;1088,588,557;,
   3;526,1088,557;,
   3;1088,526,1095;,
   3;1086,1113,1119;,
   3;1113,1086,1084;,
   3;1137,914,884;,
   3;914,1137,1151;,
   3;1159,915,947;,
   3;915,1159,1161;,
   3;1165,915,1161;,
   3;771,1167,1155;,
   3;1169,1170,1171;,
   3;1169,1171,1172;,
   3;1136,1169,1173;,
   3;1140,1169,1136;,
   3;1169,1174,1170;,
   3;1174,1169,1140;,
   3;1175,1170,1174;,
   3;1176,1170,1175;,
   3;1170,1177,1171;,
   3;1177,1170,1176;,
   3;1178,1171,1177;,
   3;1179,1171,1178;,
   3;1171,1180,1172;,
   3;1180,1171,1179;,
   3;1181,1172,1180;,
   3;1182,1172,1181;,
   3;1172,1173,1169;,
   3;1173,1172,1182;,
   3;1183,1140,1142;,
   3;1140,1183,1174;,
   3;1174,1184,1175;,
   3;1184,1174,1183;,
   3;1175,1185,1176;,
   3;1185,1175,1184;,
   3;1176,1186,1177;,
   3;1186,1176,1185;,
   3;1177,1187,1178;,
   3;1187,1177,1186;,
   3;1178,1188,1179;,
   3;1188,1178,1187;,
   3;1179,1189,1180;,
   3;1189,1179,1188;,
   3;1180,1190,1181;,
   3;1190,1180,1189;,
   3;1181,1150,1182;,
   3;1150,1181,1190;,
   3;1144,1184,1183;,
   3;1184,1144,1145;,
   3;1145,1191,1184;,
   3;1145,1156,1191;,
   3;1184,1192,1185;,
   3;1192,1184,1191;,
   3;1185,1193,1186;,
   3;1193,1185,1192;,
   3;1186,1194,1187;,
   3;1194,1186,1193;,
   3;1187,1195,1188;,
   3;1195,1187,1194;,
   3;1188,1196,1189;,
   3;1196,1188,1195;,
   3;1189,1197,1190;,
   3;1197,1189,1196;,
   3;1156,1202,1191;,
   3;1202,1156,1201;,
   3;1191,1203,1192;,
   3;1203,1191,1202;,
   3;1192,1204,1193;,
   3;1204,1192,1203;,
   3;1193,1205,1194;,
   3;1205,1193,1204;,
   3;1194,1206,1195;,
   3;1206,1194,1205;,
   3;1195,1207,1196;,
   3;1207,1195,1206;,
   3;1196,1208,1197;,
   3;1208,1196,1207;,
   3;1197,1209,1160;,
   3;1209,1197,1208;,
   3;1198,1210,1199;,
   3;1199,1210,1200;,
   3;1200,1211,1201;,
   3;1211,1200,1210;,
   3;1201,1211,1202;,
   3;1202,1211,1203;,
   3;1203,1212,1204;,
   3;1212,1203,1211;,
   3;1204,1212,1205;,
   3;1205,1212,1206;,
   3;1206,1213,1207;,
   3;1213,1206,1212;,
   3;1207,1213,1208;,
   3;1208,1213,1209;,
   3;1209,1210,1198;,
   3;1210,1209,1213;,
   3;1211,1210,1212;,
   3;1212,1210,1213;,
   3;1183,1142,1144;,
   3;1168,1199,1200;,
   3;1168,1164,1199;,
   3;1168,1201,1156;,
   3;1168,1200,1201;,
   3;1138,1136,1173;,
   3;1152,1182,1150;,
   3;1152,1173,1182;,
   3;1152,1138,1173;,
   3;1162,1160,1166;,
   3;1198,1164,1166;,
   3;1164,1198,1199;,
   3;1190,1148,1150;,
   3;1148,1190,1154;,
   3;1160,1190,1197;,
   3;1190,1158,1154;,
   3;1160,1158,1190;,
   3;47,226,58;,
   3;226,47,227;,
   3;375,380,379;,
   3;751,755,754;,
   3;1146,770,1155;,
   3;1146,1057,770;,
   3;1143,1057,1146;,
   3;819,1056,792;,
   3;1149,914,1151;,
   3;946,1153,978;,
   3;1153,946,1147;,
   3;1153,979,978;,
   3;1122,1108,1115;,
   3;1159,947,1157;,
   3;1160,1198,1166;,
   3;1198,1160,1209;,
   3;1215,1214,130;,
   3;1225,143,126;,
   3;1225,1221,143;,
   3;1221,1222,133;,
   3;1225,1222,1221;,
   3;1225,122,1222;,
   3;130,132,1215;,
   3;132,188,134;,
   3;1215,121,120;,
   3;1223,121,1215;,
   3;1216,1218,127;,
   3;189,1221,133;,
   3;1214,1218,130;,
   3;1218,1219,127;,
   3;1214,1219,1218;,
   3;1214,117,1219;,
   3;1214,119,117;,
   3;134,1215,132;,
   3;134,1223,1215;,
   3;1224,106,123;,
   3;1224,118,106;,
   3;1217,177,173;,
   3;1217,135,177;,
   3;128,135,1217;,
   3;1224,1220,118;,
   3;1220,135,128;,
   3;1224,135,1220;,
   3;1224,123,135;,
   3;1225,104,122;,
   3;1225,116,104;,
   3;1225,126,116;,
   3;1273,1226,1230;,
   3;1230,1226,1232;,
   3;1232,1238,1234;,
   3;1238,1232,1226;,
   3;1226,1239,1238;,
   3;1239,1226,1227;,
   3;1227,1240,1239;,
   3;1240,1227,1228;,
   3;1245,1251,1246;,
   3;1251,1245,1250;,
   3;1246,1252,1247;,
   3;1252,1246,1251;,
   3;1248,1255,1250;,
   3;1255,1248,1253;,
   3;1250,1256,1251;,
   3;1256,1250,1255;,
   3;1251,1257,1252;,
   3;1257,1251,1256;,
   3;1255,1262,1256;,
   3;1262,1255,1261;,
   3;1256,1263,1257;,
   3;1263,1256,1262;,
   3;1274,1286,1276;,
   3;1286,1274,1283;,
   3;1276,1288,1278;,
   3;1288,1276,1286;,
   3;1278,1290,1280;,
   3;1290,1278,1288;,
   3;1335,1346,1338;,
   3;1346,1335,1344;,
   3;1350,1342,1340;,
   3;1299,1306,1297;,
   3;1306,1299,1308;,
   3;1297,1304,1295;,
   3;1304,1297,1306;,
   3;1295,1302,1235;,
   3;1302,1295,1304;,
   3;1233,1249,1231;,
   3;1249,1233,1254;,
   3;1231,1242,1274;,
   3;1242,1231,1249;,
   3;1252,1268,1247;,
   3;1268,1252,1269;,
   3;1257,1269,1252;,
   3;1269,1257,1270;,
   3;1263,1270,1257;,
   3;1270,1263,1271;,
   3;1280,1290,1292;,
   3;1299,1312,1308;,
   3;1273,1277,1226;,
   3;1226,1279,1227;,
   3;1279,1226,1277;,
   3;1227,1281,1228;,
   3;1281,1227,1279;,
   3;1246,1287,1245;,
   3;1287,1246,1289;,
   3;1247,1289,1246;,
   3;1289,1247,1291;,
   3;1275,1243,1284;,
   3;1264,1291,1268;,
   3;1291,1264,1293;,
   3;1229,1294,1265;,
   3;1294,1229,1282;,
   3;1268,1291,1247;,
   3;1234,1238,1296;,
   3;1239,1296,1238;,
   3;1296,1239,1298;,
   3;1240,1298,1239;,
   3;1298,1240,1300;,
   3;1261,1307,1262;,
   3;1307,1261,1305;,
   3;1262,1309,1263;,
   3;1309,1262,1307;,
   3;1272,1310,1266;,
   3;1310,1272,1312;,
   3;1236,1303,1258;,
   3;1267,1301,1241;,
   3;1301,1267,1311;,
   3;1263,1312,1272;,
   3;1312,1263,1309;,
   3;1329,1269,1270;,
   3;1326,1269,1329;,
   3;1267,1318,1321;,
   3;1266,1332,1272;,
   3;1332,1266,1322;,
   3;1521,1345,1336;,
   3;1516,1518,1324;,
   3;1345,1518,1516;,
   3;1521,1518,1345;,
   3;1521,1313,1518;,
   3;1348,1327,1330;,
   3;1342,1519,1340;,
   3;1349,1333,1350;,
   3;1349,1331,1333;,
   3;1312,1299,1310;,
   3;1326,1268,1269;,
   3;1329,1272,1334;,
   3;1360,1352,1358;,
   3;1352,1360,1356;,
   3;1362,1356,1360;,
   3;1356,1362,1354;,
   3;1358,1354,1362;,
   3;1354,1358,1352;,
   3;1359,1363,1361;,
   3;1248,1355,1353;,
   3;1355,1248,1250;,
   3;1353,1244,1248;,
   3;1244,1353,1357;,
   3;1357,1378,1364;,
   3;1384,1386,1372;,
   3;1369,1372,1386;,
   3;1372,1369,1371;,
   3;1374,1376,1371;,
   3;1372,1371,1376;,
   3;1373,1377,1375;,
   3;1381,1388,1382;,
   3;1388,1371,1366;,
   3;1388,1374,1371;,
   3;1381,1374,1388;,
   3;1381,1379,1380;,
   3;1379,1381,1383;,
   3;1357,1364,1244;,
   3;1385,1357,1387;,
   3;1378,1357,1385;,
   3;1355,1387,1357;,
   3;1367,1245,1389;,
   3;1245,1370,1250;,
   3;1367,1370,1245;,
   3;1389,1391,1368;,
   3;1391,1389,1392;,
   3;1365,1287,1285;,
   3;1285,1364,1365;,
   3;1364,1285,1244;,
   3;1380,1372,1374;,
   3;1380,1384,1372;,
   3;1380,1379,1384;,
   3;1380,1374,1381;,
   3;1366,1371,1369;,
   3;1403,1395,1401;,
   3;1395,1403,1397;,
   3;1410,1397,1403;,
   3;1397,1410,1407;,
   3;1403,1405,1399;,
   3;1401,1399,1405;,
   3;1399,1401,1395;,
   3;1402,1406,1404;,
   3;1392,1389,1394;,
   3;1394,1245,1393;,
   3;1394,1389,1245;,
   3;1390,1287,1365;,
   3;1391,1365,1368;,
   3;1365,1391,1390;,
   3;1400,1412,1414;,
   3;1412,1400,1396;,
   3;1408,1411,1422;,
   3;1428,1411,1426;,
   3;1411,1428,1422;,
   3;1430,1422,1428;,
   3;1422,1430,1424;,
   3;1426,1424,1430;,
   3;1424,1426,1411;,
   3;1425,1420,1423;,
   3;1427,1431,1429;,
   3;1421,1415,1413;,
   3;1415,1421,1424;,
   3;1399,1410,1403;,
   3;1410,1399,1416;,
   3;1396,1409,1412;,
   3;1409,1396,1398;,
   3;1417,1287,1390;,
   3;1245,1417,1419;,
   3;1417,1245,1287;,
   3;1418,1390,1393;,
   3;1390,1418,1417;,
   3;1418,1393,1419;,
   3;1408,1421,1413;,
   3;1421,1408,1422;,
   3;1415,1424,1411;,
   3;1442,1444,1438;,
   3;1444,1446,1440;,
   3;1448,1440,1446;,
   3;1445,1449,1447;,
   3;1444,1440,1438;,
   3;1440,1448,1442;,
   3;1448,1444,1442;,
   3;1441,1443,1439;,
   3;1419,1393,1245;,
   3;1432,1253,1433;,
   3;1253,1432,1255;,
   3;1433,1253,1259;,
   3;1259,1437,1433;,
   3;1434,1260,1254;,
   3;1436,1260,1434;,
   3;1254,1435,1434;,
   3;1435,1254,1233;,
   3;1435,1237,1436;,
   3;1237,1435,1233;,
   3;1464,1456,1462;,
   3;1456,1464,1458;,
   3;1466,1458,1464;,
   3;1458,1466,1460;,
   3;1462,1460,1466;,
   3;1460,1462,1456;,
   3;1461,1457,1459;,
   3;1463,1467,1465;,
   3;1259,1455,1437;,
   3;1455,1259,1452;,
   3;1452,1469,1453;,
   3;1452,1259,1470;,
   3;1436,1237,1260;,
   3;1450,1437,1451;,
   3;1450,1432,1437;,
   3;1450,1255,1432;,
   3;1451,1437,1455;,
   3;1259,1471,1475;,
   3;1471,1259,1302;,
   3;1473,1472,1261;,
   3;1476,1482,1478;,
   3;1492,1478,1482;,
   3;1478,1492,1489;,
   3;1483,1485,1482;,
   3;1487,1482,1485;,
   3;1484,1488,1486;,
   3;1483,1482,1476;,
   3;1480,1482,1487;,
   3;1480,1483,1476;,
   3;1483,1480,1487;,
   3;1470,1259,1475;,
   3;1454,1255,1450;,
   3;1255,1469,1468;,
   3;1454,1469,1255;,
   3;1454,1453,1469;,
   3;1471,1261,1472;,
   3;1261,1471,1305;,
   3;1471,1302,1305;,
   3;1481,1494,1496;,
   3;1494,1481,1477;,
   3;1261,1499,1502;,
   3;1499,1261,1255;,
   3;1503,1473,1501;,
   3;1473,1503,1474;,
   3;1490,1493,1506;,
   3;1512,1493,1510;,
   3;1493,1512,1506;,
   3;1514,1506,1512;,
   3;1506,1514,1508;,
   3;1510,1508,1514;,
   3;1508,1510,1493;,
   3;1509,1504,1507;,
   3;1511,1515,1513;,
   3;1505,1497,1495;,
   3;1497,1505,1508;,
   3;1492,1482,1480;,
   3;1492,1480,1498;,
   3;1477,1491,1494;,
   3;1491,1477,1479;,
   3;1474,1255,1468;,
   3;1474,1499,1255;,
   3;1474,1500,1499;,
   3;1500,1474,1503;,
   3;1501,1261,1502;,
   3;1501,1473,1261;,
   3;1490,1505,1495;,
   3;1505,1490,1506;,
   3;1497,1508,1493;,
   3;1355,1370,1387;,
   3;1370,1355,1250;,
   3;1452,1470,1469;,
   3;1327,1348,1347;,
   3;1518,1268,1324;,
   3;1518,1264,1268;,
   3;1518,1313,1264;,
   3;1268,1326,1324;,
   3;1517,1346,1344;,
   3;1517,1328,1346;,
   3;1325,1328,1517;,
   3;1348,1339,1347;,
   3;1348,1341,1339;,
   3;1270,1272,1329;,
   3;1265,1241,1229;,
   3;1265,1267,1241;,
   3;1519,1323,1319;,
   3;1323,1519,1342;,
   3;1520,1339,1341;,
   3;1339,1320,1316;,
   3;1520,1320,1339;,
   3;1343,1332,1322;,
   3;1343,1351,1332;,
   3;1350,1340,1349;,
   3;1265,1314,1317;,
   3;1265,1317,1318;,
   3;1339,1522,1337;,
   3;1316,1522,1339;,
   3;1315,1522,1316;,
   3;1265,1318,1267;;
  }
 }
}
